node_id,head,u,v_x,v_y,v_mag,i_x,i_y,i_mag,q,phi
1,302.0,4680.0,-0.31558643393938546,0.16494040337663646,0.35609006438347257,-0.2607349197154354,0.15216115791317475,0.3018869264087013,1.356930010285782,42.181517654426315
2,300.42142738733446,-1034.5029310303296,0.004029750068462425,-0.013283521594265978,0.013881312314028652,0.04664062579238917,-0.15374446289659696,0.1606633369679242,-2.7977620220553945e-14,182.36336911449396
3,262.00046056360696,-3431.9712608309255,-0.02851386248852524,0.022938080593749983,0.03659502555457362,-0.33002155658015325,0.26548704390914324,0.4235535365112687,2.3092638912203256e-14,182.5479042890319
4,227.0,0.0,-51.012388680184884,-3.630545505551196,51.141418239291454,0.16750318963111,0.0350087338017619,0.17112255835803244,-137.79679840554945,56.30698989802043
5,231.31133420050014,269.02725411120883,0.36085770256595145,0.12608954847048262,0.3822523456234989,0.3070122483133634,0.051366680168432995,0.31127970773237434,1.680919823507329e-11,177.68963388540834
6,266.47573516784405,-2528.714125526531,-0.013252328525813425,0.02345376869935307,0.02693888411866464,0.16324960583294879,0.3137597814495976,0.3536886120020157,7.621387113023107e-15,181.71972571881506
7,301.96391401071264,-314.2517657315311,0.029591582869125267,-0.018735275490570153,0.03502388220069081,0.22429591476390326,-0.03467943083224612,0.2269610545944495,-1.2555290038864635e-11,181.71997630060196
8,301.9203438092464,4675.029453696975,-0.3280743678874941,-0.23308144252497834,0.4024422315243563,-0.4074134163639511,-0.3067123342126177,0.5099589667723263,-1.7979553071777084e-10,174.5383138895702
9,302.0,4680.0,-0.07868082834144417,0.06344547359067593,0.10107423444004393,-0.09106577354333815,0.07343226110031936,0.11698406763893972,0.5389507632985158,0.23615548792755922
10,227.0,0.0,-0.005573223544822253,0.09788916684249056,0.09804769148632474,-0.006450490213914675,0.11329764680843817,0.11348112440546845,-0.629397292924267,0.2449109227531121
11,237.45625351820905,2524.4702195362447,0.07352591759464921,-0.01087127427384937,0.07432526597646595,0.05307640838288602,-0.04872396849920072,0.07204949849331359,-9.8593233641306e-12,0.24487199433404888
12,293.04634538404946,5993.291951964686,-0.09043907105297702,0.027795297367676646,0.09461397427802617,0.00024047110302728616,-0.04149463831885816,0.041495335106060335,7.807830687087003e-13,0.23618541865987275
13,237.48223147522438,3462.0912440540014,-0.01377766520769268,-0.04875889904692465,0.05066807964432296,-0.00015946371768162828,-0.0005643391093394057,0.0005864361069944788,1.542297428064169e-12,0.2450463625621225
14,293.0241005462323,6927.903874084896,0.04858620169603269,-0.07491651265135794,0.0892922329381937,0.0005623402974077857,-0.0008670892667981242,0.0010334749182661306,-5.325458381566603e-12,0.23637823151968104
15,302.0,4446.000000000715,-0.12598799279501177,0.12452576186130108,0.17714299222846328,-0.00014581943610533765,0.0001441270391913207,0.0002050266113755362,1.4143020190385869,46.319867504099406
16,302.0,4212.00000000135,0.03156679238081185,0.015554899851773996,0.03519115358455872,3.653563932964336e-05,1.8003356309923613e-05,4.073050183398001e-05,1.4792305521507672,50.64097723970967
17,302.0,3978.0000000018726,-0.22463812357662885,0.22573187034192665,0.3184606158571153,-0.00025999782821369076,0.0002612637388216744,0.0003685886757605501,1.5516006946927519,55.1690315006468
18,302.0,3744.0000000028963,0.06678027994161635,-0.14414571434431042,0.15886344057999055,7.729199067316708e-05,-0.00016683531752813706,0.00018386972289350758,1.6318319410493132,59.925811516918856
19,302.0,3510.000000003946,0.05689625630148338,-0.15649799234917205,0.1665196852940985,6.585214849708726e-05,-0.0001811319355893195,0.00019273111723853992,1.7192385314192506,64.9333411669743
20,302.0,3276.000000004996,-0.091343092229348,-0.11116260402281238,0.14387732632750638,-0.0001057211715617454,-0.00012866042132269947,0.00016652468324942867,1.8134652364969952,70.21237874157804
21,302.0,3042.0000000060477,0.09992041094424191,-0.148373977774103,0.17888243570506354,0.00011564862377805779,-0.00017172914094224878,0.0002070398561401198,1.9136692001884512,75.78119566697727
22,302.0,2808.0000000070977,-0.06589720222373795,-0.2723944771565124,0.2802520159540087,-7.626990998117819e-05,-0.00031527138559781523,0.00032436575920602857,2.0191820230247686,81.65758340271674
23,302.0,2574.000000008151,-0.18879515091936877,0.2338572964552208,0.30055422824510764,-0.0002185129061566768,0.00027066816719354254,0.0003478636900985041,2.1285024142998736,87.85542490427552
24,302.0,2340.000000009201,0.028335592397640014,-0.134435606759551,0.13738936698789259,3.279582453430557e-05,-0.0001555967670828136,0.00015901547105080154,2.240504750920365,94.3836262353356
25,302.0,2106.000000010251,-0.20924079445986324,-0.21795939355283814,0.3021390529278129,-0.00024217684543965655,-0.00025226781661208115,0.0003496979779257093,2.3533840249292552,101.24804295363838
26,302.0,1872.000000011198,0.16171190583178408,-0.2592700840296566,0.30556785982902884,0.00018716655767567604,-0.0003000811157750655,0.0003536665044317463,2.465329473084125,108.4484564222319
27,302.0,1638.0000000101338,-0.2110243017492752,-0.2568572653248536,0.3324257972524566,-0.00024424108998758707,-0.0002972885015333953,0.0003847520801533063,2.5742649750156086,115.97892507861451
28,302.0,1404.000000008967,0.12938725301629775,-0.25371685170018604,0.28480397132020063,0.00014975376506515942,-0.0002936537635418819,0.0003296342260650469,2.678115337577765,123.82724908675142
29,302.0,1170.0000000077998,-0.13168596227556414,-0.1741311749336568,0.21831825105615216,-0.00015241430818931036,-0.00020154071172876937,0.0002526831609446205,2.7755150306220457,131.9760709821381
30,302.0,936.000000006633,0.03086132519143581,-0.18887300265127727,0.19137772211801704,3.571912637897663e-05,-0.00021860301232786718,0.0002215019931921493,2.8682035157289647,140.40874367577513
31,302.0,702.000000005466,-0.2461548652840507,-0.28351269742406066,0.375461938555263,-0.00028490146444913275,-0.0003281396960926628,0.00043456242888340626,2.968561680201674,149.12777254599186
32,302.0,468.000000004299,0.22463491612685993,-0.34784728148753796,0.4140755689262431,0.00025999411588756933,-0.000402601020240206,0.0004792541307016702,3.1269069938074945,158.22578557569483
33,302.0,234.00000000313202,-0.22340306106331934,-0.4020982048232023,0.4599911890618158,-0.0002585683577121752,-0.00046539144076759533,0.0005323972095622869,3.584520092910309,168.16796030798452
34,302.0,1.9650542526505887e-09,0.38457983762882514,0.04001109011438353,0.38665558167800296,0.0004451155528111403,4.630913207683278e-05,0.00044751803434954057,7.89590626223071,181.5285200462549
35,301.98307909887234,-235.05586422956802,0.17224842161583687,-0.08651957954087548,0.19275672852867412,0.0003688835664169368,-0.00014293992052236026,0.000395609537867096,-5.820766091346741e-11,182.3761982097997
36,301.9777926572974,-469.38573818501027,0.011905277470639025,0.04405127061662,0.04563167841085394,0.0069858427937014465,0.003756406084937045,0.007931745470781478,2.8880009494969272e-11,182.37624653266488
37,301.7057735069877,-720.3597331650159,0.004569824677035337,0.0008033893497956687,0.0046399064673984785,0.05289148931753861,0.009298487844857276,0.05370262115044535,-1.7763568394002505e-14,182.36905626721102
38,291.31946754903043,-1602.4652249405008,0.04294183314205321,-0.01932982839610668,0.04709186022470201,0.49701195766265277,-0.22372486569567906,0.5450446785266435,-1.696348940211251e-14,182.66652024881353
39,274.868826558254,-2628.9852227649503,-0.00923358839777252,0.032960273464726395,0.034229209479171824,-0.10687023608533008,0.3814846465824813,0.396171406008933,-8.884313223972131e-15,182.62433090557442
40,256.6250821621672,-3533.3948730807674,-0.005354703416590348,0.031841907267651424,0.03228900597914648,-0.061975733988314234,0.3685405933755952,0.373715346980862,2.6645352591003757e-15,182.51270427901875
41,252.123956163812,-3580.2651353781303,0.011255271742182429,0.011348536533777044,0.015983442165217184,0.13026934886785216,0.1313488024742713,0.18499354357890252,1.0658141036401503e-14,182.5138159455509
42,248.26187557436057,-3587.2589641599,-0.005371675207863715,0.02063512968279316,0.021322839200361408,-0.0621721667576819,0.23883251947677264,0.24679212037455328,-7.105427357601002e-15,182.51505244678475
43,244.7830030076501,-3570.340612322633,0.00891948891449407,0.0069462565101404425,0.011305209507145416,0.10323482539923694,0.08039648738588472,0.13084733225862746,-3.019806626980426e-14,182.515535637016
44,241.68264375064837,-3529.8030299595416,-0.004209855559974475,0.01890788008646962,0.019370875385489487,-0.04872518009229715,0.2188412047045095,0.22419994659131348,2.0912743198093223e-14,182.51544932502725
45,239.02103757132733,-3461.887255549175,0.0062002690617784404,0.005755112137739315,0.008459589360979722,0.07176237340021342,0.0666100941867976,0.09791191390022823,4.2315778609652135e-15,182.5152664678182
46,236.82794066448997,-3364.736502535826,-0.002608613557733966,0.012525837754821858,0.012794587768025749,-0.030192286547846833,0.1449749740141419,0.1480855065743721,1.1546319456101628e-14,182.51510771625635
47,235.0837952761607,-3239.5711747675714,0.002672194150005766,0.004329725104109755,0.005087940747737071,0.03092817303247414,0.05011255907534438,0.058888203098808684,3.9968028886505635e-15,182.51501427847296
48,233.735003474769,-3089.7357831744143,-0.0032486603919573242,0.009247356055276375,0.009801397265458072,-0.0376002360180246,0.10702958397310619,0.11344209797983879,1.1102230246251565e-14,182.5150110251859
49,232.71316232150852,-2919.4986711378683,0.0021837346022218376,0.0017488333400390015,0.0027976981367139908,0.025274706044234225,0.020241126620821778,0.032380765471226744,-4.440892098500626e-15,182.5149833448561
50,231.95026242201334,-2733.1036248663677,-0.0008394035710558201,0.004222051143163064,0.00430468514651023,-0.009715319109442363,0.04886633267549841,0.049822744751275794,-2.893677175442439e-15,182.5150048942208
51,231.3836876081063,-2534.4578932541667,0.0012336867179384996,0.0010602821893777002,0.0016267087136698556,0.01427878145762152,0.012271784599278942,0.018827647148956662,1.5456614032537882e-15,182.51503674050903
52,230.95950861566223,-2326.9266623826766,-0.00046803720059489516,0.002341123291588341,0.0023874499130993585,-0.005417097229107583,0.027096334393383572,0.027632522142353684,-1.0658141036401503e-14,182.51506544193563
53,230.63270107672997,-2113.31945281205,0.00042889611745230706,0.000970147623878951,0.0010607253611013728,0.004964075433475775,0.011228560461561935,0.012276913901636263,-1.0002579754673177e-14,182.51506699141166
54,230.36711928774412,-1895.891756444767,-7.597181894660073e-05,0.0004574773113208741,0.0004637426092644831,-0.0008793034600301009,0.005294876288436041,0.005367391310931516,-1.0658141036401503e-14,182.5149484549176
55,230.13479888331395,-1676.3885496812095,0.00012649584372261523,0.0014299314793775441,0.0014355156683902646,0.0014640722653080456,0.016550132863166016,0.016614764680442876,-1.7763568394002505e-14,182.51507319873375
56,229.91585307143416,-1456.0507683425085,0.00042883790590514067,0.000761121863470177,0.0008736180175531071,0.004963401688716904,0.008809280827201121,0.010111319647605404,2.886579864025407e-15,182.51514007092916
57,229.69635563591555,-1235.7474083188695,-0.0006215177806355105,0.0016797967807144051,0.0017910894941751431,-0.007193492831429519,0.019442092369379684,0.020730202478878967,-4.884981308350689e-15,182.51520642480324
58,229.48228202494496,-1015.1056016434342,0.0005096163265234201,0.0005855863356013174,0.0007762861306903556,0.0058983371125395844,0.006777619625015249,0.008984793179286524,-7.105427357601002e-15,182.51444616041397
59,229.25323239934784,-795.3982982806949,0.0004281953601446027,0.0011218777869033472,0.0012008168200006687,0.004955964816488458,0.01298469660767763,0.013898342824081812,-5.10702591327572e-15,182.51327803023432
60,228.98347912843641,-578.2309023855677,-0.00010594116446672074,0.0011551166276436051,0.00115996463471405,-0.0012261708850314903,0.01336940541254173,0.013425516605486697,8.622236258304383e-11,182.51797170628484
61,228.76778939911938,-357.6899414949507,0.9838493379815282,0.1174201008243766,0.9908314689816317,-0.0192601868954202,0.007830341683239329,0.020791081023429043,-5.586034128551422e-11,182.51686718701262
62,228.451728821495,-143.41212153871138,-102.42032734959682,-7.329164872390653,102.68222880384539,-0.16122108777889355,-0.011374372251142944,0.16162182862694405,4.054482783362452e-11,182.51989905750233
63,228.4553210158325,90.81203138794862,-33.337098614005605,-2.4566370091220846,33.42749182027456,0.1188410796944467,-0.1091650949315314,0.16136982423722251,1.0999201549566351e-11,64.45190991515625
64,228.78706645654046,111.51294688812459,1.654043571256616,3.863322825217816,4.202513936617499,0.15218099968825413,0.02351260986314985,0.15398668607607963,7.701690657133986e-11,71.40152927676041
65,229.0372590561567,127.12496510417805,1.8528710779723274,5.047222842995048,5.376577876162248,0.16063686581510436,-0.09223817033151109,0.18523520919362146,1.8355387483222742e-10,82.78268414855395
66,229.2733634765916,141.8578809393166,1.8460631967924286,3.289217820385512,3.771856730642496,0.16649276236211857,0.02383663764488233,0.1681904432873114,-1.0210623180284281e-10,81.78326085579857
67,229.49356146329347,155.5982353095128,0.7425595449642369,0.9547223550793333,1.209499670568671,0.20111290085934125,-0.11423443138674907,0.2312918161248104,-1.33420623436655e-10,85.59881016691254
68,229.70944059232573,169.0690929611258,1.2282209410172005,0.7875044628128341,1.4590030702172316,0.1819361413806178,0.020588924752471836,0.18309741495425624,7.825141112532131e-11,89.19003242285653
69,229.91957917050465,182.18174023948998,2.2304136368229766,1.5233054077670898,2.700963597803265,0.22078195502516487,-0.1294764966481048,0.2559469375651926,-6.747313818777911e-11,92.8947373180348
70,230.10746398367877,193.90575258155522,2.159445077585094,1.6705519778467472,2.730191743045564,0.19058365673776237,0.024107329579594543,0.1921022997129301,4.6283459467028107e-11,96.9699094481659
71,230.28809524868612,205.17714351801382,2.4155124612423515,1.7030406457414045,2.9555114432978233,0.21810475979476876,-0.11921833431724803,0.2485612549906218,-2.0179413695586845e-11,101.26709689853725
72,230.44851887021915,215.18757750167472,2.4361744524939755,2.00890059407836,3.157630054308565,0.17867275995285373,0.02975921174255072,0.18113411007512656,-5.692868398909923e-11,105.81715576673349
73,230.59119067675738,224.0902982296604,2.237056476264937,1.774892351204841,2.8556373257758674,0.20189040718484866,-0.09685886041637327,0.22392269950682195,-1.2559165942636674e-11,110.63254840790128
74,230.72290200604604,232.30908517727298,2.077756403644374,1.70765185974609,2.6894509750094873,0.21035630352643886,0.03374422366821438,0.21304564549475719,-8.20185653816438e-11,115.72571512787086
75,230.84189891651022,239.73449239023756,1.9327504924872259,1.4124323070081448,2.3938440818252897,0.2523543523771749,-0.12778014620618078,0.28286124677688934,-9.984546522900928e-11,121.11965164167118
76,230.94680899652593,246.2808813832181,1.695846419352748,1.4287172857145733,2.2174598441755724,0.22009255131975106,0.05137872765389943,0.22600996615585522,-5.1657655370234736e-11,126.8353236562439
77,231.03753194377202,251.94199329137427,1.5317130376328287,1.127389435791316,1.9018811134211961,0.28833883723217435,-0.15499568954791557,0.32735752448177535,6.508571459562518e-12,132.90024746295578
78,231.1147357888101,256.75951322174984,1.2677181718614388,1.2020162005901451,1.7469837748957133,0.25692069114030036,0.04959982066104969,0.2616646398457726,-3.133936565529022e-11,139.3474826015701
79,231.1796899267179,260.81265142719775,1.1195647530664325,0.8651141422250201,1.4148666776012624,0.33870542788170677,-0.19244902547961298,0.38956128437587684,-5.3944404498906806e-11,146.23712374088367
80,231.23400955433897,264.2021961907516,0.9025873322883027,0.9077106692884587,1.2800791192529533,0.3238553599340312,0.03846853954410216,0.32613206326986166,-2.9361931455734705e-11,153.71682049102998
81,231.27727556823038,266.90199545757565,0.7487759761974504,0.7620095416718715,1.0683276670242237,0.4134251592424696,0.02370164742832654,0.41410400913958567,-6.517097972391639e-11,162.28430736942596
82,231.30329734284805,-444.61710296204717,-0.02889266752602107,0.06785094622176147,0.07374643815098841,-0.33440587414376227,0.7853118775666836,0.8535467378586621,-1.859047666050021e-12,180.61798464487342
83,244.73623123311665,-319.54488536505056,-0.009442676739996459,0.020740901594526663,0.022789233049181554,-0.009111354549326359,0.3439906159442769,0.34411126200612285,1.4210854715202004e-14,181.10999331305595
84,250.19753872308297,-691.9021551376551,-0.0290675630012124,0.033761773310993934,0.04455087604001064,-0.14081982305146776,0.6677830240395555,0.682469332468251,-1.3842056259585914e-14,181.71779820681172
85,253.33089906872218,-1209.5233267052633,-0.00893485776559066,0.005458210579162187,0.010470135912098454,0.22253614528197674,0.3920143126976968,0.45077439736170544,-2.5757174171303632e-14,181.7184725564726
86,253.30787401682036,-1924.1029470794274,-0.0051010614862443265,0.009584558321594765,0.010857466854957313,-0.2707732317300371,1.1368595401904202,1.1686606680912566,-1.3365851297879064e-14,181.71918523205238
87,257.3531782171324,-2384.8188221154483,-0.019098487822483974,0.016952889939683347,0.025537280873510898,-0.21528542482342544,0.891151255624966,0.9167869842789852,-7.0825932958821106e-15,181.7194806882702
88,278.08733129475974,-1804.1505272069924,0.003196422647585416,0.02852310566243559,0.028701649331919276,0.19088660324183057,0.012913825861740332,0.19132292647665464,1.2118029131275662e-15,181.71973507796028
89,288.35748744361626,-1163.292783518345,0.0071902549813152765,0.017256221028066763,0.018694302096249078,0.5542321594974166,-0.0488505088827079,0.556380857721821,-2.2500027025442282e-14,181.7198240584991
90,301.97099706815936,399.33307418863876,-0.007320041144852425,-0.00081749705336976,0.007365548438140954,-0.052140193399578656,0.20830101169089513,0.21472752790267924,-2.0283569960401312e-11,181.4490120226928
91,301.97106467586457,1112.480150044938,-0.033360719908149254,0.016194252504223464,0.03708357381591658,-0.10311576573234771,0.2842021845338324,0.30233051919442555,1.3631051842821762e-10,180.85287970923625
92,301.96904566235474,1825.497020737423,-0.14941114110600937,0.11379989554361543,0.18781401788028929,-0.3699784381620806,0.3480255013419406,0.5079427076838111,-1.3146106425665494e-10,180.18488073365063
93,301.96441698236475,2538.3510482415422,-0.18636826043706536,0.046535179602635715,0.192090216926806,-0.17625477291970873,0.4130999260810613,0.449129484564481,1.9232718364205545e-10,179.41906045854765
94,301.956799089153,3251.018548851625,-0.31788893283705855,0.2458453932233459,0.4018623284029314,-0.4511044323689639,0.438837299378505,0.6293436137983326,-2.459827896927891e-10,178.50255987225276
95,301.94530066130653,3963.443904109767,-0.518380245210169,0.3417552274862507,0.6208983122366608,-0.26200578857887274,0.1256417563594641,0.2905733714398618,-2.0228338529395748e-10,177.2867740968526
96,301.998431508105,4679.902126105751,-0.1254830117239666,-0.0006637654779862378,0.12548476726649693,-0.14996936516105086,-0.014589137318697038,0.15067731552729632,-3.817035576503258e-11,46.03585360758677
97,301.9967258652975,4679.795693994563,-0.14208141277531766,0.11019128467527153,0.17980335668339711,-0.1856431142818224,0.10853862277144047,0.21504417805040624,9.39829833843089e-11,50.07867663419226
98,301.99486106827516,4679.6793306603695,-0.20705807059280731,0.15093682685252383,0.2562322585037347,-0.12938986516584527,-0.019342431796699287,0.13082762275393367,6.057492658175113e-11,54.28309223815666
99,301.9928146233117,4679.551632494649,-0.15401781449786095,0.009384248647732202,0.1543034390588232,-0.1927900970552747,0.10837243157589305,0.22116194394211192,-1.3005774235352874e-10,58.65938138123309
100,301.9905644862489,4679.411223941931,-0.10966638213494058,-0.11740453020151377,0.1606565874230029,-0.153385112993095,-0.032124689166488536,0.15671307712487823,2.113764150273602e-10,63.220594110039734
101,301.98809029382886,4679.256834334921,-0.14485120139421281,-0.02123854184046188,0.14639995288542906,-0.20150823855642847,0.107648975277814,0.22845978220351584,7.519620727367648e-11,67.98092656074434
102,301.9853737370158,4679.087321189784,-0.049519145199168606,-0.04636400187370008,0.06783632073602465,-0.15880229789688632,-0.04013380152439063,0.1637952741752051,9.57811607804615e-12,72.95533629603464
103,301.9823997068729,4678.90174170887,-0.14809781569980474,-0.016292215227601322,0.14899127253660133,-0.21310584826175297,0.10628155140217621,0.23813834368243747,2.1552597784792119e-10,78.15952856301989
104,301.9791569345229,4678.699392714229,-0.07454738469829905,-0.023224458753184313,0.0780812912914134,-0.18711205749427035,-0.028631182545137794,0.18928990114021438,6.772893357265275e-11,83.60988048880337
105,301.97563908962013,4678.479879192296,-0.13853939737479437,-0.035896028080589934,0.14311425315786575,-0.20593945409358755,0.09717241388485279,0.22771371669834467,8.918732419260778e-11,89.3236684034161
106,301.9718454027128,4678.243153129279,-0.06280165651241061,-0.024441682292036228,0.06739023589488052,-0.19301113676218767,-0.028254928164575997,0.19506829542449297,-8.731149137020111e-11,95.31888356654267
107,301.9677817591843,4677.9895817730985,-0.18700494808135412,-0.004811498243497718,0.18706683597649565,-0.26859314600846224,0.14522253922381761,0.3053389329603029,3.339550858072471e-11,101.61456849676385
108,301.9634614431172,4677.7199940505125,-0.10361456703994483,-0.017336681815124474,0.10505493343596048,-0.24800918617899312,-0.027052727112669428,0.24948027271389422,-1.1749534678529017e-10,108.23077012111273
109,301.9589056197941,4677.435710675152,-0.16328201339060688,0.17105752410463176,0.23647767854429094,-0.32717305656506535,0.19190997532106951,0.37930416234186115,-1.1060487112597248e-10,115.18927337483952
110,301.9541430485393,4677.138526228853,-0.1959069094866501,-0.1763526898466044,0.26359019025893804,-0.2816266930890347,-0.02759988968908233,0.28297587913303646,-6.784262041037437e-11,122.51485709092881
111,301.94920448084895,4676.830359604975,-0.1850512441476063,0.1854347132120792,0.2619732731112528,-0.3643326755964463,0.21331398822743458,0.4221861628248366,-1.8126952926002088e-10,130.24065987552547
112,301.9441013221524,4676.511922502309,-0.22716607912715703,-0.20037863285713592,0.3029125682630231,-0.3067693853718465,-0.03722833986502385,0.3090200723100786,5.88897819397971e-11,138.42648822971125
113,301.9387498288638,4676.177989321102,-0.19451731502627498,0.17831501948464004,0.26388109447029107,-0.4095648127061856,0.2312274365012699,0.47032910094741287,-5.021289798616928e-11,147.22715982681535
114,301.932684329996,4675.7995021917495,-0.3739175381390604,-0.018621771702588483,0.3743809499818588,-0.49353954665240446,0.2542657584502982,0.5551867794086656,-1.8179748140058193e-10,157.17229668593558
115,250.3765835169066,1458.6988114549722,0.14521012643407955,-0.06492304694883434,0.1590628267198905,0.0897906507948111,0.2502685647844645,0.26588853959776343,-2.5579538487363607e-13,179.67290081929286
116,257.8655793654798,1926.0121524059389,-0.02068899238990375,-0.059698596830029343,0.06318193467743675,0.13734343281188383,-0.15139930864066886,0.20441372065843563,6.035606513773175e-14,179.9846080926638
117,262.87797175990573,2238.7854378181178,0.05047662213999302,-0.04599135876473046,0.06828685425240925,0.08831142712575589,-0.11799877059539006,0.14738594920483833,3.9405296946025115e-14,179.86120881530317
118,266.9407344087653,2492.301827106955,0.018850491003140186,-0.04305033163584535,0.04699651120046824,-0.16624049620305348,0.015931180232966528,0.16700211100897108,9.266906660012727e-14,179.491183638467
119,270.94929889650854,2742.4362511421327,-0.07208013220163295,-0.018590879065631692,0.07443901022070233,-0.21195902906591946,-0.08175947853612363,0.22718107829012993,7.541848162215076e-14,178.9161750312396
120,275.7893514405972,3044.455529893266,-0.01882943736770159,-0.04824077070480211,0.05178532291854025,-0.4264616433187505,0.11471608210548696,0.44162123218405386,7.77449724999433e-15,178.11517300303322
121,282.96613717066765,3492.2869594496615,-0.20610265089541627,-0.0708499129979858,0.21794038835869772,-0.4924534494410813,-0.22737159122611245,0.5424096610156515,-1.7053025658242404e-13,176.98237199919492
122,302.0,4680.0,-0.2808530458415214,0.1554916720717285,0.3210235091735832,-0.32506139564990905,0.17996721304598204,0.37155498746942506,1.3105046012314314,38.1959783986191
123,302.0,4680.0,-0.19233716400177012,-0.026744542258682596,0.19418768034267847,-0.22261245833538204,-0.030954331317919675,0.2247542596558778,1.2689478698897858,34.34146210886698
124,302.0,4680.0,-0.20693363003075052,0.09801063338868944,0.22897076559018537,-0.23950651623929461,0.11343823308876094,0.26501246017382574,1.2318138988361227,30.604819068801838
125,302.0,4680.0,-0.19640379210658776,-0.027763150584257944,0.1983563512575585,-0.22731920382706916,-0.03213327613918742,0.2295791102518038,1.1989474208058368,26.972515400754254
126,302.0,4680.0,-0.22420572734638602,0.10994323777579036,0.24971128069742057,-0.2594973696138727,0.12724911779605366,0.2890176859923849,1.1701794939084067,23.432407643066274
127,302.0,4680.0,-0.17836089497198648,-0.04447765863188769,0.18382293375034228,-0.2064362210323918,-0.051478771564684826,0.2127580251740073,1.1454933941100076,19.97219955112738
128,302.0,4680.0,-0.23351152475519998,0.12864653621763428,0.2666037574271853,-0.27026796846666673,0.14889645395559523,0.30856916368887194,1.1247136265110633,16.57998579840978
129,302.0,4680.0,-0.2370437471448884,0.13300413165784816,0.27180845663545494,-0.27435618882510227,0.1539399671965835,0.3145931211058506,1.1078101446848805,13.244067562689201
130,302.0,4680.0,-0.18114222546033207,-0.03292983186595731,0.18411105255101334,-0.20965535354205098,-0.03811323132633949,0.21309149600811725,1.09468950113137,9.952954314711803
131,302.0,4680.0,-0.21040194369872292,0.10489369396397046,0.235099266152848,-0.24352076816981816,0.12140473838422507,0.2721056321213518,1.0853707071539134,6.695363149509527
132,302.0,4680.0,-0.1597676251024411,-0.023475894202505565,0.16148316209277488,-0.18491623275745497,-0.027171173845492544,0.1869018079777487,1.079805577286507,3.460036207230836
133,227.0,0.0,0.27258980656810766,0.03496543483095009,0.2748231873000453,0.3154974613056802,0.040469253276562596,0.31808239270838573,-1.5740393713396768,50.5945318565794
134,227.0,0.0,0.24985020459171045,-0.1198883277651277,0.27712512673671125,0.28917847753670195,-0.138759638617046,0.3207466744637862,-1.4919367866645743,45.410638354297824
135,227.0,0.0,0.22277149736355203,0.03078025538326105,0.22488789242433183,0.2578373812078148,0.035625295582478074,0.2602869125281618,-1.4409986213727422,40.44550085678983
136,227.0,0.0,0.27179606586638877,-0.14416293765276617,0.30766224014838367,0.31457877993794997,-0.16685525191292383,0.35609055572729587,-1.4008402108108697,35.63281787437816
137,227.0,0.0,0.24211146077451373,0.031075877893593357,0.2440976641125974,0.28022159811865016,0.03596745126573305,0.28252044457476555,-1.3667405830699337,30.94602529289105
138,227.0,0.0,0.2915857761769008,-0.16853402112198645,0.33678773900519576,0.3374835372417833,-0.19506252444674363,0.3898006238486062,-1.3377795953647584,26.366011796651858
139,227.0,0.0,0.23078215129525778,0.03486820289138986,0.2334013558858268,0.2671089714065484,0.040356716309479,0.2701404582011884,-1.3134760475856493,21.876262317771065
140,227.0,0.0,0.21558192769831722,0.04331942178214384,0.21989120003688584,0.24951612002120047,0.050138219655259074,0.25450370374639564,-1.2937260237920896,17.461095017987613
141,227.0,0.0,0.24561443756581133,-0.12186317334345455,0.2741843995527584,0.2842759694048742,-0.14104533951788722,0.3173430550379149,-1.2784008368202748,13.105247954616608
142,227.0,0.0,0.20892779395551195,0.039567361031679786,0.2126414803045919,0.24181457633739808,0.04579555674962937,0.246112824426611,-1.2675174641005,8.793773400139917
143,227.0,0.0,0.16538483246143185,-0.06442140714928905,0.17748876163687197,0.19141763016369429,-0.07456181383019565,0.2054268074500833,-1.261018212494136,4.511767350125727
144,230.495680151379,842.1304414460508,-0.097370753224836,-0.0232684957864214,0.10011236926441518,-0.1126976310472639,-0.026931129382432178,0.1158707977597398,7.105427357601002e-14,0.24518712492693737
145,233.98365392439035,1683.7800048819615,-0.0812239939091608,0.05900004734946742,0.10039094966078758,-0.09400925220967686,0.06828709183966136,0.11619322877405973,-1.0720252953163118e-13,0.24513381946277615
146,237.470880133693,2525.3829203424425,0.15017039294561874,-0.04841336762267704,0.15778149790773952,0.1070547587628506,0.022182635192880017,0.10932881906374246,7.275957614183426e-12,4.053419443028489
147,237.51480255313083,2528.123679315364,0.24620186318851234,-0.03752254975688473,0.2490447734399436,0.11736338326805969,0.020043012150286588,0.11906253007635109,-1.5658140162423165e-11,7.872949977105287
148,237.58814215059905,2532.700070197381,0.31871845704077517,-0.17813593636979677,0.36512171489079737,0.16285450156936698,-0.09960539666259058,0.19090003595002009,-1.049186005617586e-11,11.714779946990415
149,237.69110549549467,2539.1249829188673,0.32588124990790257,-0.11559932350006918,0.3457770851794701,0.13212738022738424,0.01617313255460542,0.13311354109323592,4.482340991936465e-12,15.590554989552182
150,237.8239798548409,2547.416342942072,0.002193933449997151,-0.2137611851434922,0.21377244354203692,0.15950747550644212,-0.09641337341489689,0.18638179448561648,-2.7929866528256145e-12,19.51260152568242
151,237.98713724339999,2557.597363988159,0.4055704800196666,-0.19655586609056905,0.45069016270382084,0.1441598803788231,0.010650333119139188,0.14455276097807754,4.06076524934848e-12,23.494597093683332
152,238.18103402674916,2569.6965232691473,-0.0775133362511389,-0.26636410660978316,0.27741332806267627,0.17649623054584115,-0.11084178381252609,0.20841501969779788,-4.736608394345406e-12,27.552497765236836
153,238.40621256315788,2583.7476639410515,0.49778029468495655,-0.2851854849335706,0.5736863102719447,0.16706603674429918,-0.0010836331573735238,0.16706955106861118,-2.4195254901218888e-11,31.706330176003505
154,238.6633030644914,2599.7901112242635,-0.2059361599438858,-0.28331570003713147,0.35025346230974447,0.14013791571215578,-0.08182027780365414,0.1622750543984331,-1.0066685526979483e-11,35.98298401447528
155,238.95302404902876,2617.868700659394,0.5517767059489865,-0.3631690048067496,0.6605673767907702,0.14140280468011016,0.0032129798271589003,0.14143930292097423,-2.0129442240153183e-11,40.42050452530036
156,239.2761779255977,2638.033502557296,-0.3103949994342458,-0.3244122382006889,0.44898591956559836,0.1362733396236608,-0.07826807571971331,0.15715061173616976,-9.213615410489632e-12,45.073741183040376
157,239.63362178944493,2660.3379996613635,0.625451331333878,-0.4359844349141311,0.7624118279215732,0.1350217845178835,0.018171385115322493,0.13623906022651186,3.637978807091713e-12,50.012173700945525
158,240.0260836255044,2684.8276182314753,0.6777048102722144,-0.4791652529046578,0.8299898490085784,0.1499274711989753,0.019354196987328553,0.15117153025997945,-2.2667069525257598e-13,55.2889382807258
159,240.45379690798757,2711.5169270584242,-0.44083111989595564,-0.42164846783623117,0.6100159888866551,0.17441004074523075,-0.11301235601212165,0.20782361493382692,3.637978807091713e-12,60.85765570334549
160,240.91638587071432,2740.3824783325736,0.7687890254093649,-0.5782617885452852,0.961989221187781,0.16602846617414693,0.007072425178325692,0.1661790323056518,-1.5621285689741586e-11,66.50042477024732
161,241.41366454923633,2771.412667872347,0.8323244198987505,-0.7341493972801152,1.109837500486692,0.19367733995918765,-0.12244208095140822,0.22913527707748965,8.991471574938083e-12,71.88413010481537
162,241.9460270806136,2804.632089830288,0.8795905908642712,-0.7839564416373656,1.178247558843929,0.2007388666701096,-0.12860983879344925,0.2384042433063578,2.146191975781997e-12,76.69007946698736
163,242.5142401941101,2840.0885881124705,0.9107167643297089,-0.7196840202087794,1.1607541142615199,0.1873065820259808,-0.0016653547499525592,0.18731398526724763,-4.6909450132087785e-12,80.90224537331574
164,243.11927386953937,2877.8426894592567,-0.6922421118050635,-0.5613818170713337,0.8912624113551779,0.20073225257341074,-0.13939545747537532,0.2443860282175819,-5.544983342054071e-12,84.78251152879898
165,243.7622371313556,2917.963596996589,1.0206452544181481,-0.8209894450673142,1.309862742533821,0.20998058242216566,-0.009425431887099826,0.21019201640550067,-5.543737307258017e-12,88.55909882248947
166,244.4443680271922,2960.528564896794,1.094943984227804,-0.9988491947724373,1.4820938035408568,0.24059351744215038,-0.15792402342835854,0.28779374178565287,-4.23701482061471e-12,92.36769110508601
167,245.16704457290254,3005.6235813491185,-0.858659048719336,-0.5325834112848297,1.0104159796457006,0.21240354836243572,-0.012570656748764323,0.21277520712726103,1.3086750163969332e-11,96.29000085981474
168,245.9317946045593,3053.3439833244993,1.1630383375249154,-1.073332184763714,1.5826244511577492,0.20145289292296314,-0.12315036229718147,0.23611285395115172,-6.839043202566252e-12,100.37517194463892
169,246.74029721429628,3103.7945461720874,1.2181041241454205,-1.0236097726332936,1.591085988842358,0.20218352344733362,-0.0015379655905094363,0.20218937284569655,-1.1917363994852513e-11,104.65528250723531
170,247.5943940112118,3157.0901862996157,1.2887885858290846,-1.1931265306538168,1.756282134827245,0.21801115169253185,-0.13097879671843068,0.25433109808301485,3.637978807091713e-12,109.15426250025698
171,248.49609358538913,3213.3562397282817,1.3413146048290443,-1.129655651779927,1.7536381498832725,0.20961721767467484,0.012177572079855077,0.2099706436800918,7.275957614183426e-12,113.8922055373023
172,249.44757203670216,3272.7284950902144,1.4645710452731298,-1.3581197618674705,1.9973626696790403,0.2796643641174083,-0.17936894315149907,0.33224294473243526,8.850361641609298e-13,118.88817537025297
173,250.45117630783412,3335.353401608849,-1.2699076489359449,-0.6977484462144695,1.448971473501368,0.21654442447917527,0.02426205926346935,0.21789936964737033,-2.2962388822618643e-12,124.16075220125765
174,251.5094312539314,3401.38851024532,1.6284250167245897,-1.5127899673531997,2.222678906279307,0.3129660141160679,-0.20203970485806824,0.37251546052591444,1.7873532628968002e-12,129.72800510152345
175,252.62505075821508,3471.003167312621,-1.4059351317409707,-0.7826031058549582,1.6090746458624372,0.24930962059864026,0.017805509370934614,0.24994464004454345,-3.637978807091713e-12,135.60517390823856
176,253.80093668762106,3544.378449307554,1.8050518098583193,-1.6804966635542105,2.4662281063376166,0.34629294949847717,-0.22368335725072663,0.4122536248273762,1.7254191180960145e-11,141.79649417842168
177,255.04015403301608,3621.7056116602034,1.8611764823867993,-1.567769354721712,2.4334910413219593,0.32298221441545427,-6.243555356308385e-05,0.3229822204501493,-1.6830536931417836e-11,148.26899294580588
178,256.34568983629043,3703.171045784523,-1.6398439026247238,-1.1244917689382545,1.9883585600654046,0.314755878104906,-0.22973431084893076,0.3896782215916404,1.638080633813889e-11,154.8798381630959
179,257.7191551866929,3788.875283649636,1.9889099014062381,-1.7474078841219038,2.647488793064696,0.3221464290969063,-0.011442988837942035,0.322349598686633,5.469466408554239e-12,161.23283312637838
180,259.15676222940493,3878.581963114868,-1.98040373723665,-1.127100131492412,2.2786736644089918,0.20398168105950204,-0.16695334553540295,0.2635942825505213,0.0,166.61724942819126
181,260.64451405353304,3971.4176769404617,1.9343222439816354,-1.9196226367236877,2.7251703820099307,0.21864495479454407,-0.048323112693820065,0.22392127964427108,-1.0452897403191575e-11,170.44330812142968
182,262.16358016888444,4066.2074025383886,1.7960217339846765,-1.9767913465250508,2.670842207364869,0.06953654169087807,-0.06817466640185699,0.09738129065345003,-4.015932293702427e-12,172.7423268197291
183,263.6991901170375,4162.029463303141,1.790324218623063,-1.9718400715869244,2.6633464055027103,0.0791783715934459,-0.03668575284923419,0.0872643053619571,8.685352027031385e-12,173.8737095092875
184,265.24172626005867,4258.283718627661,1.706070557962886,-1.981453960750768,2.6147345079993682,0.0009367713592725778,-0.03624288312809443,0.03625498749160266,9.631782620262699e-12,174.16419718497548
185,266.7845676507345,4354.557021405833,-2.4798233190679633,-0.999961872368971,2.673845066563302,-0.025796508473424837,-0.03754443758345431,0.045552657912325774,5.0535254684012975e-12,173.7799419767886
186,268.3220771787727,4450.497615955416,1.601231449289097,-1.952767934089725,2.5253207239084534,-0.06006422151394539,-0.008789755727204166,0.06070395795844138,1.5981775589054753e-11,172.71776908653547
187,269.84783605309633,4545.704969713211,1.5825385167018893,-1.9795233967121002,2.534352192370987,-0.028237656941942,-0.056991097425033305,0.06360306954291155,-7.56474550701339e-12,170.80102963149452
188,271.352608009883,4639.602739816699,1.3804089039370073,-1.8519160628952154,2.3097882686683393,-0.1839569244466641,0.058715676582915176,0.19310018313938795,-1.2624011010008937e-11,167.67898240697082
189,272.8220922807715,4731.2985583201435,-2.6100900021204545,-0.9178146679028867,2.7667586782708105,-0.18712924483007412,-0.0784955852777936,0.20292587607000048,6.541554525622287e-12,162.95011677738165
190,274.2377977082212,4819.638576993002,-2.7297924843309924,-0.6437561337662407,2.8046727023436495,-0.3912010429018377,0.17854987402247133,0.4300212942180025,-7.275957614183426e-12,156.54792033449348
191,275.5858337004639,4903.756022908949,1.0380332779095134,-1.7725717809358745,2.054147951004929,-0.2633141816833617,-0.07801352910170892,0.2746278736735978,-5.311141760912723e-12,149.08109237127485
192,276.8624363319315,4983.4160271125265,0.8623519122898262,-1.4467754745164634,1.6842832583304561,-0.37654403923233964,0.19653076302207415,0.42474669427253275,-5.990064508832553e-12,141.30938167208495
193,278.0692461490679,5058.720959701837,0.8774451126086071,-1.5815320762079392,1.8086330843251006,-0.27844885053454066,-0.0607339039879746,0.28499538497601584,-2.7128342922520962e-11,133.66286310154715
194,279.2092996529494,5129.860298344044,0.7375504171824929,-1.274540737697343,1.47256059635458,-0.3656783015054835,0.1970638953855978,0.41539715821907247,-2.150277906373284e-12,126.30015949996955
195,280.28573175483075,5197.029661501439,0.7554669575084872,-1.4018966005543316,1.5924962802257723,-0.27445722296769753,-0.04352184525360273,0.2778865204600953,2.486288431761052e-12,119.26117442035172
196,281.3015367766267,5260.415894861504,0.6367631078016216,-1.1237378372068345,1.2916090671048548,-0.3448200668727356,0.18954195664445098,0.39348066260837367,5.136849479148252e-12,112.54520789546322
197,282.259545298699,5320.195626638816,0.6496351293686042,-1.2398697825520073,1.3997510060704814,-0.2659900890107475,-0.02962637340595266,0.26763491822468594,-2.6353218784660802e-12,106.13938513446092
198,283.1624248955274,5376.53531348091,0.6120834599653051,-1.0414284801448208,1.2079815566555023,-0.24837803168864125,0.11919921888429123,0.27549972850830334,-3.2524754406725992e-12,100.0276503207109
199,284.0126906040681,5429.591893693849,0.6183932641044535,-1.1172255069638155,1.2769506891420337,-0.18267445594392598,-0.04569237166516945,0.18830228273389926,1.747176481498245e-11,94.19355765147787
200,284.8127113985469,5479.513191269328,0.5512845273696038,-0.9408569378866468,1.0904707275697798,-0.2044517913998777,0.08474727837601909,0.2213202119074568,1.1322935261055486e-11,88.62095793759238
201,285.5647154128731,5526.438241763282,0.5551024025912262,-1.0014316092013618,1.1449908057579243,-0.14648401563724356,-0.05578266849601877,0.15674588652257815,-1.726297955113127e-11,83.2944757079806
202,286.2707969424589,5570.497729209435,0.44771618496081916,-0.8009340975215429,0.91757572485791,-0.21942599781612387,0.10892594854624055,0.24497475540206146,-2.0302471573667144e-11,78.19922954297371
203,286.93292248601284,5611.814363127201,-1.30117046781503,-0.39866652579451617,1.3608745662635677,-0.16833489104272137,-0.0512120322893398,0.1759525725687728,1.5263709490275852e-12,73.32106835077634
204,287.55293735950687,5650.503291233229,0.3737352461934114,-0.6940886935362991,0.7883128495351173,-0.20838039153253302,0.10637019667429232,0.2339594116845471,2.336171848430312e-11,68.6464399670404
205,288.1325681727116,5686.6722539772045,-1.1579553107358287,-0.34239409583831537,1.2075157218546875,-0.16375469855667865,-0.04056652705705654,0.16870460698172884,3.637978807091713e-12,64.16228199078662
206,288.6734304075065,5720.4220574284045,-1.1365516226057353,-0.19263280231624721,1.1527605941286942,-0.21454504186663292,0.10705035930396942,0.2397693775624073,-1.6653755091456606e-11,59.85611584315084
207,289.17703090934396,5751.846728743063,0.3139678569883899,-0.6676442088344183,0.7377835758622027,-0.1456395052384627,-0.03373888966968358,0.14949641521537327,-4.191533117928647e-12,55.71582997316667
208,289.6447730155783,5781.033836172087,-0.9651247755179694,-0.2655645472689198,1.000994685842416,-0.15826080303147838,-0.026107561024289294,0.1603997709437435,-1.4551915228366852e-11,51.72956854537141
209,290.07796024114293,5808.064719047319,0.21020179158954724,-0.4623164015407043,0.5078594769431808,-0.18509373341205623,0.100658026217519,0.21069344648189722,6.215301722691215e-12,47.88523006247753
210,290.47779991751156,5833.014714852721,0.21305313780765792,-0.5267889879020878,0.5682413899960077,-0.14331958298894587,-0.022860289574718747,0.14513130505705976,-5.728095323865905e-12,44.16959760227545
211,290.8454068165081,5855.953385350105,0.15317715751917785,-0.3842981464681328,0.4137007456658708,-0.17523708704394,0.09479904635118255,0.19923577957972075,1.5585131851984694e-11,40.56805936977963
212,291.1818073465767,5876.944778426387,-0.7357648965429295,-0.10793305820919286,0.7436393803714384,-0.14643893316078319,0.06775870844078372,0.16135551962926914,-8.572130191467766e-16,37.06756554192094
213,291.4879411068149,5896.04752506525,0.14953520988849012,-0.4051059090361869,0.4318235479133,-0.10754548674250226,-0.019412935466456675,0.10928354762774926,1.7658426068746754e-11,33.659747791694926
214,291.7646649583496,5913.3150934010155,0.10907891085241352,-0.30498888428800747,0.323908055367557,-0.1196463010840762,0.05334552752064353,0.13099993385325487,-1.5650016767290135e-12,30.338411462662936
215,292.0127528234635,5928.795776184121,-0.551382942035595,-0.13683117049865867,0.568107312035201,-0.10197092341817443,-0.02623752406173825,0.10529234013756883,-3.1196053908905637e-12,27.097170580820357
216,292.2328986672722,5942.532876837785,0.03300162159803676,-0.2156760194849894,0.21818627914923874,-0.14022019572809105,0.07377504124254512,0.15844387018866776,-3.885455482970624e-15,23.92872426390157
217,292.42571828867017,5954.564821213018,-0.4682697493074069,-0.10315672219005902,0.479497515582113,-0.11063935139000358,-0.025686969630641286,0.11358206938071773,3.637978807091713e-12,20.825270209721754
218,292.5917514450727,5964.925290172537,-0.4552859244889431,0.002444761136714991,0.4552924882916115,-0.1461611884765313,0.07774509157780432,0.1655517812689229,2.0780487485058102e-12,17.778716355851884
219,292.7314625639327,5973.643263989402,-0.028260141430740172,-0.19170911960477213,0.1937808611120362,-0.11342304855759433,-0.016387259575719917,0.11460074266993397,3.1201268045884162e-12,14.78085097752082
220,292.8452424286117,5980.74312754537,-0.3734011442528914,0.04142917205275973,0.37569241518341273,-0.1494287997717107,0.08585870450500352,0.1723388619565869,0.0,11.823481910395033
221,292.93340959321273,5986.244758616474,-0.08659139684861068,-0.12315294867403193,0.15054806134687462,-0.11708263265200958,-0.012583623258291514,0.11775691250636641,-1.5562798831148343e-12,8.898437340121925
222,292.9962100429841,5990.163506682208,-0.12177296568279394,-0.024233616884355814,0.12416087692377437,-0.12599011984817418,0.06473221696068784,0.14164663854819448,1.0408720445098047e-12,5.997611244727114
223,293.03382066255955,5992.510409343716,-0.13180374011717227,-0.01023569811773926,0.13220058783845318,-0.09427122735716996,0.04288668860787263,0.10356800841561,1.1439860547082324e-11,3.112903594995405
224,299.00666095280593,5117.215643455092,0.08311045746820171,-0.06755359679578586,0.10710199148765337,0.09619265910671494,-0.07818703332845586,0.12396063829589511,-1.4210854715202004e-14,0.2364235261715739
225,296.0199207769143,5554.843056479457,0.08892355783918733,0.022464421059165737,0.0917172249487673,0.10292078453609647,0.02600048733699739,0.10615419554255479,-4.450621448156947e-14,0.23638324775305963
226,237.47573466146395,2993.6858428753503,-0.12532927431604496,0.1261158595211487,0.1777994291985904,-0.0014505703045838533,0.0014596743000132948,0.0020578637638725738,5.747244975029471e-12,0.2451561468526897
227,237.49689495403962,3463.0062451320723,0.09168361222357063,-0.06202378557743992,0.1106925233596123,0.0010611529192542898,-0.0007178678886277766,0.0012811634648103275,8.963446918562763e-12,0.24507332057684628
228,237.5409264440086,3465.753810106136,-0.14913227624267447,-0.10303589902177095,0.18126453680890245,-0.0017260680120679917,-0.0011925451275667939,0.002097969176028964,-1.2798325414645477e-11,0.24525902997964918
229,237.6144487486278,3470.341601914375,-0.24358816762307534,-0.1411031639003826,0.28150541427948716,-0.0028193074956374456,-0.0016331384710692428,0.0032581645171236933,-1.2019457037771181e-11,0.24544529311310892
230,237.71766772393963,3476.7824659738326,-0.33872571238893423,-0.17956525330166118,0.38337812721473913,-0.003920436485983035,-0.002078301542843302,0.004437246842763185,-1.8189894035458565e-12,0.24563414576838957
231,237.85087210269913,3485.0944192084257,0.35406561529966246,-0.35070017300539785,0.4983503499382182,0.004097981658560909,-0.004059029780155065,0.005767943865025672,-1.947994498559516e-12,0.24582399839121827
232,238.01443438480504,3495.3007056118345,-0.5321125015710426,-0.25810368325756555,0.5914061427135455,-0.0061587095089241034,-0.0029873111488144155,0.006844978503628998,4.483551691605247e-12,0.2460156270404492
233,238.2088115272977,3507.4298393033773,0.4924462561082805,-0.5074533453242014,0.7071154169128159,0.005699609445697692,-0.005873302607918998,0.008184206214268703,5.425657038232942e-12,0.24620663540598242
234,238.43454520832455,3521.515620999452,-0.7314532085876384,-0.3395112823780965,0.8064066636723501,-0.00846589361791248,-0.00392952873122797,0.009333410459170719,-2.3670347174922355e-12,0.2463926126251018
235,238.6922601930316,3537.597036045171,0.6362770991142324,-0.6698417683038277,0.9238704137602964,0.007364318276785096,-0.007752798244257263,0.010692944603707134,-2.7899992735348664e-12,0.2465514188594912
236,238.98265611671826,3555.717741683219,-0.9389254466855307,-0.42451279542954024,1.0304329710937175,-0.010867192669971423,-0.004913342539693752,0.011926307535806919,-5.961287885005019e-14,0.24661985274988743
237,239.30647995298114,3575.924349066023,0.7866372095883785,-0.8392933249667833,1.1503092561753943,0.009104597333198823,-0.009714043113041476,0.013313764539067064,6.1884603232699734e-12,0.24643342232700152
238,239.66445307015135,3598.2618715774443,-1.1561039362132777,-0.5127471869900233,1.2647078670958034,-0.013380832595061084,-0.0059345739234956466,0.014637822535831062,4.489410636023247e-12,0.2457813759659101
239,240.0571312887534,3622.764992418212,-1.2676830789216738,-0.5572941431503282,1.3847733210074467,-0.014672257857889745,-0.006450163693869543,0.01602746899314175,5.883955793848007e-12,0.24479705391344214
240,240.48476431470579,3649.449293237641,1.0202780179117579,-1.10478231336388,1.5038321694110655,0.011808773355460161,-0.012786832330600467,0.01740546492373919,8.543459983623421e-13,0.24443029817255513
241,240.94735298695596,3678.314826386052,-1.4915292662605488,-0.6467714516891471,1.6257222588227727,-0.01726307021134894,-0.007485780690846611,0.01881622984748579,-4.118811411067317e-12,0.24503577952648123
242,241.4449575214047,3709.3653493356524,-1.6034780241041398,-0.6923016817962072,1.7465461323431377,-0.018558773427131244,-0.008012750946715367,0.020214654309527055,-9.198422460520482e-12,0.2458632825365725
243,241.9779392694519,3742.623410413798,-1.7167414011189104,-0.7387549934695027,1.8689462214552468,-0.01986969214257998,-0.00855040501700813,0.021631322007583872,1.8189894035458565e-11,0.24649120579541745
244,242.54697500841593,3778.1312405251538,-1.832314146794668,-0.7864002560704529,1.9939409457884016,-0.021207339661975324,-0.009101854815630242,0.02307802020588428,-4.547473508864641e-13,0.24692891374444217
245,243.15297867754805,3815.9458694789982,1.423817878603031,-1.562103689827176,2.1136284652704016,0.016479373594942486,-0.01807990381744417,0.024463292422111132,8.875215809420619e-13,0.24727142520894332
246,243.79703937483075,3856.1352569894384,-2.0730309317003677,-0.8861484386366474,2.2544880348062755,-0.02399341356134685,-0.01025634766940565,0.02609361151396153,1.2646156728200548e-11,0.24759456268800506
247,244.48039496730942,3898.776645960108,-2.199162988423965,-0.9386452773848794,2.391102843127155,-0.025453275328981076,-0.010863949969732395,0.027674801425082805,-3.2259992078359968e-12,0.24792470285112866
248,245.2044282404678,3943.95632220519,1.6949309401205468,-1.8653161338466173,2.520356159546982,0.019617256251395213,-0.021589307104706218,0.02917078888364562,-1.2278178473934531e-11,0.24826690596089163
249,245.97067076116636,3991.769855496781,-2.4653036714953838,-1.0498559197332875,2.6795372072221064,-0.028533607308974352,-0.012151110182098234,0.031013162120626235,-1.8189894035458565e-12,0.2486241676629664
250,246.7808083834227,4042.322443125577,-2.6062872632314122,-1.1089741272432336,2.832411854476177,-0.030165361842956154,-0.012835348694944829,0.03278254461199279,-5.4569682106375694e-12,0.2489862206415789
251,247.63668688089103,4095.7292613676004,-2.753224981838942,-1.170715894230345,2.991792690950628,-0.031866029882395154,-0.013549952479517888,0.03462723021933597,1.3642420526593924e-11,0.249364834726041
252,248.54031676058003,4152.115765860193,-2.9066501182625646,-1.235292280221837,3.1582529866322373,-0.033641783776187074,-0.014297364354419403,0.036553854011947176,-2.320410918019669e-11,0.24973957201001443
253,249.49387600390074,4211.617862643406,-3.067097280277292,-1.302922345628499,3.332370382388853,-0.03549881111432051,-0.015080119741070583,0.03856910164801913,5.410657137176317e-12,0.2501271264354889
254,250.49971167616957,4274.382008592981,2.347250368062048,-2.5901223447731274,3.495471077159767,0.027167249630347768,-0.029978267879318603,0.04045684117083063,2.000888343900442e-11,0.2505040243022662
255,251.56033830906117,4340.565110485417,-3.4112701104473167,-1.448139942037728,3.705924049161866,-0.03948229294499209,-0.01676087895877,0.042892639457891964,-7.275957614183426e-12,0.25080918504123906
256,252.67841755899025,4410.333255680991,2.607875000099146,-2.878852750218796,3.8844311261218736,0.030183738427073458,-0.03332005497938422,0.04495869358937355,-9.243054499377219e-13,0.25085974364373614
257,253.85667844786227,4483.856735146605,-3.7900083371478277,-1.6067061791894641,4.116511622951604,-0.04386583723550725,-0.018596136333211385,0.04764481045082873,-1.0461360024950233e-11,0.2500039794009351
258,255.09766406797758,4561.2942378418,-3.9928453254557255,-1.6888390815000254,4.33531904664645,-0.046213487563144966,-0.019546748628472502,0.0501773037806302,9.088433752904399e-12,0.24662662713087072
259,256.40303156749735,4642.749169811835,3.0343620458163474,-3.357004788348845,4.525133608423937,0.03511993108583735,-0.03885422208737088,0.052374231578980746,-1.0913936421275139e-11,0.2378034148278608
260,257.77200524882795,4728.173127526864,-4.410158576316674,-1.837552219138857,4.77766646243976,-0.05104350204070224,-0.02126796549929233,0.05529706553749722,-1.8189894035458565e-12,0.22218710198780792
261,259.1991306639835,4817.225753432571,3.2802296828662816,-3.6601658610686147,4.914948718235947,0.037965621329470865,-0.04236303079940527,0.05688598053513829,-7.275957614183426e-12,0.20758540030517478
262,260.67328843735703,4909.213198491078,-4.745430332069616,-1.9278769939900282,5.122091246793869,-0.05492396217673166,-0.022313391134143823,0.05928346350455865,1.852143672249708e-12,0.20576221499436517
263,262.18026504981947,5003.248539108735,-4.844338036155409,-1.9502812452389418,5.222184212001028,-0.05606872727031725,-0.02257269959767295,0.06044194689816008,6.384389549703503e-12,0.2123796757266897
264,263.7068169999945,5098.5053807996555,-4.901396712902171,-1.960580439117642,5.278973896080462,-0.05672912862155289,-0.02269190323052826,0.061099234908338663,-6.366462912410498e-12,0.21927365505010257
265,265.2425430573099,5194.334686776137,-4.926974766379698,-1.96067253386554,5.302765046048806,-0.05702517090717243,-0.022692969141962255,0.06137459544037969,-1.8189894035458565e-11,0.22324277209069665
266,266.7794005417918,5290.234593807808,3.4233975388617814,-3.925120366133665,5.208283843812871,0.039622656699789136,-0.04542963386728777,0.060281063007093405,-8.143071453715873e-12,0.223443811523509
267,268.310258572956,5385.760134952455,-4.908750696045626,-1.930103267281712,5.274574107764527,-0.05681424416719474,-0.02233915818613093,0.0610483114324598,2.859720721375802e-12,0.21937702578247958
268,269.82724532833674,5480.4201084882125,-4.864229428835626,-1.8948158273777989,5.220254299939034,-0.05629895172263453,-0.021930738742798595,0.06041960995299805,6.411554085414077e-12,0.21182890537808347
269,271.320262838259,5573.584401107361,-4.786228144549904,-1.8420950125770004,5.1284787107916,-0.055396159080438705,-0.02132054412704862,0.0593573924860139,1.4551915228366852e-11,0.2042947821308318
270,272.77641567059095,5664.448337844875,3.162528093970533,-3.7027864465157454,4.869518601838748,0.03660333442095525,-0.04285632461245074,0.05636016900276328,-3.637978807091713e-12,0.2056122778133984
271,274.1817719961148,5752.142572557562,3.0266741673509565,-3.570985261626062,4.681099470643639,0.035030951011006436,-0.04133084793548683,0.05417939202133842,-3.5162199524932263e-12,0.21822614938646595
272,275.5253752516799,5835.983415704827,-4.287819239717346,-1.609459458340092,4.5799294296452455,-0.04962753749672854,-0.018628002990047365,0.053008442472745894,-3.5651733999377488e-12,0.23189792946190615
273,276.8018515363354,5915.635535867328,-4.069371169872368,-1.5246453486274862,4.3456098717303,-0.047099203355004234,-0.017646358201707017,0.050296410552434,-3.637978807091713e-12,0.23967684468878048
274,278.0104787383793,5991.053873274866,-3.8511871849106445,-1.4415269248949205,4.1121335834840025,-0.04457392575128059,-0.016684339408506017,0.047594138697731485,-1.670373899506479e-11,0.24268737001617685
275,279.1529715826398,6062.345426756723,-3.639684523073645,-1.3613975402717815,3.8859627751896806,-0.04212597827631533,-0.01575691597536784,0.044976421009139816,-2.0335885481477634e-11,0.2434864088120297
276,280.2319467479206,6129.673477070243,-3.436974623056416,-1.2847001347296254,3.6692300276363308,-0.03977979887796778,-0.014869214522333626,0.042467940134679756,1.2411428896499683e-11,0.2434871941614193
277,281.2502277765101,6193.214213254229,-3.2434115968707338,-1.2114643540725034,3.462277381710465,-0.03753948607489275,-0.014021578172135465,0.04007265488090816,-3.637978807091713e-12,0.2432040520371989
278,282.2105943446663,6253.141087107176,-3.058751038171097,-1.1415658364430936,3.2648323804518333,-0.03540221108994324,-0.0132125675514247,0.0377874118107851,-1.1632313443369384e-11,0.2428421598432181
279,283.11570392007366,6309.619924612596,-2.8825695597064214,-1.074835350878353,3.0764392238501745,-0.0333630736077132,-0.012440223968499461,0.03560693546122886,-2.1827872842550278e-11,0.24246885732372606
280,283.96807203735784,6362.80769513113,-2.7144031626303176,-1.0110963106324136,2.896601504983374,-0.03141670327118423,-0.011702503595282564,0.033525480381752015,2.0305084177858052e-13,0.24211126171025402
281,284.7700713131062,6412.852449937826,-2.5537954525071727,-0.9501710144310191,2.724829567130977,-0.029557817737351538,-0.01099734970406272,0.03153737924920112,-1.4551915228366852e-11,0.2417586486209889
282,285.5239350850705,6459.893549308398,-2.400297913711069,-0.8918932762998178,2.5606451708260036,-0.027781225853137373,-0.010322838846062707,0.02963709688456023,7.489557270738618e-12,0.2414299231789329
283,286.23176292743676,6504.062006672054,-2.2534866393407573,-0.836099306833752,2.4035939932890455,-0.026082021288666175,-0.009677075310575827,0.027819374922326917,3.637978807091713e-12,0.24110770737290743
284,286.89552662776464,6545.480861572513,1.4022310789064125,-1.6832518343174012,2.1907963703603164,0.016229526376231627,-0.01948208141571066,0.025356439471762922,-7.96941765907793e-12,0.24079930929953577
285,287.5170752529094,6584.2654957815475,-1.978305025647842,-0.7313504023681195,2.109161962853379,-0.02289704890796113,-0.008464703731112492,0.024411596792284475,-1.7678376534233232e-11,0.24050547782271872
286,288.0981403435135,6620.523957435241,1.22395367405199,-1.4729003812651513,1.915071311820109,0.014166130486712844,-0.017047458116494812,0.022165177220140154,7.275957614183426e-12,0.24022211878589453
287,288.6403408632614,6654.35726986751,1.1400520033787795,-1.3740236263433416,1.7854017744355684,0.013195046335402541,-0.015903051230825718,0.02066437238930056,5.571505583607791e-12,0.2399511705967105
288,289.1451875740957,6685.859704623572,-1.6060072548346127,-0.5891808139081305,1.7106704340868395,-0.018588046930956167,-0.0068192223831959565,0.019799426320449533,-1.0913936421275139e-11,0.23969000998883927
289,289.61408729592733,6715.119047265865,0.981554619113588,-1.1874912353437377,1.540644314668839,0.011360585869370233,-0.01374411152018215,0.017831531419778234,-1.8189894035458565e-12,0.23943889440293054
290,290.0483468315074,6742.2168422860605,-1.3807595605450673,-0.5028310377645875,1.4694679365593586,-0.01598101343223457,-0.005819803677830876,0.017007730747214796,2.3646862246096134e-11,0.23919734416484562
291,290.44917674246835,6767.228628730025,-1.2740627582871706,-0.4618189199530162,1.3551799241727587,-0.01474609673943484,-0.0053451263883450935,0.01568495282607359,-4.94052748331444e-12,0.23896455576799064
292,290.8176949454405,6790.224164595487,-1.170919412146266,-0.4220963180663621,1.2446756892725657,-0.013552308010952153,-0.004885374051694001,0.01440596862583988,-8.845722772862224e-12,0.238740567788574
293,291.15493006862283,6811.267636282065,0.6957808827028606,-0.852246669929638,1.1001979018071837,0.008053019475727553,-0.009863966087148587,0.012733772011657216,-1.3013775990045577e-12,0.23852177263222357
294,291.46182416060094,6830.417827621499,-0.9741624432157661,-0.34608221555532603,1.0338110880116318,-0.011275028277960253,-0.004005581198557016,0.011965406111245736,1.8708011500993827e-11,0.2383130735024217
295,291.7392353057877,6847.728283081153,-0.8800051364499198,-0.3095785701818569,0.9328708009655383,-0.010185244634837035,-0.0035830853030307517,0.010797115751915953,-7.275957614183426e-12,0.2381029905611695
296,291.987939382934,6863.247417495079,0.5025775010261084,-0.62664207122489,0.8032835302473642,0.005816869224839216,-0.0072528017502880805,0.009297263081566717,1.8189894035458565e-12,0.23790425343764565
297,292.2086320504547,6877.018639948373,-0.6988166882604538,-0.23907089515465482,0.7385794857030327,-0.00808815611412562,-0.002767024249475171,0.00854837367711843,-1.260375754737014e-11,0.23770520508856094
298,292.4019308172971,6889.080482999339,0.3811049585943313,-0.48535221888256563,0.6170962370971135,0.004410937020767723,-0.00561750253336303,0.00714231755899437,-7.275957614183426e-12,0.23751059226724883
299,292.56837647391023,6899.466691971998,0.32205197813904834,-0.41684202454828984,0.5267587209081508,0.0037274534506834297,-0.004824560469308911,0.0060967444549554495,-1.000444171950221e-11,0.23732083394706432
300,292.7084346626134,6908.206322947076,-0.44109869118989303,-0.13809052574683703,0.46220887991304804,-0.005105308925808945,-0.001598269973921725,0.005349639813808425,-5.4569682106375694e-12,0.23713349958254626
301,292.8224972328078,6915.323827327206,0.20648649530266242,-0.28313167645950793,0.3504286217721776,0.002389889991928963,-0.0032769869960591184,0.004055886826066869,8.185452315956354e-12,0.2369488343357642
302,292.910883326929,6920.839119600371,-0.27585653993080156,-0.07285860541844003,0.28531597748130727,-0.0031927840269768697,-0.0008432708960467594,0.003302268257885501,1.3642420526593924e-11,0.23676543074985384
303,292.97384023869137,6924.767630894341,-0.19450791535533565,-0.04059423141750324,0.19869881922209862,-0.0022512490203163856,-0.0004698406414062873,0.0022997548521076234,1.5614489578029167e-12,0.23658463011577488
304,293.0115442581119,6927.120361706181,-0.085120478562139,-0.034587229826412456,0.09187911807213128,-0.000985190724098831,-0.00040031516002792195,0.0010634157184274452,4.6789767583225574e-12,0.23640439431759727
305,293.02966374619535,6460.25101776259,0.020854898019945226,0.10693170371039175,0.10894639062322957,0.00024137613449010676,0.0012376354596110156,0.001260953595176268,-5.1938963163211174e-12,0.2364611825635372
306,240.14088803523094,-2941.034402259118,0.0004039439782390614,0.006623766793245146,0.006636072427939036,0.004675277525915067,0.0766639675144114,0.07680639384188698,0.0,182.37557195332096
307,301.99093809284057,918.4087213422772,-0.034897509044633616,-0.061955938764933195,0.07110818859853228,-4.039063546832592e-05,-7.170826245941347e-05,8.230114421126425e-05,1.1641532182693481e-10,162.00765840450453
308,301.99124043847206,1426.403236826412,-0.26944611718625894,0.21001576084537962,0.3416252769778824,-0.00031185893192854045,0.00024307379727474498,0.0003953996261318084,-1.3814382049684907e-10,144.2916600628478
309,235.74186413743007,-2707.5578443676886,-0.00247882700304314,0.004045646748652549,0.004744664469264267,-0.028690127350036343,0.04682461514644153,0.05491509802389198,-1.388101657275183e-14,182.41537632862992
310,231.20094051337335,-389.76245141782704,0.3582900703364484,0.4831937497016932,0.6015380073216319,-0.0937901607315643,0.05787145783313302,0.11020753096673912,2.6564145483833765e-11,181.9819799813094
311,301.950699543602,4025.0225120695445,-0.4059717318626857,0.4658552774124346,0.6179273311357937,-0.00046987468965588617,0.0005391843488569847,0.0007151936702960576,3.6211850454674297e-10,145.97798875241455
312,233.1007612844561,-2376.8656134317976,-0.0031390209452292614,0.0034432860618845195,0.004659363840542634,-0.03633126094015348,0.03985284793847822,0.053927822228502696,-9.993004084272869e-15,182.44961997118807
313,301.99129850102076,1921.9039088884422,-0.3366783836240502,0.29789109628595556,0.44954581440177105,-0.0003896740551204284,0.00034478136144207815,0.0005203076555576053,9.313225746154785e-10,127.79372463151621
314,231.073440314478,-385.9440911791719,0.5835068031914687,0.6037840363398675,0.8396638326792395,-0.03374570017092868,-0.012057702395380485,0.03583518476416412,-4.1828332371697504e-11,182.2285726749058
315,301.9595806382224,4037.3510650254475,-0.1247519778390806,0.3130978753982412,0.3370361042286939,-0.00014438886323967664,0.0003623818002294459,0.00039008808359802544,-2.3283064365386963e-10,129.7607847866479
316,244.12260949206888,-1024.2541148032803,-0.01162609887458046,0.01151543827794352,0.016363724935803826,-0.13456132956690348,0.1332805356243463,0.18939496453476648,-1.0154527868763631e-16,181.59892306427412
317,301.9631446799524,2584.995280920722,-0.1394538525451241,0.06709342110829204,0.15475433482035916,-0.00016140492192722697,7.76544225790417e-05,0.00017911381344948976,2.3376452201517415e-10,173.92613809127198
318,230.7821561941453,-412.0932441294024,0.9047155676171912,0.7976972664605759,1.206163830997917,-0.008873490406051843,0.007362373276236629,0.011530107208735632,4.3656074176730223e-11,182.40079743442874
319,301.97247384216666,4030.1825771082176,-0.17712109341542853,0.12185393401117,0.2149889833611842,-0.00020500126552711636,0.0001410346458462616,0.00024882984185322244,0.0,108.13091943710758
320,246.30317424898948,-2952.907226666343,-0.012011807236600917,0.008525141738380211,0.014729614887997938,-0.13902554671991804,0.09867062197199321,0.17048165379627248,-6.042115615308601e-14,182.307431354742
321,301.9829360519632,521.5099098422271,-0.28214675824582164,0.34557024117371676,0.4461228359695196,-0.0003265587479697009,0.000399965556914024,0.0005163458749647217,-1.0497071984468643e-10,177.38487278315813
322,230.51872365851077,-411.17044257935345,1.074433831251344,0.9748498547327871,1.4507723105332475,0.0011014807047559662,0.004818399250253782,0.004942694718247922,-5.571267336972486e-11,182.4455054800826
323,301.97980229859263,4048.048215564887,-0.04973168389819132,-0.05878537949881212,0.07699974822146487,-5.7559819326610296e-05,-6.803863367918072e-05,8.912007896002878e-05,2.9962124326742007e-10,95.10263350192875
324,231.58462964254477,-2047.3054818852345,-0.0001081804166725679,0.0013671201290763565,0.0013713936159532039,-0.0012520881559325017,0.015823149642087465,0.015872611295754683,7.105427357601002e-15,182.47836104147973
325,301.99263717146147,2346.154187929195,-0.03948935094859563,-0.043084904638722596,0.05844414295777782,-4.5705267301615314e-05,-4.9866787776299306e-05,6.764368397890952e-05,-5.820766091346741e-11,111.83499795242827
326,250.8852886233621,-2004.1430918344256,-0.0018282433427389705,0.002672700023667609,0.0032381783670425266,-0.021160223874293657,0.03093402805170845,0.03747891628521444,-1.0974720242453116e-14,181.9091886636153
327,301.9719868892627,1183.6668799571771,-0.09815101920089767,0.09158924092353818,0.1342468309611996,-0.00011360071666770565,0.00010600606588372472,0.0001553782765754625,-1.0354151385528645e-10,179.0873983727028
328,230.20314772967723,-443.99417626051724,1.0220557793441858,0.7941902229017191,1.2943477609373508,-0.0030827599082624444,0.0046426577489630865,0.005572941738973885,-3.013273263587048e-11,182.4645502463343
329,301.9863580186884,4035.2781457732463,-0.14714912220565013,0.10473362038706954,0.18061560122336096,-0.0001703114840343173,0.0001212194680405898,0.0002090458347492604,2.574871142130612e-11,83.4474841213949
330,230.76709219270808,-1624.3918337184978,-0.0004359766986099501,8.545047551651491e-05,0.0004442718373888106,-0.005046026604281829,0.0009890101332929952,0.0051420351549630846,3.197442310920451e-14,182.4886055956172
331,301.9931227860093,2820.129731505785,-0.2759422849978049,0.3402571468089372,0.4380856886550489,-0.00031937764467338534,0.00039381614213997363,0.0005070436211285288,1.1641532182693481e-10,97.66643045613252
332,301.9740053292091,-40.837041840717845,0.050275365410659356,-0.0035689382984350412,0.050401881787819784,0.015498130986140963,-0.00629740461025391,0.016728698959836353,-1.9205798538182026e-10,182.35936557917495
333,254.1514004675052,-3024.967585210101,-0.0031657662973458003,0.01751678347183764,0.017800555593819392,-0.036640813626687495,0.20274054944256525,0.20602494900253923,-1.2765543716284632e-14,182.25823950023533
334,301.99514835796583,3474.336664801728,-0.1942194537497011,-0.037510786690219865,0.1978086331102651,-0.0002247910344325244,-4.3415262372939655e-05,0.00022894517721095493,-3.158504827746911e-10,77.31480836123576
335,229.9825079629424,-1019.252095850656,-0.0005087905551005148,0.0011888763025717497,0.0012931723364564233,-0.005888779572922624,0.013760142390876732,0.014967272412690082,-4.675768036543227e-15,182.48999357971115
336,229.83410435377795,-416.3781839637736,1.0700812526342731,0.7759954431323803,1.3218331267605432,-0.00582932429247469,0.011896124917090493,0.013247596376318869,-2.9252391029832895e-11,182.46214124638342
337,301.99136746482907,4086.2350341669585,-0.17330804042398967,0.009405807581407834,0.1735630896586648,-0.00020058800974998806,1.0886351367370202e-05,0.00020088320562345463,4.291592864732775e-11,72.60391567248215
338,248.24530918154105,-1473.0780934794323,-0.008510848783726165,0.019228510502031608,0.021027842569940287,-0.09850519425608986,0.22255220488462507,0.24337780752245702,-2.8720520156542187e-15,181.8002017553619
339,244.04572904342754,-1686.7053079589136,-0.007874106418357237,0.010045446820178446,0.012763720214132237,-0.09113549095320876,0.11626674560391716,0.1477282432191231,-8.580347348745622e-15,181.89315318938912
340,239.94853113457765,-1245.6555936724528,-0.006145027152839781,0.007118562613815115,0.009404004061884729,-0.07112299945416413,0.0823907709932305,0.10884263960514731,-1.0970403799609825e-15,181.76555962590416
341,240.71820242869364,-1839.0667812027414,-0.010519384306915906,0.01717059406822494,0.020136701488882188,-0.121752133181897,0.19873372764149236,0.2330636746398401,-4.125573340839246e-14,182.0150573629902
342,237.28380449264813,-1377.5080156124109,-0.008207617038124221,-0.0011744081216399703,0.008291212931814075,-0.09499556757088214,-0.01359268659305519,0.09596311263673692,-2.7754193589675623e-14,181.94950897746742
343,235.33140383919834,-838.976218607049,-0.0036142883047503927,-0.0018905537010020688,0.004078881371923936,-0.04183204056424064,-0.021881408576412846,0.04720927513800851,-1.7763568394002505e-15,181.716050465161
344,238.18473651802134,-1931.2376766340303,-0.00700815499732319,0.012654806095640543,0.01446576488764998,-0.08111290506161098,0.14646766314398774,0.16742783434780067,3.552713678800501e-15,182.13320203156798
345,235.50200447427335,-1448.3039027256489,-0.0037311419526420433,0.0024577438841963976,0.004467877042966858,-0.043184513340764376,0.02844610977079165,0.05171153984915344,0.0,182.09982534892885
346,236.4396776128316,-2135.6534744216333,-0.005184983674040932,0.003619196298166647,0.006323182548743486,-0.06001138511621448,0.04188884604359545,0.0731849832030496,-2.1070524667746806e-14,182.26718033602705
347,234.39111544229024,-1535.4615141927677,-0.004891478832958893,0.0036416450613839476,0.006098208255412978,-0.056614338344431636,0.042148669691943835,0.07058111406727983,-6.107079089738064e-15,182.21706085303407
348,233.13835564996768,-929.3823528452527,-0.009888626503610838,0.0057359416040679585,0.011431796018701191,-0.11445169564364394,0.0663882130100458,0.13231245392015265,-1.4210854715202004e-14,182.09393738669374
349,243.8479361695075,-2341.415011677869,-0.012507046698393363,0.008817382173612474,0.015302694060567616,-0.14475748493510832,0.10205303441681107,0.17711451458990293,-3.019806626980426e-14,182.1324520616077
350,247.38513879421888,-2190.782004504308,-0.0035035799836444074,0.005354800945795649,0.0063991379005994015,-0.04055069425514359,0.06197686279856076,0.07406409607175234,1.7513093457327764e-15,182.0335861365549
351,250.45146067105628,-2818.475617889091,-0.0035738115983970963,0.004533610102206417,0.0057728459099187545,-0.041363560166633055,0.052472339145907605,0.06681534617961521,-9.595776675859551e-15,182.21518917140997
352,301.9689024859057,1879.2741287126835,-0.18442037857340723,-0.024365367162563437,0.18602297479108693,-0.0002134495122377398,-2.8200656438152114e-05,0.00021530436897116537,-3.397291533890352e-10,176.7031294600098
353,301.9703077247749,1927.7884017568242,-0.16787962082590852,0.1214351983836449,0.2071957395679892,-0.00019430511669665343,0.00014054999812921867,0.00023980988375924683,-4.104286051288976e-11,171.5931004377274
354,301.9638144490667,2624.098085152016,-0.21825424961348844,0.07911632140617315,0.23215148026060872,-0.00025260908520079693,9.156981644233005e-05,0.0002686938428942232,2.0372681319713593e-10,166.89316310021357
355,301.97277819430633,1983.2187465734658,-0.29317503196441835,0.026189793988946095,0.29434249553287606,-0.0003393229536625212,3.0312261561280166e-05,0.0003406741846445325,1.5410194594891313e-10,165.11999463139963
356,301.9660958511999,2658.6669651619463,-0.09057175997837838,0.21899705577697265,0.23698724468747986,-0.00010482842590090083,0.0002534688145566814,0.00027429079246236104,-1.3693682107554171e-10,159.02091716904508
357,301.9555795896851,3318.3723482238015,-0.013992166383693718,0.007879528166106221,0.016058259065958234,-1.6194637018164026e-05,9.119824266326724e-06,1.8585947993007254e-05,-7.872920347880112e-11,161.5151893376174
358,301.9755730606795,2049.3105236315555,-0.32226826955317844,0.044528336936953475,0.32533000223030606,-0.00037299568235321586,5.153742701036283e-05,0.00037653935443322464,-4.0745362639427185e-10,157.65841284191922
359,301.9691191164733,2699.2440509489,-0.2460533532151561,0.14396456948255973,0.28507551612637855,-0.000284783973628653,0.00016662565912333295,0.00032994851403516046,-2.3283064365386963e-10,150.85469911332717
360,301.9808878603742,1954.118045027831,-0.3191545268639421,0.50589762145907,0.5981571828672554,-0.00036939181349993295,0.0005855296544665164,0.0006923115542445086,-2.652902056306791e-10,149.6682720584275
361,301.9730362813368,2681.6503461597194,-0.25873784927021326,0.2656529885030909,0.3708325564801437,-0.0002994651033220063,0.0003074687366933923,0.0004292043477779442,-2.052106461844669e-11,143.25334832305344
362,301.96201036480574,3365.2137013623283,-0.40703254911625264,0.4573557856474215,0.6122497943692956,-0.00047110248740307026,0.0005293469741289601,0.0007086224471866848,-8.731149137020111e-11,144.4691001420355
363,301.97847208632265,1285.9304295297818,-0.4044873317670256,0.25503776950643664,0.47817806875140784,-0.00046815663398961293,0.00029518260359541275,0.000553446838832648,-4.104178857445609e-11,171.02807490054025
364,301.9746137844862,1215.6012348878387,-0.18429707246542157,0.16132769644300132,0.2449327184328995,-0.0002133067968349786,0.0001867218708831034,0.0002834869426306707,1.7984917692469926e-10,175.98951862938293
365,301.9764195921884,396.6818187897475,-0.1126575411901374,0.11692090435428347,0.16236446489928458,-4.910443339505839e-05,0.00015038676754844317,0.0001582005854373466,1.2873886365164023e-11,180.697987295824
366,301.9546944097423,3283.8785862614736,-0.18199709498290997,0.07288792083330023,0.19604997216429232,-0.00021064478585984948,8.436101948298635e-05,0.00022690969000496795,-2.2424866175902367e-10,170.52527057054954
367,301.9433513802157,3994.59781565517,-0.3410299899140048,0.15264775951125772,0.373634570810241,-0.00039471063647454266,0.0001766756475824742,0.00043244741991926047,-3.98871976398872e-10,165.6943037378585
368,238.22278269163485,-692.9927049485715,-0.02147329812006503,0.016172780562089782,0.02688236156409435,-0.24853354305630823,0.18718496020937245,0.3111384440288698,-2.1863423142275304e-15,181.40676110628058
369,231.28458048648457,-414.509488114024,0.11944612794318778,0.34344236268474426,0.3636207281868015,-0.1716783855658764,-0.0290197975819505,0.17411380393927156,-2.446419603978309e-11,181.45752084168498
370,301.9946042115349,3986.280791561574,-0.10847836718933845,0.0013819221231764812,0.10848716908842017,-0.000125553665728401,1.5994469018246563e-06,0.0001255638531115974,-1.2835282506494554e-10,67.72663606813637
371,229.59735491320913,-531.307564655429,-0.0005102584268993118,0.0008660308143004107,0.0010051731361012354,-0.005905768829853144,0.01002350479514364,0.011633948334505036,1.1641597387944004e-10,182.47196559466434
372,301.9831391226376,4051.8658470330847,-0.004780742544112627,0.05582631086704796,0.056030638799654656,-5.533266833463695e-06,6.461378572574995e-05,6.485027638848918e-05,-2.3618532125417897e-10,89.06066670281871
373,301.9908838575686,3387.865071783368,-0.1975406857912659,0.34317791657489305,0.3959714698909101,-0.0002286350529991503,0.00039719666270242234,0.00045830031237373834,-1.197698461723616e-10,88.53363497879106
374,230.3730573193831,-416.61114932280174,1.207712768878957,1.0123533510755427,1.5758900467821852,0.002921992029048907,-0.0009364320215498831,0.003068377804118872,-4.871125725003367e-11,182.45686760994647
375,230.3859455234513,-1080.2843955735293,-0.00011987206957715856,-6.450149526923602e-05,0.00013612404621035336,-0.001387408212698595,-0.0007465450841346763,0.0015755097941013126,-1.888489775034052e-14,182.4809341864837
376,230.6555133573834,-416.69529885896486,0.99096439112702,0.8846065503981425,1.328359579891321,0.005387914549698841,0.0007103659240325274,0.005434541649567427,-1.360586471843575e-11,182.42792580032804
377,231.07889935621577,-1007.2156355747331,-0.00030249577648795207,0.0006121079557704463,0.0006827736406090408,-0.0035011085241661113,0.0070845828214172015,0.007902472692234269,-1.6448083984592682e-14,182.43047450330218
378,231.36684599284024,-1007.7498569989465,-0.0016544805504205313,0.0014059000640701817,0.0021711427594408353,-0.019149080444682075,0.01627199148229377,0.025128967123157816,-2.7103711461166975e-14,182.39885299751205
379,230.85013325690392,-1113.6887096336338,-0.0004495629513247505,0.0003538524056401346,0.0005721174461429492,-0.00520327489959202,0.004095513954168221,0.0066217297007285765,2.433386951053981e-15,182.45756692897237
380,230.89380448783191,-402.78085260365225,0.8095367390286642,0.7281054488179197,1.0888008433297192,-0.01786428014960712,0.023067698377332576,0.029176209721127912,8.549605468033405e-11,182.36108578522345
381,231.70072309593417,-999.8776148742514,-0.0016624510258609303,0.0013653937626944858,0.002151288809200444,-0.01924133131783484,0.015803168549704694,0.024899176032412547,-4.6319176515468444e-14,182.3539666822457
382,232.134994002136,-1630.9214734375225,-0.003948155790311878,0.0035514330103361778,0.005310424707260116,-0.045696247573054134,0.0411045487307428,0.061463248926621715,1.3183012011291437e-15,182.4105738612784
383,232.78880655418385,-1648.6810505627357,-0.006859435742814071,0.00537548554747,0.008714797965578667,-0.07939161739368138,0.0622162679105324,0.10086571719419753,-4.0191558722253e-14,182.366863923376
384,234.06953251667196,-2215.0232587872347,-0.005555228097204857,0.007927675885618664,0.009680320457474223,-0.06429662149542657,0.09175550793540117,0.11204074603558126,-2.1316282072803006e-14,182.38796381682337
385,232.12257508465493,-1003.8511970953663,-0.004284558626301316,0.0002737712816009395,0.004293296325300927,-0.049589798915524494,0.0031686490926034635,0.04969092969098295,-1.9007449629071507e-14,182.29368981198596
386,301.9763093955301,4033.7776167580796,-0.043141438888331475,-0.09701971230337744,0.10617913318908649,-4.993222093556881e-05,-0.00011229133368446465,0.0001228925152651464,-1.6081431058977115e-10,101.4944047681181
387,301.9807085055685,3417.1138134889716,-0.03386663994381718,-0.05765297133706923,0.06686414887723524,-3.919749993497356e-05,-6.672797608457085e-05,7.738906120050373e-05,1.2499829768936048e-10,107.94657908219826
388,301.9773065547153,3398.352308419788,-0.18193217901096817,0.11945073898561202,0.2176414409157589,-0.000210569651633065,0.00013825317012223617,0.00025189981587472095,-2.8167541418946657e-11,114.79521022784665
389,301.9853455131134,3325.1737363275756,-0.1539555458357105,0.17590450975719135,0.23376207272885263,-0.00017818928916170192,0.00020359318258934177,0.00027055795454728306,2.5428808295295645e-10,101.25276989570457
390,301.9683290153166,4032.2710489719557,-0.32879903886485595,0.34366765886826206,0.47562197984370447,-0.0003805544431306203,0.0003977634940604887,0.0005504884025968802,-2.3283064365386963e-10,115.0845118294115
391,301.9736732482256,3385.156307533547,-0.19013682318079286,0.13142262382512482,0.23113614512309485,-0.00022006576757036212,0.00015210951831611666,0.00026751868648506347,2.1230939758243736e-10,121.88230876663832
392,301.9832077324908,2727.6089398830286,-0.40634235719220807,0.31545140917575765,0.5144158850575002,-0.0004703036541576482,0.00036510579765712694,0.0005953887558535881,-5.820766091346741e-11,121.22308382333111
393,301.98040787872884,2668.875490324869,-0.6039452185143553,0.5230536261287446,0.7989586489755155,-0.0006990106695768003,0.0006053861413527137,0.0009247206585364763,-6.402842700481415e-10,128.6345790934588
394,301.98626815693996,2022.981148200104,-0.41225467506419294,0.23014359484468808,0.47214403666711624,-0.00047714661465763074,0.00026636990144061125,0.000546463005401755,1.2070670474607832e-10,135.86491917421137
395,301.97017300010145,3354.639321349292,-0.1333624337227227,0.3255180016985416,0.3517776402193001,-0.0001543546686605586,0.00037675694641034913,0.00040715004655011587,2.0466123898393767e-10,129.20174594178286
396,230.99044744365352,-401.4266858302415,0.6949339602323331,0.6591991497954757,0.9578500551627441,-0.015177323283001557,0.007297960738876178,0.016840765213698553,-3.8242988151503436e-11,182.30585587059713
397,301.96413451940566,4027.332023111545,-0.21065182238793828,0.14397928735001975,0.2551552967531324,-0.0002438099796156692,0.00016664269369215254,0.0002953186305013106,-2.113742891693138e-10,122.27632455477598
398,301.9920984663639,2128.456777770206,-0.2254297920313233,0.14674614038151435,0.2689851684613053,-0.00026091411114736486,0.00016984506988601195,0.000311325426459844,7.53736204941329e-11,119.53877823607417
399,232.21895139734994,-2225.3875993486886,-0.0017129632083104597,0.0022041706314554093,0.0027915248746152705,-0.019825963059148837,0.02551123416036353,0.03230931567841748,8.422035233587138e-15,182.46725648771934
400,231.1127627206769,-1826.41377277309,-0.0007511968398708013,0.0011410490733714052,0.0013661221321952224,-0.008694407868875018,0.013206586497354227,0.015811598752259518,-3.4923442585429434e-15,182.4842357535837
401,301.9927535085294,2596.4976523970254,-0.14283108760802293,0.1581480969165845,0.21309983609948677,-0.000165313758805582,0.00018304177883863947,0.00024664332881885035,-3.3207981453376886e-10,104.49136837669339
402,301.9909159177518,1192.3829867322586,-0.1880519700477066,0.2145477877201414,0.2852968570707192,-0.00021765274311077152,0.0002483191987501636,0.00033020469568370277,-2.3283064365386963e-10,153.00705256420346
403,237.68955399659512,-2820.021997155789,-0.00291776197184826,0.005514253655146505,0.0062386158959869,-0.03377039319268816,0.06382238026789934,0.07220620249984834,1.379502805301096e-14,182.3912261626366
404,301.9716046717681,-182.7024119427424,0.029521994352008533,-0.001508395365795406,0.02956050417532788,-0.0011867342159475906,0.0014058943522213885,0.0018398035299750733,3.0403772136567146e-10,182.32563233889414
405,258.4306643131789,-2899.6570903184697,-0.010794972812150501,0.013684165137261239,0.01742950984735097,-0.12494181495544554,0.1583815409405236,0.20173043804804358,-5.589144028805694e-15,182.14030205032319
406,301.98860911923725,723.495373895029,-0.299484374984316,0.21257329883327894,0.3672578089525244,-0.00034662543400962493,0.00024603391068666545,0.0004250669085098662,-9.495790653431652e-11,170.6547472816889
407,242.9889526290604,-2958.08319109666,-0.004837373457645764,0.00667608594413292,0.008244410561233888,-0.055988118722751924,0.07726951324227915,0.09542141853279963,-5.971270534627864e-14,182.34233172115015
408,234.00135460112045,-906.7286473093723,-0.0046557446324795035,0.002352252990151613,0.0052162296932304385,-0.05388593324629052,0.02722515034897699,0.060373028856833745,-8.881784197001252e-15,181.94215898802292
409,301.9586377337671,3333.8058201680687,-0.273681683477474,0.16644999016475767,0.3203236848828263,-0.00031676120772855786,0.00019265045157958058,0.0003707450056514193,8.731149137020111e-11,152.63163165885487
410,231.14185784334467,-386.7133001367336,0.4579148060090246,0.556055940357344,0.7203361565054004,-0.03011837413776383,0.015226142068261476,0.03374836089331159,2.2993724683791103e-11,182.1262921833191
411,301.95519551630105,4032.03897065827,-0.2592471845178738,0.18115824022288748,0.31627110313953427,-0.00030005461171050214,0.00020967388914686053,0.0003660545175226092,8.824459999873328e-11,137.53727569289433
412,231.24888845736885,-407.575600679401,0.25255895970843784,0.3980619560108412,0.471422686081382,-0.053448523129532695,0.01686997647964066,0.05604766481444005,7.135308169489009e-11,181.77911129652608
413,301.94662611659083,4003.9632292564265,-0.308698702043915,0.19888235611750346,0.3672180281773313,-0.0003572901644026795,0.00023018791217303643,0.00042502086594598535,-3.5353673216277395e-10,155.07309478727956
414,232.61141615417793,-983.1562792552916,-0.0034536015629951585,0.002480422796929855,0.004252041980913632,-0.039972240312443966,0.028708597186688146,0.04921344885316705,-1.0658141036401503e-14,182.2100600667004
415,301.9663089535642,3344.589099508698,-0.2622288014466428,0.1917160046217546,0.3248368370986755,-0.0003035055572299106,0.0002218935238677715,0.00037596856145680034,5.820766091346741e-11,136.74506510846058
416,233.54459763129336,-1607.2227396251437,-0.0024302765153399256,0.002875961284822545,0.003765288468737942,-0.02812820040902692,0.03328658894470537,0.04357972764742987,1.7763568394002505e-14,182.30230825991703
417,301.9768403135389,2662.9493463407603,-0.2662893717003116,0.1892203325810917,0.32667164514638497,-0.00030820529131980507,0.0002190050145614487,0.00037809218188238997,-8.731149137020111e-11,136.07288219556486
418,301.9817744534748,1412.1164230682257,-0.18373442209496907,0.12704357517888595,0.22337951530255748,-0.0002126555811284364,0.00014704117497556246,0.00025854110567425634,-2.3618547180198316e-10,163.8773505187772
419,240.71864146477705,-2410.7030754300163,-0.003815515550561975,0.007669558913824319,0.008566229791991476,-0.04416105961298581,0.08876804298407778,0.09914617814804949,-1.3530589626597401e-14,182.21284770109887
420,301.9934109922259,3406.1200126225763,-0.17480012318806307,0.10574063627330449,0.20429431031246392,-0.0002023149573935915,0.00012238499568669497,0.0002364517480468332,1.2875034371973015e-11,82.70864102224319
421,230.17896919770087,-1075.1013745772295,-0.00031025209539594257,0.0006121262184076084,0.0006862615171780887,-0.003590880733749335,0.007084794194532501,0.007942841634005653,-4.197815954514372e-14,182.487552381579
422,230.57692308054388,-1015.768930972034,-0.0003774603157786479,0.00040146668631637033,0.0005510460871919549,-0.004368753654845461,0.0046466051656987315,0.006377848231388367,-8.226222915272926e-15,182.46954272831664
423,301.9875664653097,3440.267003800104,-0.20766244126570876,0.18616831829085764,0.27889484084091626,-0.00024035004776123698,0.0002154725906144185,0.0003227949546769864,9.160308164517008e-11,94.10461072588035
424,301.995837532104,4141.026510131185,-0.09996147766651338,0.02210982212262143,0.10237744503339988,-0.0001156961547066127,2.5590071901182173e-05,0.0001184924132331017,-1.89914333280274e-10,61.9484299951781
425,229.35430621976315,-391.8050437607583,0.5668772964651134,1.0602929289224967,1.2023189944314459,-0.004640415433096701,0.007462053049489957,0.008787245934029866,-1.0989341725137892e-10,182.45906933476567
426,301.9855441530545,2806.037560491489,-0.15116010817011388,0.08919393550928108,0.17551335115493158,-0.00017495382890059475,0.00010323372165426054,0.00020314045272561525,3.33953681934926e-11,114.23952635554976
427,231.62529734557984,-1584.4476107926237,-0.0009439397722964455,0.001517723087036116,0.001787318008258604,-0.010925228846023673,0.017566239433288378,0.02068655102151162,-8.881784197001252e-15,182.43975590140838
428,234.84566991422477,-2039.665069640922,-0.003261075191551661,0.005068264519561286,0.006026766682492154,-0.03774392582814421,0.05866046897640378,0.06975424401032586,0.0,182.31794099580443
429,301.9816563462766,2149.62053284636,-0.2783017094418031,0.2866386089671577,0.3995166249717988,-0.0003221084600020869,0.00033175764926754355,0.0004624035011247671,5.820766091346741e-11,141.83466573655545
430,230.0110208435458,-431.43338861006123,0.9717439602406595,0.8612136459885378,1.2984511035464796,-0.0035016626803203946,0.005732931363620454,0.006717748398588004,-1.4772398439472486e-12,182.4667583033089
431,301.98900440502183,4059.9928221635387,-0.12489423845799787,0.06822612003919526,0.1423143501394217,-0.00014455351673379384,7.896541671203157e-05,0.0001647156830317381,-6.58542433239923e-11,77.8558942737913
432,301.9724649751549,556.4585897636665,-0.0271075012025758,0.046492977478119056,0.05381833866098557,-3.137442268816643e-05,5.381131652560078e-05,6.228974382058516e-05,6.679019990783216e-11,181.02225735441527
433,253.874510914443,-2444.853743624645,-0.007965100675974876,0.009257099445051842,0.012212154556588061,-0.09218866523119071,0.10714235468810002,0.14134438144199143,3.023379440954821e-14,181.97408450555199
434,301.9979622842035,4366.897846532296,-0.1685692520649806,0.20648629674206198,0.26655615446655484,-0.00019510330100113495,0.00023898876937738654,0.00030851406766962367,-2.416490963244888e-12,52.76639128299879
435,228.8980984754618,-194.53365513543608,1.301855232539585,5.653142771996047,5.801107674148262,-0.0031725563294925816,0.01288514575937944,0.013269969664782862,8.114353841136655e-11,182.4811708920288
436,238.52081695482934,-2449.6206190775347,-0.005178052755894467,0.00860598091365546,0.010043661574795734,-0.05993116615618597,0.09960626057471594,0.11624608304161729,-7.105427357601002e-15,182.2791091710448
437,301.9841293546853,1510.4900746789858,-0.24287796929719932,0.23017656734302464,0.3346206211872622,-0.0002811087607606473,0.00026640806405442646,0.00038729238563340516,1.4551915228366852e-10,156.8772720368056
438,234.30313265412576,-2763.9721916327712,-0.003226698970828195,0.0056108499751024625,0.006472497484854748,-0.03734605290310412,0.06494039323035258,0.074913165333967,-2.886610780145547e-15,182.4622153643175
439,301.99431456211175,1459.957559421192,-0.16981797581869368,0.1051685881404864,0.19974628117344684,-0.0001965485831234881,0.00012172290294037785,0.00023118782543223024,-5.649098966387101e-10,135.93149881966679
440,301.9969622771631,4246.910446093706,-0.1291949058165594,0.09942446746181643,0.1630231530151943,-0.00014953114099138822,0.00011507461511784314,0.00018868420487869715,-4.3991121856379323e-10,57.35550587107549
441,229.14838926279964,-298.8405100055039,1.36019331882198,2.6597697211744005,2.987390304972569,-0.001447096662504966,0.008253423332757352,0.008379324880939782,-8.731149137020111e-11,182.25209391079858
442,230.55064983209465,-1558.6891932619162,-0.0001161467677019789,0.00044045361732687115,0.00045551011038608494,-0.0013442912928469778,0.005097842793135083,0.005272107759098206,1.7763568394002505e-14,182.49439900100066
443,301.9944913938681,2899.40652018562,-0.2851093726228371,0.2769740351711479,0.3974946169652817,-0.00032998769979495035,0.0003205717999666063,0.00046006321408018715,5.820766091346741e-11,92.53724140574103
444,301.9876614199073,2880.9785696481085,-0.16556461863797423,0.13815608970366106,0.2156356836586744,-0.00019162571601617382,0.00015990288160145966,0.0002495783375679102,5.820766091346741e-11,107.82977346417589
445,231.24090793319172,-1533.6234048814683,-0.0012781299896126822,0.0017569741314933977,0.0021726882816189472,-0.014793171176072711,0.020335348744136544,0.025146855111330406,-1.7763568394002505e-14,182.45957299533222
446,229.8045977840501,-954.3848899295241,-0.0004427616543049787,0.000931101253532359,0.0010310128160466348,-0.0051245561840854,0.010776634878846746,0.011933018704243455,-9.351845620372344e-15,182.48967430191882
447,301.99640817667387,3550.3840785714765,-0.11222736825736068,0.09240812242826692,0.14537621289843403,-0.0001298927873349082,0.00010695384540308681,0.00016825950566948388,-4.96243046654854e-11,72.75693462029689
448,294.47777767365915,1310.2703850784499,-0.0014754149467864628,0.009155250438374837,0.009273373704028299,-0.017076561884102538,0.10596354674044953,0.10733071416699422,-2.244487795261236e-15,180.56065175324005
449,268.0608258757338,1820.1017014605518,-0.012119516123388288,0.017000290399430597,0.020878039772211393,-0.1402721773540311,0.19676262036378006,0.2416439788450393,-3.552713678800501e-14,180.04357608323136
450,272.79015785334735,-43.03709170902039,-0.015015564768191504,0.01327454744031529,0.02004197582707192,-0.35783329108503314,0.581969804009336,0.6831789787364735,1.4198326570779838e-14,181.71906340731658
451,292.3067745973639,-376.45741316300246,1.5158680781009883e-06,-7.44168133462418e-07,1.6886806213924892e-06,0.17544769422465153,-0.0861305710025947,0.19544914599450117,1.8784791671790964e-15,181.71969301688767
452,280.82031905201495,2618.506182825833,-0.0009602241084014487,0.0035338839570401466,0.003662016679396898,-0.01111370495835008,0.04090143468796467,0.04238445230783447,-1.1842707493041654e-14,178.91292237444316
453,257.20657309715386,432.2282996494614,-0.031591716208058444,-0.0012862850867198237,0.031617891490338515,-0.26546597802226607,0.08904632565207225,0.2800025599873207,-8.94193994210714e-15,181.1556985425745
454,291.67734295155907,2587.4636432349143,-0.002012094604973072,0.0029596872468457187,0.0035788648058431784,-0.023288132002003158,0.034255639431084665,0.04142204636392565,-2.4868995751603507e-14,179.08017893297728
455,274.0291287386958,2198.455167798042,-0.027433687550210976,0.010338610386900336,0.029317129418391635,-0.3175195318311456,0.11965984244097615,0.33931862752768105,-2.3469585133157397e-14,179.56064192496495
456,275.17497714095305,1541.0400008843162,-0.011000369271132201,0.015132633169428256,0.01870841283331512,-0.12731908878625234,0.17514621723875293,0.2165325559411472,1.4210854715202004e-14,180.2427524022979
457,267.61553650887606,1069.9236368840873,-0.0010684572728869692,-0.005882832897501902,0.005979073828271038,-0.012366403621376984,-0.06808834372108681,0.06920224338276663,-3.225773419982971e-14,180.71010039763325
458,275.27650625733986,722.170483297791,-0.02369113841210151,0.012278314371415095,0.02668383486428909,-0.27420299088080446,0.14211012003952656,0.3088406812996422,-4.8272968427246954e-14,181.0479809502243
459,284.59035581310724,1286.311941885003,-0.00672252737482017,0.012042478559407861,0.013791796988028956,-0.07780702980115937,0.13938053888203542,0.15962727995403883,-2.552476018375841e-14,180.50308292018036
460,283.5989213889813,644.2930285542088,-0.02290639399393611,-0.00958267434333792,0.02483003289115621,-0.26512030085574206,-0.11091058267752225,0.28738463994393765,1.0658141036401503e-14,181.12701300746355
461,260.9819029867757,1375.4255577467975,-0.01213177061643952,0.017969419762992628,0.021681326179653664,-0.14041401176434623,0.20797939540500723,0.2509412752274729,-1.5987211554602254e-14,180.39187657238344
462,265.5475944668044,266.00567559235134,-0.026646569033319998,0.02017999442947302,0.033425616171150085,-0.0856341164604241,0.2200869544479445,0.23615983871126153,-3.4074197777512095e-14,181.7177171484956
463,282.5362892151265,1999.8807547955341,-0.012601184338921762,0.012791376315508815,0.01795575547807574,-0.1458470409597426,0.14804833698505565,0.2078212439592099,-9.215129580742869e-15,179.72627707902885
464,292.13372040818246,1922.2526283134202,-0.01945191457298967,0.019652674895171342,0.027651484789974406,-0.22513790015034335,0.22746151499040895,0.32004033321729625,1.3755075648330399e-14,179.8960281118163
465,294.9793719732593,583.7635227531243,-0.00940923060872556,0.036970347957609485,0.038148921986799283,-0.10890313204543475,0.4278975458056654,0.4415384489212881,8.105301181077344e-15,181.22820276806087
466,281.0690570085082,-283.3952348147799,0.0014505881190587115,0.007590680503200626,0.0077280422095653955,-0.406024695156791,0.9130915564579889,0.9992958738792219,-3.129145091496976e-15,181.7193561825646
467,251.07564393412997,779.4642445383374,-0.005761313271672076,0.017415968748630443,0.018344173409222262,-0.06668186657027865,0.20157371236840796,0.21231682186599843,0.0,180.57141533270953
468,289.0824788693999,3152.6612057122916,-0.026761000319688304,0.026313277574830374,0.03753051711394913,-0.30973379999639244,0.30455182378275897,0.434380985115152,3.552713678800501e-15,178.1209010427498
469,276.4756679594421,-1293.9858029735017,-8.975665616683235e-08,2.451104526301814e-06,2.4527473690095952e-06,-0.010388501871161122,0.28369265350715445,0.28388279733907357,-3.0357660829594124e-18,181.71958044103954
470,297.05941081703776,-9.701064698296795,0.0032679028357742506,0.013967679958204669,0.014344869199783377,0.2308353229916898,0.05723800480805125,0.2378258512758532,1.3829662607885183e-14,181.71976616776445
471,291.7527613516023,69.38773866278879,-0.026566994045091507,0.01995442891484631,0.03322626078735888,-0.422961154505311,0.3252773890867579,0.5335742854294645,-3.552713678800501e-15,181.66978358025327
472,288.64906867172414,-135.15381228130036,-0.005622900631021597,-0.001782990804450861,0.005898819179725668,0.24308792556789588,0.1210738313895439,0.271570639437047,3.552713678800501e-15,181.7195275324197
473,279.50197902881206,237.36007173856623,-0.019185157519533754,0.015627165601557892,0.02474426345211829,-0.2220504342538629,0.18086997224025336,0.2863919381032209,3.5083555267786164e-15,181.49581982647376
474,289.50615050528603,856.5576812028452,0.00011637235732741386,0.012737310916817736,0.012737842514226426,0.0013469022838821206,0.14742258005576087,0.14742873280354665,-5.126000286311441e-15,180.95065640057067
475,287.0525151196341,298.355049984826,-0.0307125383751293,0.020416131011195802,0.036879241029474846,-0.2528060072518063,0.16732743213188192,0.3031655436332597,0.0,181.4922333755873
476,241.56563234826976,2149.57198857156,0.10817730580240881,-0.004099711493552161,0.10825496351206365,0.1252052150490842,-0.004745036450870577,0.125295096657481,-2.035856076557314e-13,107.50112081957721
477,290.3176320004937,5191.696766867934,-0.11392850976116142,0.01536827514019733,0.11496038107619451,-0.13186170111245535,0.017787355486339553,0.13305599661596587,-2.60327095748045e-13,91.88601614596567
478,232.13881459350767,1237.657517914722,0.11409818054476323,0.01399563471160892,0.11495334964500242,0.1320580793342167,0.016198651286584386,0.13304785838541947,-1.9895196601282805e-13,3.086393315008218
479,297.599650519732,5322.413679710539,-0.10274168032756784,0.03610487139020294,0.10890093945708289,-0.11891398186061092,0.04178804559051266,0.12604275400125334,-2.2737367544323206e-13,2.3826766057643556
480,289.00561291399026,5133.022291824582,-0.21505113696634504,-0.10356291685308695,0.23868864501194248,-0.2489017788962327,-0.11986448709848026,0.27626000580085935,6.476469112843692e-14,103.01866008857368
481,243.0075446378353,2262.7428313920395,0.19718040699544612,-0.21995864192303993,0.2954012814114351,0.22821806365213676,-0.25458176148499995,0.34189963126323514,7.733364911335762e-14,116.52892686894458
482,240.6350932080371,2114.6873362664865,0.17971390914662574,0.09744569360918133,0.2044327575114519,0.2080022096604464,0.11278436760321911,0.23661198786047669,-2.5575311025945835e-13,99.27047968366841
483,291.0742853748612,5262.092927474497,-0.19037891837462298,0.20690743341133244,0.28116688738604395,-0.2203459703409988,0.23947619607793103,0.3254246381782916,-8.56527296099396e-14,81.64711301281903
484,295.2022416320023,5480.346383948486,-0.07316929573783919,0.0042034208639253985,0.07328993509159805,-0.08468668488175833,0.004865070444358086,0.08482631376342369,-4.4638765469624416e-14,32.20219556013859
485,234.94933586185027,1720.5650638949494,0.08945381158803861,-0.0017154147820544223,0.08947025793805896,0.10353450415282245,-0.0019854337755259724,0.10355353928016081,2.2202678968036573e-13,42.944975204594655
486,287.7045687807994,5050.580647072809,-0.18016513195198494,-0.10577700965551398,0.20892163732590946,-0.20852445827776026,-0.12242709450869678,0.24180745060869144,-2.526124082048047e-13,116.05685909715413
487,244.4364230927236,2350.6483561343093,0.1852211283410097,-0.20114354788624986,0.2734329776017971,0.21437630595024273,-0.23280503227575222,0.3164733537057837,2.1269743080369506e-13,127.2523983029042
488,239.51237683451734,2043.3588178131513,0.12869219071676455,0.08715322381347095,0.15542639535343106,0.14894929481107014,0.10087178682114692,0.1798916612886934,8.032371057497235e-14,91.25412613864354
489,292.0007763819991,5318.63494957177,-0.15023773068127771,0.1611270831312659,0.22030277492271857,-0.17388626236258992,0.18648967955007625,0.2549800635679613,-1.6367538328887344e-14,71.64810417703447
490,294.32401095944135,5468.712337521964,-0.08220379843997844,-0.07095172020924137,0.10858918490628369,-0.09514328523145653,-0.08212004653847377,0.12568192697486538,-1.9082809661757375e-13,42.38985005562666
491,236.19795414703532,1843.8147363756304,0.11566615531344784,-0.12462497017539893,0.17002953471739465,0.13387286494612025,-0.14424186362893393,0.19679344295994755,-1.3416802740562267e-13,58.00710908101129
492,234.84673206449997,1758.5459098418958,0.1267927805727113,0.07653484602312786,0.1481012891947386,0.14675090344063813,0.08858199771195355,0.17141352916057717,-2.146737131786365e-15,34.37703965990164
493,295.2817983244442,5529.694044457694,-0.12087327679053173,0.12184554712893847,0.17162950328317933,-0.1398996259149672,0.14102493880664174,0.19864525842960565,4.1709020037168046e-15,25.92718359500877
494,286.2183069252808,4957.032545038664,-0.15931239909694805,-0.13180605126112024,0.20676865249615162,-0.1843893508066529,-0.15255330007074103,0.23931557001869405,-2.8028633465108336e-13,130.38063250945294
495,246.0251883903495,2448.9819484581294,0.20771697723428686,-0.2196575540361605,0.30231735589690845,0.24041316809523947,-0.25423328013444507,0.3499043471029034,-1.1440070732879458e-13,139.20583277883432
496,238.49798460866816,1980.1799007700654,0.09997313104898178,0.08983573726378698,0.13440642328945834,0.11570964241780297,0.10397654775901272,0.15556298991835457,2.290119834887326e-13,83.62002887761815
497,292.7983469527401,5368.5225110300025,-0.14254775670639291,0.15000333037018437,0.20693202280983886,-0.16498582952128815,0.17361496570623186,0.23950465602990606,-1.9510726407670316e-13,62.48737120800743
498,252.06731005627864,2832.2812237833364,0.23270072627391591,0.2179490660836964,0.31882820360683806,0.26932954429851375,0.2522558635227968,0.36901412454495147,3.912278641314302e-14,165.91709526673665
499,280.3162359617329,4595.014200235341,-0.3677346220435981,0.3500262041962775,0.5076879906730137,-0.42561877551342386,0.40512292152346935,0.587601841056729,-3.542067353209285e-13,161.81775688270423
500,237.09549735266933,1891.002399056511,0.11961850850726781,-0.12585580771262286,0.17363257733645493,0.13844734780933773,-0.145666444111832,0.20096363117645244,-1.0043351686511132e-13,69.78768787718484
501,293.8141797035633,5430.248177765536,-0.07467254632647284,-0.07524105901373246,0.10600568916990825,-0.08642655824823245,-0.08708455904367186,0.12269176987257902,-4.87353106604979e-14,50.00554540228056
502,247.97912940834587,2568.3534358624142,0.22672120426430475,-0.24451156033464586,0.3334492579094153,0.26240880123183413,-0.28299949112806233,0.3859366410988603,2.978134093719229e-13,152.51547133656362
503,284.3449055901442,4837.577869613373,-0.13560599275406401,-0.1551548782367248,0.20606314932919997,-0.15695138050238888,-0.17957740536657965,0.23849901542731475,-3.410605131648481e-13,146.10065295886227
504,234.1302910843292,1708.125267153002,0.12136340737577689,-0.12648137710983573,0.17529008929617002,0.14046690668492698,-0.14639048276601363,0.2028820477964931,-5.907706024146248e-14,9.841821402912236
505,295.89435650086546,5562.202949137087,-0.0906873139103259,-0.056795005105750314,0.10700402566834669,-0.104962168877692,-0.0657349596131369,0.12384725193095676,-4.5048463797846246e-13,7.484738710300809
506,258.9082930780394,3258.556039416584,0.1745163297657283,0.02908666709059677,0.17692366590521358,0.20198649278440786,0.03366512394744999,0.20477276146436768,1.6371466836517798e-13,173.58275301312605
507,273.58634364736906,4174.466394952799,-0.1913794492316469,0.09365155275627805,0.21306502979576553,-0.2215039921662581,0.10839300087532183,0.2466030437450991,-5.742463339712492e-13,171.31923105868293
508,234.55242910933384,1744.179661663022,0.07920379511828415,0.07173266005134399,0.10685885868368993,0.09167105916468073,0.08302391209646297,0.12367923458760409,-3.751526241521272e-13,25.7876925294477
509,295.5329621448022,5549.364923065428,-0.09593114921107469,0.09795022387060778,0.13710226746943194,-0.1110314226980031,0.11336831466505531,0.15868317994147216,4.996690475499718e-13,19.506252268246094
510,234.25455809594757,1713.5648837668068,0.10840128647397919,-0.11337152741820694,0.1568564379882157,0.12546445193747593,-0.1312170456229247,0.18154680322710148,-3.1648510882340386e-14,17.56120038906514
511,295.7879536870985,5553.24876865404,-0.05912836218025213,-0.058420483680312704,0.08312109315667567,-0.06843560437529181,-0.06761630055591748,0.09620496893133756,-6.876293562044118e-14,13.31120168149585
512,233.4850147257378,1037.8813030257263,-0.005580709306503553,0.07160012672118177,0.07181728526512947,-0.0064591542899346596,0.08287051703840484,0.08312185794575172,-1.0378875528686892e-13,78.86816345543134
513,297.64191252286577,5041.271725559138,-0.023245822106014,0.06578474670305566,0.06977106236950704,-0.026904886696775467,0.07613975312853664,0.08075354440915167,-3.492033133809895e-13,56.30297203639084
514,268.68805402708836,3882.0388935387437,0.039536086222846614,-0.007529099971331918,0.04024660805830315,0.045759359054220634,-0.008714236077930454,0.04658172228970274,-2.433349365112545e-13,174.6350575976489
515,263.8813766743123,3578.3719946109723,-0.08844658670287435,0.04297490315422051,0.0983343327658438,-0.10236873460980825,0.04973947124331078,0.11381288514565252,-6.032258986841805e-13,175.4593412510117
516,231.65828217034712,979.8510068848946,0.12652258743086248,0.04087053608879004,0.13296001598369836,0.1464381798968316,0.047303861213877335,0.15388890738853983,9.796098870009126e-14,48.2823692456942
517,298.051233695992,5122.287378322104,-0.13099856094486848,0.06758508169494423,0.14740544846557982,-0.1516187047973015,0.0782234741839632,0.17060815794627293,-7.69233555010076e-14,36.13005649701764
518,295.5664744871547,4927.027830353496,-0.09316311649835275,0.013676773883678266,0.09416167171174751,-0.10782768113235275,0.01582959940240537,0.10898341633304112,-2.6760582359045654e-13,98.30842935399129
519,236.71218273884108,1254.5200252598706,0.08847000278158891,0.00044892380122508037,0.08847114176246204,0.10239583655276495,0.00051958773289941,0.1023971548176644,-9.748670044101688e-14,112.87156625660158
520,235.89052051820047,1203.2483026771395,0.08459172806275135,-0.013850539020251091,0.08571813044971276,0.09790709266522152,-0.01603071645862396,0.09921079913161203,-3.423951878263459e-14,103.22063828027079
521,296.16382046326834,4964.302219259297,-0.09468038331376594,0.003463955397633587,0.0947437278738727,-0.1095837769835254,0.004009207636149964,0.10965709244661193,-6.448617374284045e-14,86.32787579187057
522,231.32493846982953,954.2514637025129,0.06600671098365021,-0.004253301518564142,0.06614360489636885,0.07639665623107664,-0.00492280268352329,0.07655509825968616,-4.009271751311344e-13,38.14791029567156
523,298.2993127701621,5133.45242004172,-0.059591243116787616,0.000686831266501219,0.05959520109365125,-0.06897134619998568,0.0007949435954875022,0.068975927191726,7.352381133663345e-14,28.77095482178899
524,295.1407935116145,4874.382721157467,-0.020982152231850973,-0.0649259118487375,0.0682321386274137,-0.024284898416494175,-0.07514573130640916,0.07897238267061772,-2.7119756809997554e-13,112.13546828075769
525,237.3452881931291,1267.943189288001,-0.02120831692156642,-0.03977090463269527,0.04507235917886419,-0.024546663103664844,-0.04603113962117509,0.05216708238294467,-1.2172732501329272e-14,124.17884948774574
526,234.86064053020158,1112.9240507960124,0.017737456036638354,0.07623215863825578,0.07826850808147472,0.020529463005368478,0.0882316650905738,0.09058855102022535,1.3947641000861434e-13,94.21466589859327
527,296.91909792391544,4985.371792166059,-0.0037643081052924133,0.05852640533445178,0.0586473369973788,-0.004356838084829152,0.06773889506302289,0.0678788622654847,-3.6060855322041973e-14,75.00310704527735
528,294.33233101618237,4829.251988335398,-0.005260988063459747,-0.0729607749629606,0.07315020627858575,-0.006089106554930281,-0.08444534139231552,0.08466459060021499,2.0217998577150532e-14,126.61774152680061
529,238.29154950600537,1332.3072221041261,-0.006032239532819144,-0.053849249971749565,0.05418606496417023,-0.006981758718540694,-0.062325520800636046,0.0627153529677896,-2.4572788798460626e-13,136.19809306988537
530,234.16082161987376,1074.749472567697,0.005129807910469181,0.07258207958360514,0.07276313081416373,0.0059372776741541235,0.08400703655509856,0.08421658659046728,-1.796289345315869e-13,86.41591227163997
531,297.306521292242,5015.041132123445,-0.013445192424252007,0.06211393372373844,0.06355245047960098,-0.01556156530584721,0.07189112699506764,0.07355607694398261,-2.3954951214264404e-13,65.2303286577892
532,231.70251853260282,941.9058111449153,0.0786404345218101,0.012127029489403435,0.07956998671619823,0.09101902143728022,0.014035913760883593,0.09209489203263685,-4.319130128615624e-13,54.519502289432936
533,298.1525999260647,5087.029418583946,-0.09108797337450099,0.01892724125529563,0.0930336463598518,-0.10542589510937608,0.021906529230666227,0.1076778314350136,-3.599315360695429e-14,40.35526489198736
534,248.29217468109928,1956.323345587034,-0.06410892770226735,0.250883016694368,0.25894447798090053,-0.07420014780355022,0.29037386191477776,0.29970425692233854,1.9516069966002094e-13,172.55179631003872
535,284.54612081184933,4218.5695841078095,-0.08213732179385794,0.15179884902243765,0.1725961476858756,-0.09506634466881704,0.17569311229448806,0.19976405982161533,-1.3562323629392397e-13,169.2016183536915
536,230.81360447747406,873.0020972822264,0.0055755272025332595,0.05088263994638542,0.05118720105162702,0.0064531564844135005,0.0588919443823905,0.05924444566160531,-2.9961828805867544e-13,28.3044277781402
537,298.73459497029546,5111.271904027087,0.00014449912199932256,0.028782291281160322,0.028782654001843124,0.00016724435416588083,0.033312837130972585,0.03331325694657768,-2.39254242132636e-13,21.4126824205031
538,297.9611576431282,5061.0503244016545,0.0030012570753284993,-0.04380977168681966,0.04391245426167245,0.0034736771705190872,-0.05070575426715239,0.050824599839898676,4.9157264355693396e-14,48.13678157489019
539,232.7213851472398,990.088520651726,-0.0008664026777193452,-0.03042826264023062,0.03044059494988253,-0.0010027808769899815,-0.03521789657434102,0.03523217008088258,5.684341886080802e-14,67.45996157178763
540,293.3017680016437,4769.584702214859,0.011319006367853515,-0.07533125231979432,0.07617688285315975,0.013100701814645274,-0.08718894944420638,0.08816768848745342,1.6226328239067806e-13,142.5885122352272
541,239.42138159501184,1407.4485904242129,0.011821516919706095,-0.06375431516525966,0.06484104382622287,0.013682311249659832,-0.07378971662645795,0.0750475044284987,1.6202246117511248e-13,149.66681971208936
542,293.5251654749359,5409.210584594745,-0.10293711841998622,0.03536612389526841,0.10884306623752264,-0.11914018335646552,0.04093301376767178,0.1259757711082438,-8.526512829121202e-14,54.00331421552225
543,297.82305346074907,5050.254218421528,-0.10464406711497481,0.03151233154575811,0.10928589946472113,-0.12111581842010972,0.036472605955738556,0.12648830956564946,3.370919516958454e-13,52.13491041667793
544,282.8808216845455,4745.030077476627,-0.3476322667394672,-0.030065071774726466,0.34892993769414443,-0.402352160578087,-0.03479753677630379,0.40385409455340787,2.9231400716028756e-13,154.1977967730448
545,292.4827915441166,4717.00180209766,-0.22116934418628667,0.10054776295129385,0.24295211759172158,-0.2559830372526466,0.11637472563807161,0.28119458054597407,-1.1368683772161603e-13,151.32044655676015
546,285.45700558942593,4901.579247303349,-0.22060531484117168,0.08701787677816415,0.23714724500856477,-0.2553302255106155,0.10071513515991214,0.2744759780191723,0.0,138.09637340495314
547,246.83389365311623,2491.497062478883,0.1737092578688528,-0.022724384589180947,0.17518933735905448,0.20105238179265367,-0.02630137105229275,0.20276543675816489,1.1368683772161603e-13,145.71738084448103
548,249.47626773968312,2660.5859113401903,0.40610807564930723,-0.22300231476148016,0.46330745892610203,0.4700324949644759,-0.2581045309739353,0.5362354848681735,-2.206829723072379e-13,159.42830397681055
549,240.28010696213488,1459.5542841974059,0.19232185771442695,-0.0003747278522346378,0.19232222278169395,0.22259474272503127,-0.00043371279193824474,0.22259516525659032,-1.4210854715202004e-13,157.13094242046733
550,237.52958141680625,1915.0861393759699,0.10274759289973735,-0.01829524657793757,0.10436370966019602,0.11892082511543677,-0.021175053909649938,0.1207913306252269,-4.831690603168681e-13,75.14554912332764
551,233.10753484746144,1012.0058569517361,0.0991536818096148,-0.018293679311374593,0.1008271358273642,0.11476120579816529,-0.021173239943720595,0.11669807387426415,0.0,73.8231249551643
552,272.07745056610287,3515.304767845409,-0.05525941044363272,0.07850774071905876,0.0960055612732347,-0.06395765097642678,0.09086544064705876,0.11111754776994759,-1.2339944154913194e-13,175.56817122639987
553,260.99269162606123,2822.6447998786048,-0.02575987025559954,0.09953193287392673,0.102811364047002,-0.029814664647684647,0.11519899638185965,0.11899463431365974,-2.0922037398087005e-13,176.99415432914896
554,298.9296155017364,5114.954081250466,0.00013406238139360385,-0.036445166526959685,0.036445413098220296,0.00015516479327964733,-0.04218190570249963,0.04218219108590311,5.684341886080802e-14,11.68991065175752
555,230.58565971989646,850.291240465449,-8.367940656507444e-05,-0.02636242246970414,0.02636255527664655,-9.685116500587409e-05,-0.030512063043639043,0.030512216755377942,-2.8044678687110827e-13,15.408775196814029
556,295.68944508455,5549.416476759009,-0.13794525241827743,-0.0037777623736725886,0.13799697153667614,-0.1596588569655989,-0.004372410154713653,0.15971871705633817,4.1034519566319627e-13,16.36159014963737
557,234.36961825412456,1723.0592825481258,0.19077113314620822,-0.09572136249545368,0.2134389947499621,0.22079992262292625,-0.11078861399936768,0.24703587355319695,-1.641269625258763e-13,21.607898544676562
558,230.6727304516658,862.5959280538597,0.0862403710678125,-0.016675324269108647,0.08783773700064179,0.09981524429144964,-0.019300143829986877,0.1016640474544465,-2.842170943040401e-14,19.636461928629586
559,298.8550669431545,5117.173725114049,-0.07546626481276003,0.018075033973436738,0.07760066995800045,-0.08734521390365747,0.020920178209996223,0.08981559022916723,-2.2737367544323206e-13,14.880961528943537
560,293.2196956738904,5386.122960088077,-0.11005566963086934,0.03343357844035629,0.1150219743580613,-0.1273792472579506,0.038696271343004976,0.133127285136645,-1.7053025658242404e-13,58.16293479295315
561,237.9609765689509,1937.978887940776,0.1157684241748777,-0.024462224109851435,0.11832467386109714,0.13399123168388624,-0.028312759386402146,0.13694985400589949,-1.9895196601282805e-13,79.64042097875885
562,266.3008132463042,3716.9132312829656,-0.058177087077379744,0.016750520788069496,0.0605405104659729,-0.0673345915247451,0.019387176838043405,0.07007003526154272,-1.5572237996459354e-13,175.41960516339577
563,290.4031991781373,4587.145484678666,-0.23908417138015522,0.11753791292174658,0.26641396731127953,-0.27671779094925375,0.13603925106683631,0.30834949920286986,2.5579538487363607e-13,160.84227956204978
564,242.3923132198724,1591.2662009037285,0.2048077139531114,0.031462194426986285,0.2072102057642456,0.23704596522350854,0.03641457688308598,0.23982662704195085,-2.842170943040401e-14,165.35038370396973
565,236.58468603757615,1853.0807223650831,0.09702349174681392,-0.013491949164937867,0.09795708572131644,0.11229570804029387,-0.01561568190386326,0.113376256621894,-1.1368683772161603e-13,63.93609296704627
566,294.1405490131747,5444.205181384802,-0.10861631966831976,0.038682329749599204,0.1152988618033472,-0.12571333294944417,0.04477121498796204,0.13344775671683703,-2.842170943040401e-14,46.13998229713188
567,297.4869546259524,5028.027668465464,-0.10112217621602906,0.025033094503179622,0.10417461467685281,-0.11703955580558918,0.02897348900830975,0.12057247069080185,-1.7053025658242404e-13,60.67601882774963
568,233.8141436632149,1054.8442643937217,0.1166380911422173,-0.025393584224186975,0.11937034147999691,0.1349977906738626,-0.029390722481697898,0.1381601174537001,-2.8421709430404007e-13,82.66098986775236
569,238.79932442845293,1365.5680448770665,0.16737998399287418,-0.02708086841140363,0.16955657603104216,0.19372683332508592,-0.03134359769838387,0.1962460370729655,-2.842170943040401e-14,142.72594903191674
570,293.87907715348615,4802.544614921239,-0.21906263650540972,0.07210087023423156,0.2306230131648504,-0.2535447181775576,0.08345008128961982,0.2669247837556139,0.0,134.39144639164593
571,232.172777608265,953.6380764668422,0.0879693993043316,-0.007622480113660762,0.08829902274118379,0.10181643438001348,-0.008822314946366618,0.10219794298748128,2.842170943040401e-14,60.891166472228626
572,298.1202717096078,5068.2984695627265,-0.10652385384728909,0.03086353922372446,0.11090486685395273,-0.12329149750843642,0.035721688916347735,0.12836211441429712,-1.4210854715202004e-13,44.21581087938852
573,234.0930399165349,1689.3868909587932,0.07883221678306401,-0.016106347002026004,0.08046075326941497,0.09124099164706487,-0.01864160532641897,0.0931258718396007,-5.684341886080802e-14,13.510045760619505
574,295.9262560348709,5547.779576740079,-0.10394163894321998,0.04323705678430233,0.11257578507641725,-0.12030282285094902,0.05004288979664621,0.13029604754214955,-1.9895196601282805e-13,10.254292916389447
575,298.80070530749913,5114.456330263733,-0.06954712415741109,0.013880355818136488,0.07091873346446922,-0.08049435666367025,0.01606522664136167,0.08208186743572829,-1.4210854715202004e-13,18.117956322341378
576,230.73625552620388,867.2346639166403,0.09644367618986623,-0.022621351610313752,0.09906113377956673,0.11162462521975254,-0.026182119919344635,0.11465409002264663,-1.7053025658242404e-13,23.928662096980524
577,292.5161709333502,5335.996785180627,-0.10744662146610229,0.028937936536219656,0.11127524718217502,-0.12435951558576648,0.03349298210210605,0.12879079534973956,-4.885404036246118e-14,67.08970478361978
578,238.89642034294295,1990.1243483374074,0.14226594780064367,-0.038146738358858276,0.14729145783457592,0.1646596618063006,-0.044151317544974845,0.17047622434557405,1.1706519005993073e-13,87.53947056533957
579,245.02364995060208,2372.247599266857,0.1457249180093182,-0.01572779417728491,0.14657119511863695,0.168663099547822,-0.018203465482968643,0.16964258694286685,1.9895196601282805e-13,132.93347586836904
580,287.1796375473805,5002.781225300154,-0.23399452133184812,0.09871224724373186,0.25396366623835853,-0.27082699228223167,0.11425028616172664,0.2939394285166187,6.460818761194767e-14,122.88611337999028
581,297.18619085127904,4995.755973048611,-0.10032867462019042,0.020653154459559245,0.1024323959505705,-0.11612115118077596,0.023904113957823193,0.11855601383167884,0.0,70.09291004270843
582,234.4479095510417,1080.8872199066047,0.1381119638948152,-0.03374602962853581,0.14217492425379644,0.15985181006344354,-0.039057904662657184,0.16455431047893107,1.1368683772161603e-13,90.32649856360584
583,237.70185619230034,1283.8192778216987,0.1380851213154284,-0.0164879661075728,0.1390660050302052,0.15982074226322737,-0.01908329410598704,0.16095602434051529,5.684341886080802e-14,129.91677433745016
584,294.86272243260026,4850.657331205496,-0.22009611095431608,0.07544223657831094,0.2326667769948096,-0.2547408691600879,0.08731740344711918,0.2692902511513998,-3.126388037344441e-13,119.07483406377013
585,230.5077500141606,842.6944451705667,0.07396295122725836,-0.0112362903791206,0.07481157915543367,0.0856052676241416,-0.013004965716574777,0.08658747587434451,-2.338264516008924e-13,6.539441651988983
586,298.9963257586133,5116.381571621169,-0.07988749916774815,0.0021649372694580774,0.07991682849473977,-0.09246238329600481,0.002505714432243169,0.09249632927631918,-2.9944898976497766e-13,4.991308180711391
587,291.68019448107646,5281.43709444123,-0.09998394005532839,0.01992148548268508,0.1019492709774049,-0.11572215284181527,0.02305727486421884,0.11799684140903344,-3.6152727381444845e-13,76.76253826070469
588,239.94400070633307,2053.098602896305,0.1777353537989144,-0.05554879099429043,0.18621365194569553,0.2057122150450398,-0.06429258216931764,0.2155250601223328,-2.279953699433772e-13,95.36922159441502
589,243.49336808456363,2274.5634799295335,0.11411723691145849,-0.003192565300401671,0.11416188608070241,0.13208013531418808,-0.00369509872731673,0.13213181259340556,-5.717966619683241e-14,121.52835392895192
590,288.5944621559858,5088.871749983309,-0.25131525362101,0.1140682456293439,0.27599079941829385,-0.29087413613542823,0.13202343244137024,0.31943379562302526,-3.9008275515627974e-13,109.11404811355192
591,296.9172428834214,4955.483345923962,-0.10708452768847161,0.011184110836144337,0.10766698846655925,-0.12394042556536063,0.012944572727018912,0.12461456998444355,8.526512829121202e-14,80.63594831724126
592,235.02546282820725,1093.4362704711587,0.16217308385440032,-0.035128545518428825,0.16593409486023866,0.18770032853518556,-0.04065803879447781,0.19205335053268366,-5.684341886080802e-14,98.69782235830317
593,236.60089248766573,1191.6572816039507,0.12119636724586773,-0.0028436325022607903,0.12122972275561449,0.14027357320123576,-0.003291241322061108,0.1403121791152945,1.7053025658242404e-13,118.28355707433603
594,295.8094292966474,4886.269978471619,-0.21962932318689155,0.06873914424060265,0.23013498116206155,-0.25420060554038365,0.0795591947229197,0.26635993190053414,-3.126388037344441e-13,104.93946336870245
595,294.51108912536984,5490.72635355177,-0.10920624864783193,0.017536759773401734,0.11060534655739791,-0.12639612112017587,0.02029717566365941,0.12801544740439577,-1.623798215331168e-14,38.672798157956024
596,235.0414697700769,1009.3149486002275,0.06806637804548912,0.020602219177533587,0.07111598452718332,0.07878053014524206,0.02384516108510834,0.08231016727683256,-8.526512829121202e-14,107.98841324312876
597,297.1997849510912,4887.993815896793,-0.0758433023408514,-0.013709647809536549,0.07707243964626607,-0.087781599931541,-0.015867647927704363,0.08920421255354873,2.2737367544323206e-13,92.21693043896222
598,242.15065504656124,2324.803649398607,0.06272447097388453,0.011211014470032643,0.06371849107128137,0.07259776733088488,0.012975711192167396,0.07374825355472382,3.86772752333142e-14,103.00045675679038
599,289.58876952707635,5284.941992983892,-0.07432585858240585,0.013839462447833614,0.07560333309356665,-0.08602529928519198,0.016017896351659292,0.08750385774718365,1.5831479540595832e-14,86.35056159584757
600,243.2923170099692,2376.1875548047656,0.07074581489592421,0.0025621144951954783,0.07079219417403916,0.08188173020361601,0.0029654102953651567,0.08193540992365646,-2.1360473602586565e-13,112.01239432279735
601,288.60624536389736,5203.77668409158,-0.08088761928142575,0.010253932716085544,0.08153496237297769,-0.0936199297238724,0.011867977680654576,0.09436916941316863,-5.77155284737886e-14,97.50761248984577
602,235.83540190015458,1830.0324072340652,0.08879363068495878,-0.0224462456813583,0.09158680470135831,0.10277040588536893,-0.025979451020090638,0.10600324618212766,1.3208703343559536e-14,52.290251574215524
603,295.52178771866664,5525.504182396977,-0.06640716101165438,0.00944826471387911,0.06707593264153189,-0.07686014005978516,0.010935491566989714,0.0776341812980693,4.464943348925738e-14,22.792586173487912
604,234.56572511087668,1721.8458756741818,0.1307774580578639,-0.04433782572833126,0.13808905215980094,0.1513627986780832,-0.05131692792630933,0.15982529185162145,-1.8572423174540759e-13,30.17013328579254
605,295.6109744057257,5611.167206155407,-0.08228397552093622,0.02682593833737778,0.08654642450853083,-0.09523608277886138,0.03104853974233542,0.10016947281079959,1.6449605838984724e-14,4.353229391595877
606,234.4612296519496,1795.423133521352,0.08237805745606144,0.00026655328704107656,0.08237848870238512,0.09534497390747852,0.00030851074889013774,0.09534547303516795,-1.2589777667705793e-13,5.6954335886536445
607,230.31873722979378,793.1547681267782,0.07407540652972847,-0.0023906659642222196,0.07411397396103538,0.08573542422422276,-0.0027669744956275544,0.08578006245490204,-2.2121193765656244e-14,10.936674459362179
608,299.158177454006,5088.7358381104905,-0.09810831406244423,0.026221395914354198,0.1015519713834867,-0.11355128942412525,0.030348837863835867,0.11753700391607255,-2.390310172017962e-13,8.312842011078363
609,265.16703082222176,3013.220275015059,-0.032451202200243036,0.07719769462142728,0.08374105671117484,-0.037559261805836866,0.08934918358961493,0.09692251934163758,-3.126388037344441e-13,177.44000780338953
610,276.9070133690104,4358.616880200118,-0.06063333300271529,0.07753445628139316,0.09842760274368888,-0.0701774687531427,0.08973895402939022,0.11392083650889916,7.958078640513122e-13,167.93689872640894
611,255.54387304751475,3025.5569241503144,0.04283420416013064,0.10303198879813733,0.11158118014132692,0.049576625185336384,0.11924998703488117,0.1291448844228321,-1.4210854715202004e-13,171.009233108052
612,298.8393936633157,5083.011636555945,-0.07020323540552424,0.004789636401410705,0.07036643289425129,-0.08125374468231972,0.005543560649780911,0.0814426306646427,-2.4322210911975617e-13,25.062054770418094
613,230.69177546049798,830.6002606992674,0.11722186945520553,-0.02267498057396026,0.11939481321482405,0.13567346001759897,-0.026244190479120678,0.13818844122086116,-6.951383912934261e-14,33.163321380414835
614,268.3348256342521,3225.8458214425054,-0.044428100631581355,0.06966040261400878,0.08262219930548763,-0.05142141276803398,0.08062546598843609,0.09562754549246254,1.1368683772161603e-13,176.94081494998392
615,236.27051825222915,1965.7611457861296,0.051434142023491426,0.0024130274461367568,0.0514907143779196,0.05953025697163359,0.0027928558404360375,0.05959573423370323,-2.842170943040401e-14,47.7132115296409
616,294.0866196961156,5573.2553278240985,-0.04276664169691856,-0.0020589200691873344,0.042816174442422056,-0.04949842788995202,-0.0023830093393371753,0.04955575745650699,-1.4210854715202004e-13,35.543726824284334
617,230.38456865471977,730.8122858056894,0.0536574724508407,0.016228169456147603,0.056057807963834715,0.06210355607736192,0.018782603537207853,0.06488172218036424,1.2313761121873767e-13,43.028967039272004
618,299.1106795423014,5019.224844437075,-0.04410635118036875,-0.013590092733626177,0.04615258210495459,-0.051049017569871236,-0.015729273997252533,0.053417340399253,-1.053046538856961e-13,32.40282340513494
619,235.7467577887715,1930.1600136828888,0.051163473842114046,0.007326275139048821,0.051685349597402674,0.059216983613557914,0.008479485114639852,0.05982100647847531,1.6530704935815888e-13,38.367852192716114
620,294.51250799024376,5597.142826252716,-0.041707845568684114,0.0007480801856106033,0.04171455388644719,-0.048272969408199196,0.0008658335481604102,0.04828073366486942,-3.004863478963442e-13,28.864573803853364
621,261.8949417979398,3575.435064970082,0.006701399777147669,0.04135626812277423,0.04189569992273606,0.007756249742069066,0.047866051068025724,0.048490393429092664,9.621178931991276e-14,174.57293915287448
622,270.5353333656136,4115.535747239487,-0.02721962083836989,0.02227133254928873,0.03516987364358348,-0.031504190785150356,0.025777005265380477,0.04070587227266608,4.7093364337013835e-14,173.0521918920444
623,277.40049667899154,3704.2551955836943,-0.11489856974051255,0.08451149192970037,0.14263195152769675,-0.13298445571818585,0.09781422677048655,0.16508327723113053,-2.8421709430404007e-13,174.16692478328946
624,255.65304021124464,2347.213911989116,-0.0012060267280751863,0.12727924162341964,0.1272849553117008,-0.0013958642686055585,0.1473139370641431,0.14732055012928333,3.410605131648481e-13,176.50103900102854
625,299.9212603786075,4983.247913937699,-0.058765295374286056,-0.015576101600459677,0.06079453002939433,-0.06801538816468293,-0.018027895370902394,0.07036403938587306,-4.850278707912914e-14,2.2610932828345502
626,229.42759300245496,584.4430696665473,0.021919990063295453,0.01355855957174588,0.025774415648769873,0.025370358869554892,0.015692777282113303,0.02983149959348363,-7.574156683580423e-14,2.9251953195180493
627,235.1019524685472,1953.329412141252,0.06252703532155304,0.002272147842831224,0.06256830509069608,0.07236925384439012,0.0026298007440176134,0.07241701978089826,-1.7053025658242404e-13,2.664026916225268
628,295.06232550372124,5694.856689535683,-0.02095317315322552,0.003964652792599958,0.021324960420946188,-0.02425135781623325,0.004588718509953672,0.02468166715387291,-2.5579538487363607e-13,2.063500713490218
629,245.5726400271581,3498.9327376946717,-1.4265429412774175,2.2199382162666015,2.638778211094931,-0.01651091367219233,0.025693729354937515,0.030541414480265403,-1.0476656760288404e-11,49.2990334422249
630,237.50871707493968,2995.7439454762466,-0.034363456038954764,0.11055787247396429,0.11577517124543814,-0.00039772518563605045,0.001279605005485698,0.001339990407933312,3.637978807091713e-12,3.104997940715829
631,237.92205868699142,3021.5364620682735,-0.2803105199459876,0.4800572600364707,0.55590373312842,-0.003244334721597078,0.005556218287459151,0.006434070985282638,7.275957614183426e-12,10.878070075435389
632,238.31070833855492,3045.7882003258337,-0.3987707861869933,0.6595027653034775,0.770689326096532,-0.004615402617905015,0.007633133857679139,0.00892001534833949,-2.9103830456733704e-11,14.943232359611034
633,238.82600346567628,3077.9426162582067,-0.5216408967723929,0.8461961356009644,0.9940609262472356,-0.006037510379310099,0.009793936754640794,0.01150533479452819,1.546140993013978e-11,19.233382646303053
634,239.47351445541128,3118.3473020176793,-0.6499380501302765,1.0411268683670654,1.2273404682658184,-0.007522431135767087,0.012050079494989185,0.014205329493817344,1.1823431123048067e-11,23.909016201705978
635,240.70395122815233,3195.126556636713,-0.8512719971608479,1.3422743320948989,1.5894541187939417,-0.009852685152324625,0.015535582547394663,0.018396459708263212,1.8189894035458565e-12,31.95707045337955
636,243.4616152716619,3367.2047929517103,-1.1962799613284492,1.8665887531170497,2.217033901215554,-0.01384583288574594,0.021604036494410294,0.02566011459740224,-1.3642420526593924e-11,43.456758901572904
637,237.56743690697374,2999.408062995168,-0.11658362179430927,0.24821398571799444,0.274229691274835,-0.0013493474744711719,0.0028728470569212307,0.0031739547601254033,-1.4551915228366852e-11,5.020973019525639
638,237.65572191178384,3004.917047295317,-0.17359919495341217,0.3340600915686912,0.3764742026585024,-0.0020092499415904183,0.0038664362450079996,0.004357340308547481,-9.094947017729282e-12,6.951048747001925
639,237.77381904698666,3012.2863085319727,-0.22216338533260593,0.3920998663954173,0.4506649254265835,-0.002571335478386642,0.004538192898095109,0.005216029229474346,-2.091837814077735e-11,8.901234215993007
640,238.10085531134894,3032.6933714281827,-0.3388457797063914,0.568459692730452,0.6617876431938211,-0.00392182615400916,0.006579394591787639,0.007659579203632189,-1.4551915228366852e-11,12.88903426638013
641,238.5522020807702,3060.857409840066,-0.4593216980702821,0.7511564661020488,0.8804615033521259,-0.005316223357294931,0.008693940579884823,0.010190526659168123,-8.185452315956354e-12,17.052541496512177
642,239.1328506422998,3097.0898800795135,-0.5849155107056637,0.9419710542318506,1.108799180047826,-0.006769855447982217,0.010902442757313087,0.012833323843146137,-2.4556356947869062e-11,21.508882201066616
643,239.84869283748458,3141.758433059048,-0.7264172962115082,1.173948613229739,1.3805207114488596,-0.008407607595040605,0.01358736820867753,0.015978248975102537,4.547473508864641e-12,26.461856930026407
644,240.25882245613235,3167.3505212626637,-0.7837401412077817,1.2416153332894717,1.4682837752968325,-0.009071066449164136,0.01437054783899851,0.016994025177046665,-1.8189894035458565e-11,29.166516136970596
645,241.1839834878702,3225.0805696431053,-0.9285853326332122,1.4764383345803256,1.744173407605981,-0.010747515423995513,0.01708840665023525,0.02018719221766182,-1.6370904631912708e-11,34.70009009082142
646,241.69909122530066,3257.223292458772,-0.9964003532292405,1.5790480672430263,1.867138576158527,-0.011532411495708801,0.018276019296794285,0.021610400187019988,-2.3646862246096134e-11,37.24160378247588
647,242.24981797228912,3291.5886414708484,-1.0652324192518947,1.6839240489752048,1.9925662623216054,-0.012329078926526562,0.019489861677953753,0.02306210951761117,-2.460517870293794e-11,39.50015461713176
648,242.8369871910557,3328.2280007218824,-1.1239149174018077,1.7555229091047908,2.084477254841141,-0.01300827450696537,0.02031855218871286,0.024125894153253953,-1.7327134247591274e-11,41.53366099166288
649,244.12486943432313,3408.59185270177,-1.2826281888133453,2.017539637036569,2.3907323684913484,-0.014845233666821124,0.023351153206441773,0.027670513524205426,-1.4551915228366852e-11,45.35870409102091
650,244.8280592165876,3452.470895115072,-1.3465487791907502,2.0963677228007884,2.4915760562224594,-0.015585055314707748,0.024263515310194307,0.028837685835908084,-2.7799075568650174e-11,47.294927548643095
651,246.36021835894135,3548.0776255979563,-1.5228999516672244,2.3887056716679154,2.832867636979621,-0.01762615684800028,0.027647056385045325,0.032787819872449324,-2.866509189346647e-11,51.39195187509711
652,274.8763594739056,5327.484831171719,-2.6666390096388835,3.8497227649544166,4.683089682542512,-0.03086387742637597,0.04455697644623167,0.05420242688127907,5.1080276456272465e-12,76.48538363986499
653,251.01058325319522,3838.2603949993922,-1.9784309788004117,3.071993051497271,3.653947241863882,-0.02289850669907884,0.03555547513307026,0.04229105604009122,-1.4581536724696438e-11,63.61201619193292
654,253.24621766696012,3977.763982418322,-2.1984502646446207,3.4123596420415003,4.059234151012922,-0.025445026211164574,0.039494903264369205,0.04698187674783473,2.6812401167166483e-11,69.48912135052294
655,247.19255857515915,3600.01565508994,-1.6094294159633524,2.522845503217963,2.9924926863862567,-0.01862765527735361,0.029199600731689375,0.03463533201835944,-1.897300960100434e-11,53.58800585371067
656,257.06596288020216,4216.116083724622,-2.561357773267185,3.9573788513387993,4.713958105000492,-0.029645344597999824,0.04580299596456945,0.054559700289357554,4.117384050805758e-12,79.11213499866068
657,259.92230535701214,4394.351854277567,-2.7933761508156345,4.248800661858481,5.0848065237681,-0.032330742486292065,0.04917593358632501,0.05885192735842709,-1.8189894035458565e-12,84.29954043641959
658,252.09899198334583,3906.177099760788,-2.085070711499831,3.2356480681303847,3.8492776325890428,-0.024132762864581377,0.037449630418175735,0.04455182445126205,7.275957614183426e-12,66.47346972393203
659,258.46692857457344,4303.536343053388,-2.6913746060120163,4.1308703660767065,4.93027253315849,-0.031150169051064994,0.047810999607369266,0.05706333950414917,-1.8013758901038824e-12,82.01333603300556
660,248.071586903405,3654.8670227724774,-1.699685256467049,2.6629802560439,3.159176129172144,-0.019672283060961214,0.03082153074124884,0.036564538532085,8.601676561556858e-12,55.89838525880788
661,248.99939754384567,3712.762406735979,-1.7939969893185792,2.8095968894959253,3.333505644085413,-0.020763854043039105,0.032518482517313936,0.03858224125098856,4.3655745685100555e-11,58.33296100637786
662,249.97825199413876,3773.8429244342656,-1.875063528239222,2.910960910093342,3.4625939200293723,-0.021702124169435434,0.03369167720015442,0.04007631851885848,1.0913936421275139e-11,60.90115023468475
663,254.45503205684307,4053.1940003470145,-2.3357973155529246,3.653284738293334,4.3361778651701135,-0.027034691152232913,0.04228338817469137,0.05018724380983928,-1.4551915228366852e-11,72.64858499892485
664,255.72789366400377,4132.620564633842,-2.4403729562098126,3.778482256765699,4.498038275747932,-0.028245057363539498,0.04373243352738078,0.05206062819152699,-1.4551915228366852e-11,75.9022009712791
665,261.41790026598756,4487.676976597636,-2.8730915582829497,4.368953875800137,5.228997329426147,-0.033253374517163765,0.05056659578472381,0.06052080242391375,0.0,85.83783756434482
666,262.9387883180101,4582.580391043837,-2.92270082581468,4.411543056639565,5.291870393141027,-0.03382755585433657,0.05105952611851347,0.06124849992061372,-3.674413884808147e-11,86.71256024343974
667,264.47302931043606,4678.317028971217,-2.9489489510516083,4.427490610879653,5.319677906164608,-0.03413135360013434,0.05124410429258858,0.06157034613616443,2.000888343900442e-11,87.08166828626474
668,267.5481506817823,4870.204602543224,-2.9579906436915944,4.402597248882691,5.3040146289425385,-0.03423600282050456,0.05095598667688298,0.06138905820535344,7.275957614183426e-12,86.69617625787775
669,269.0750878805163,4965.485483744225,-2.9296704750661915,4.344625149390013,5.240108470364593,-0.033908223091043875,0.050285013303125146,0.060649403592182786,3.637978807091713e-12,85.9367256166596
670,266.0118223358685,4774.337713758199,-2.9644624837687,4.428801916289457,5.329383100453677,-0.03431090837695255,0.051259281438535365,0.06168267477376941,-3.2741809263825417e-11,87.06306639138943
671,270.58409215137635,5059.647350245891,-2.8914816544333144,4.2603776647299,5.148930374752974,-0.03346622285223743,0.04930992667511457,0.0595941015596409,7.275957614183426e-12,84.6580471462016
672,273.49900072997264,5241.537645550299,-2.8007797514675454,4.087584408750764,4.955069476293237,-0.03241643230865213,0.04731000473091163,0.05735034116080136,0.0,79.919142427597
673,272.06358777623,5151.967877236758,-2.8588153753538275,4.187632096263228,5.070412993436866,-0.03308814091844708,0.048467964077120694,0.05868533557218596,-5.6996633276178176e-11,82.6863686049384
674,276.18727813053266,5409.286155345254,-2.5166005176451156,3.5924123788700975,4.386194804756257,-0.02912732080607772,0.04157884697766315,0.05076614357356776,-2.1335619352755284e-11,72.70785542916809
675,287.22062355462754,6097.7669098087745,-1.2432990769440786,1.7790052840190667,2.1704037401593643,-0.014390035612778693,0.020590338935405864,0.025120413659251908,-2.0298180479364157e-11,35.62172569366115
676,288.90545920776094,6202.900654564299,-1.013320973465025,1.4440997220101877,1.7641551525798425,-0.01172825200769705,0.016714117152895686,0.020418462414118543,1.538837645207633e-12,29.020621466951397
677,289.84300612140845,6261.403581975903,-0.8744753286390915,1.241466929563305,1.5185345691151673,-0.010121242229619114,0.014368830203278993,0.017575631586981104,-1.0655265809564721e-12,25.029880067200466
678,292.10788133973796,6402.731795599664,-0.4561720030053234,0.627931978331794,0.7761388185998491,-0.005279768553302355,0.00726773123069206,0.008983088178238993,0.0,12.878699739345537
679,292.6474777866403,6436.402613886371,-0.2992323266282998,0.39603235669990816,0.4963684245121448,-0.0034633371137534692,0.004583707832174862,0.005745004913335008,-1.2212606981194572e-11,8.260658900230162
680,292.8755412524111,6450.633774150467,-0.19903448768169954,0.24733165981258706,0.3174707501997088,-0.0023036399037233727,0.0028626349515345722,0.003674429979163295,1.1954163263630779e-11,5.300272946484191
681,288.3824408979938,6170.264312034824,-1.0962969374641702,1.5863018938700901,1.9282688281433047,-0.012688621961390856,0.018359975623496415,0.02231792625165862,3.012686545918437e-11,31.132950792553835
682,292.4943743825221,6426.848961469385,-0.35765091063072724,0.4967731934061221,0.6121256240036883,-0.0041394781323000835,0.005749689738496782,0.007084787314857502,-8.836610462827571e-12,9.772255269776547
683,287.8213501128422,6135.252247041365,-1.163098821417233,1.6613329980684792,2.0280104040298603,-0.013461791914551307,0.019228391181348142,0.0234723426392345,-3.637978807091713e-12,33.3312663203291
684,289.39186245938333,6233.2522174655305,-0.9422931976620731,1.3396994692555126,1.6378983907079576,-0.010906171269236957,0.01550578089416102,0.018957157299860614,-8.857739096992551e-12,26.988271303520374
685,292.314676452321,6415.635810624838,-0.40268850559602465,0.5486718217585639,0.6805870998858419,-0.004660746592546582,0.006350368307390783,0.007877165507937982,0.0,11.310246565269967
686,292.77441503081474,6444.32349792285,-0.24875304568769704,0.32094509965850926,0.40605890549736245,-0.0028790861769409375,0.00371464235715867,0.004699755850663915,1.7152223586960568e-11,6.771361432867837
687,291.3187381251315,6353.4892590082245,-0.6246208129401349,0.8756724251265475,1.075617662594383,-0.007229407557177485,0.010135097513038744,0.012449278502249802,-7.017022046864181e-12,17.805372959205872
688,291.6106076203719,6371.701915511226,-0.5592365126317302,0.7632743884773251,0.9462205182545631,-0.006472644822126509,0.008834194311080151,0.010951626368687073,-1.3256037804759953e-11,16.12266121936959
689,277.4294970683353,5486.800617064136,-2.3857692576367864,3.3984548702162884,4.152275334751008,-0.02761307011153687,0.03933396840528108,0.04805874230035886,-2.01023257878223e-11,68.87137585930871
690,278.6042260191534,5560.1037035951795,-2.2565321939118577,3.2109849499549763,3.9245842953105265,-0.026117270762868718,0.037164177661515925,0.045423429343871835,-5.0187146773859513e-11,65.12604473148491
691,279.7139867684884,5629.352774353684,-2.131826385113738,3.031499828593907,3.7060322377216304,-0.024673916494371975,0.03508680357168873,0.042893891640296646,-2.108048290610732e-11,61.52736413608406
692,280.76163396505285,5694.7259594193065,-2.012491954657082,2.8601609186165744,3.497233813736378,-0.02329273095667919,0.03310371433583997,0.0404772432145414,-6.525894101154709e-12,58.0884477468827
693,281.75001272297953,5756.400793913932,-1.898585106118287,2.6966963411336957,3.2979988722645204,-0.02197436465414684,0.031211763207565923,0.03817128324380232,0.0,54.80721419968249
694,282.6818538497516,5814.5476802245075,-1.7899124725430635,2.5407160465367165,3.1078971489568934,-0.020716579543322493,0.02940643572380458,0.0359710318166307,-1.3041994863171803e-11,51.67688516226002
695,283.55974591494,5869.328145092261,-1.6862104363099217,2.3918034981249354,2.9264363326686564,-0.0195163244943278,0.02768291085792749,0.033870790887368704,2.9103830456733704e-11,48.68946965628391
696,284.3861316539994,5920.894615209573,-1.5871960368332334,2.2495497834803437,2.753119228746838,-0.018370324500384644,0.026036455827318797,0.03186480588827359,1.5186017890816156e-12,45.83685879887895
697,285.1633128964051,5969.390724735686,-1.4926049686399927,2.113561256604061,2.58747188928238,-0.017275520470370287,0.024462514544028476,0.029947591311138656,-1.4551915228366852e-11,43.111188618860034
698,285.89345345047946,6014.951495309927,-1.4021670110391764,1.983458594572264,2.429028678963902,-0.016228784849990466,0.022956696696438243,0.028113757858378496,-3.1215541218507205e-11,40.504892426177236
699,286.57858748451747,6057.703859033899,-1.3261641647623543,1.8984032196672154,2.3157387970888865,-0.01534912227734206,0.021972259486889068,0.026802532373713963,-1.4551915228366852e-11,38.01071755224503
700,290.26014759227286,6287.433209757839,-0.8002629141215797,1.114136616485668,1.3717584087267318,-0.009262302246777541,0.01289509972784338,0.01587683343433717,-2.1827352014339842e-11,23.13910661874583
701,290.6444499083437,6311.41367428066,-0.737089651258107,1.0223834675791312,1.26038450830329,-0.00853113022289476,0.011833141985869575,0.014587783660917713,-3.508790317185819e-11,21.30906435695718
702,290.9969852350754,6333.4118786687195,-0.6838492136004295,0.9619620175209748,1.1802629665015123,-0.007914921453708675,0.011133819647233508,0.013660451001174913,0.0,19.532931064789157
703,291.8734104789921,6388.100813889121,-0.510707321846558,0.7078118976270208,0.8728228061926704,-0.005910964373224051,0.008192267333646072,0.010102115812415166,-4.001776687800884e-11,14.481583587951995
704,292.9511394174382,6455.351099648156,-0.14280389962635676,0.15015424687207923,0.207217884368642,-0.001652822912342092,0.0017378963758342503,0.0023983551431555786,3.326225877000563e-11,3.8433248522536743
705,293.00142101554985,6458.488671370326,-0.08375993508854006,0.06226268920994577,0.10436651375652414,-0.0009694436931543985,0.000720632976966965,0.001207945761070881,2.1827872842550278e-11,2.3964724529324997
706,237.4823363402,2994.097787628492,-0.009998659002335148,0.049511130763075666,0.050510644930384284,-0.00011572521993443454,0.0005730454949430053,0.0005846139459535217,7.275957614183426e-12,1.5236857058595379
707,293.02401075075613,6459.898270847195,-0.04851315330953985,0.04778851460457533,0.06809749020446074,-0.000561494829971526,0.0005531078079233256,0.0007881653958849624,-2.546585164964199e-11,1.2021393647276106
708,251.33303049005954,-3196.542279301786,0.012691486807054673,0.0008490796129351142,0.012719857450567003,0.14689220841498463,0.009827310334897138,0.14722057234452546,-1.0658141036401503e-14,182.35766922422602
709,249.40930712061348,-3199.5826175552206,-0.013059967075684,0.020408775424471257,0.024229751429687675,-0.15115702633893519,0.2362126785239728,0.2804369378436073,-3.552713678800501e-15,182.37065911533338
710,250.13814654764977,-3587.1796554266543,0.006765042531213482,0.02231637146649494,0.02331922459859497,0.0782991033705264,0.25829133641776547,0.2698984328541084,0.0,182.51443419616783
711,301.9802745854647,80.84575225199305,-0.26920161607921617,-0.010673825045160946,0.26941314118052295,-5.729299354933021e-05,-7.655624158660488e-05,9.562084101130989e-05,1.7462298274040222e-10,181.42063631746106
712,301.97728024997156,-36.341094283365145,0.016978829821634876,0.06560119045735056,0.0677627984334592,0.000304153260880161,0.00012864306745816049,0.0003302396779750733,-4.3655745685100555e-11,181.74418756726726
713,301.9798377232852,-352.25812606679153,4.3944488379356905e-05,-1.1095263063439472e-05,4.532353606428296e-05,0.0005086167636499642,-0.0001284173965675865,0.0005245779637069787,-2.9103830456733704e-11,182.3762223712323
714,236.65761686010978,-2767.4148744724744,-0.006039931577528261,0.00032853342737493215,0.006048860030958374,-0.06990661548065118,0.0038024702242468876,0.07000995406201824,-1.4210854715202004e-14,182.40361334300536
715,237.11704344408543,-2474.5662510918924,-0.007708355417290599,0.00044329164106090337,0.007721091290634232,-0.08921707658901155,0.005130690290056744,0.0893644825304888,-1.4210854715202004e-14,182.32663244582994
716,236.13176540939796,-2419.0476004563902,0.006085298416079527,-0.012062843379792364,0.013510849241189114,0.07043169463055007,-0.1396162428216709,0.15637556992117033,1.4210854715202004e-14,182.34616068446383
717,301.98586865910676,1573.2484423307733,-0.36415499652095984,0.8468729022597803,0.9218473702696579,-0.00042147569041777757,0.0009801769702080794,0.0010669529748491412,1.4551915228366852e-10,151.3241549243094
718,301.9910920127145,1309.393975058533,-0.4221679436844221,0.5751160766901974,0.7134313382115046,-0.0004886203051903034,0.000665643607280321,0.0008257307155225748,1.1641532182693481e-10,148.6246175093094
719,301.9860974012775,1690.2627158428345,0.19300409513987868,0.618922777276066,0.6483178117033976,0.0002233843693748596,0.0007163458070324838,0.0007503678376196731,-5.820766091346741e-11,147.01243082358982
720,232.99668544624484,-2009.534676717155,-0.006127134697830499,0.004124202157546297,0.007385852898729298,-0.07091591085451966,0.04773382126789694,0.0854844085501076,-5.329070518200751e-15,182.40820044095116
721,232.441871588781,-1641.0510522173727,-0.006438923223880794,0.004740463985221622,0.007995732053928188,-0.07452457435047215,0.054866481310435415,0.09254319506861328,0.0,182.39048241149152
722,232.61060840507074,-2004.3471438999218,-0.006875325500810984,0.010160788780984658,0.012268322191476938,-0.07957552662975675,0.11760172200213723,0.14199446980876085,1.0658141036401503e-14,182.42723314756196
723,301.98182103081297,2698.2430403566245,-0.5857773650210069,0.5595892294617263,0.8101081576558297,-0.000677983061366906,0.0006476727192844054,0.0009376251824720249,1.4551915228366852e-10,124.89839791402835
724,301.98587829386986,2295.3912660959472,-0.7531735298060289,0.6360415014393679,0.9858088849030112,-0.0008717286224606815,0.0007361591451844536,0.0011409825056747816,-5.820766091346741e-11,128.2540526505054
725,301.98719580867873,2324.7528483617266,-0.9424077624301658,0.34064464656983484,1.002083412658507,-0.001090749725034914,0.00039426463723360515,0.0011598187646510497,-4.94765117764473e-10,124.51897125515569
726,230.11124760431863,-437.45399141036376,-0.0011784822505761146,0.0004456964288278704,0.001259946713791048,-0.013639840863149472,0.005158523481804056,0.014582716594803794,0.0,182.46334614887778
727,230.09439558764484,-753.3047862115023,0.0004177665464921822,-0.000263729000053358,0.0004940464278153913,0.004835260954770627,-0.0030524189820990504,0.00571812995156703,7.105427357601002e-15,182.47672958146592
728,230.19365340088763,-759.3858513376821,-0.0010757082648234287,0.0005870786201825623,0.0012254834055526386,-0.012450327139160054,0.006794891437298173,0.014183835712414798,-4.618527782440651e-14,182.4748803474282
729,301.9911602820922,3733.053458601482,0.07592348643901396,0.10154317239612519,0.12678876785158982,8.787440560071059e-05,0.00011752681990292267,0.0001467462590874882,8.731149137020111e-11,80.27703777945912
730,301.98771036329197,4047.6373030180516,-0.37557273397724783,0.2984033516987533,0.4796868132565189,-0.0004346906643255184,0.0003453742496513349,0.0005551930708987488,-8.731149137020111e-11,80.61847544116031
731,301.9899036300074,3720.7002725698467,-0.4182178633580125,0.32490117418243714,0.5295913086681725,-0.0004840484529606626,0.00037604302567411713,0.0006129529035511257,1.7462298274040222e-10,83.11555943203297
732,230.00009021686384,-725.1352114604869,-0.0002323132143879169,0.001222556736030424,0.0012444333659913697,-0.002688810351712001,0.014149962222574352,0.014403163958233446,3.552713678800501e-15,182.47683887787184
733,230.0802507366799,-1047.207176657189,-0.0002722568361327314,0.0012248354417738574,0.0012547293111449837,-0.0031511207885732786,0.014176336131641867,0.014522329990103977,1.7763568394002505e-15,182.48913708200683
734,301.9920894095531,3767.165556433532,-0.08679331808025895,-0.20633875414657304,0.22384986380639352,-0.00010045522925955894,-0.00023881800248445957,0.00025908549051665913,3.4924596548080444e-10,77.61620824370596
735,301.9942989339899,3440.2295404671404,-0.1526897082410343,-0.1293550090428183,0.20011712911992263,-0.00017672419935304894,-0.0001497164456514101,0.00023161704759250303,-5.820766091346741e-11,79.98008377975466
736,301.98329524682833,2345.925650351708,-0.6322506959362324,0.47480098279274907,0.7906812984842949,-0.0007317716388150838,0.0005495381745286448,0.0009151403917642303,-5.820766091346741e-11,132.2446470549284
737,301.98881921780145,1972.444768006709,-0.0003942450061439618,0.3641726877345713,0.3641729011348132,-4.563020904444534e-07,0.0004214961663594575,0.00042149641335047824,5.820766091346741e-11,131.8062127756291
738,233.56302948971785,-2297.324562546319,0.0006527855620597974,-0.0028448922372801386,0.0029188252485838405,0.007555388449766178,-0.03292699348703864,0.03378269963638704,3.552713678800501e-15,182.4217703338003
739,233.40212157193372,-1933.5399475970205,-0.006915744396282035,0.006124327258600823,0.009237689371544566,-0.08004333791993096,0.07088341734491695,0.1069177010595436,0.0,182.37494862330837
740,301.9864336443104,1788.0109645571968,-0.17731732583552626,0.1932173478422536,0.26224869408379636,-0.00020522838638371092,0.00022363118963223796,0.000303528581115505,-7.275957614183426e-11,143.07566319137746
741,301.9812743647468,2051.869430049791,-0.38591450901956764,0.5381868641944263,0.6622500351553361,-0.00044666031136524027,0.0006229014631879933,0.0007664930962446017,8.731149137020111e-11,145.7469483754238
742,235.59206617217217,-2090.817185731893,-0.006064424137353189,0.005979316872510237,0.008516423567413587,-0.07019009418232858,0.06920505639479439,0.09856971721543502,-5.329070518200751e-15,182.29350468892133
743,235.33765524939622,-2370.8728318536137,0.0006904182505085916,0.0035612241257504994,0.003627532857806081,0.007990951973479068,0.041217871825815953,0.04198533400238518,8.881784197001252e-15,182.36469830734575
744,301.9724559656595,870.0770889477468,-0.10344103222819387,0.16947104964247334,0.1985459236936279,-0.00011972341693077993,0.00019614704819730715,0.00022979852279355083,-7.275957614183426e-11,180.14836823032593
745,301.97403967304194,476.54508137341423,-0.13491268402692805,0.09854655856595997,0.16707141142799956,-0.00015614893984598153,0.00011405851685875,0.00019336968915277728,-5.820766091346741e-11,180.76258712018398
746,301.9741448960582,790.1707086662205,-0.01854133477743639,0.12917734651654972,0.13050121818736302,-2.1459878214625434e-05,0.0001495108177274881,0.00015104307660574425,8.731149137020111e-11,179.45248861805712
747,252.25129161890007,-2626.1543972050813,-0.019634478939528945,0.013519703742132301,0.02383894193335417,-0.22725091365195535,0.15647805257097572,0.27591367978419173,1.0658141036401503e-14,182.1059052486096
748,252.26873056726666,-2231.4353759116148,0.003578208723296719,-0.006145529329383149,0.007111336611761901,0.04141445281593425,-0.07112881168267533,0.08230713671020719,-3.552713678800501e-15,181.9409859480341
749,250.66829883960554,-2411.314085256226,0.00591372414757271,-0.004996780613646718,0.00774208949796502,0.0684458813376471,-0.05783310895424441,0.08960751733755808,1.4210854715202004e-14,182.0555154876084
750,246.85141551533385,-2571.3916543765936,-0.013396968075857853,0.002442880761841963,0.013617871347686173,-0.1550575008779844,0.028274082891689385,0.1576142517093307,-3.552713678800501e-15,182.17114466259684
751,245.5718295620568,-2268.888282287008,-0.017795241341319604,0.003986786467462286,0.01823636698284367,-0.2059634414504584,0.046143361891924625,0.21106906230143138,-7.105427357601002e-15,182.08351010009312
752,245.11207570317885,-2644.882240350852,-0.02872216532693749,0.025694788646419164,0.03853809731489194,-0.3324324690617765,0.29739338711133295,0.4460427929964345,1.0658141036401503e-14,182.21714286065597
753,301.976401853232,1250.7570286812504,-0.478845619361859,0.38170781001238346,0.6123675198820494,-0.0005542194668540035,0.000441791446773592,0.0007087587035671869,-3.4924596548080444e-10,173.76643849578215
754,301.97846050004097,868.5359526703679,-0.5329420724024289,0.3918449549775761,0.66149052999871,-0.0006168311023176258,0.00045352425344626855,0.0007656140393503587,2.9103830456733704e-11,176.27059836985643
755,301.98120038456386,903.7511397682716,-0.8327600248313657,0.1862415928031612,0.8533318169662931,-0.0009638426213325991,0.00021555739907773287,0.0009876525659332097,8.731149137020111e-11,174.01026585359753
756,248.34258509026458,-2887.8587221506336,-0.016370185691110137,-0.0007186382832723252,0.016385951926684385,-0.1894697417952562,-0.00831757272305931,0.18965222137366183,-5.861977570020827e-14,182.26537163431334
757,247.30552035956947,-3268.64817946451,-0.011440034077402315,0.019794508790942272,0.022862566740565617,-0.1324078018217861,0.22910311100627626,0.2646130409787687,1.7763568394002505e-15,182.40728607475617
758,301.9794333415551,459.0806087314971,-0.42106627349703074,0.3175798276941862,0.527402838099062,-0.0004873452239548967,0.0003675692450164192,0.0006104199515035439,-3.4924596548080444e-10,179.15719332835204
759,301.98362315855275,143.26543519395454,0.2583506601795657,-0.12977382167978152,0.28911296824700405,0.0002990169678004233,-0.00015020118249974712,0.0003346214910266251,-2.473825588822365e-10,180.19055550239761
760,252.23525695811665,-2925.8508348862333,-0.005434400316459146,0.01042486852139403,0.011756300033934292,-0.06289815181086975,0.12065820047909756,0.13606828742979504,2.6645352591003757e-15,182.2356549852199
761,253.1909202000498,-3299.2940667081075,0.013500386347666904,0.005864619067418098,0.014719177570169974,0.15625447161651507,0.06787753550252427,0.17036085150659688,-1.7763568394002505e-14,182.39240351362284
762,301.9750240707025,177.91063293874686,0.045284241864796675,-0.037528461339212185,0.058813671639833434,8.263120346183568e-05,7.348232195943704e-05,0.00011057833163012385,2.9103830456733704e-11,181.5573625694535
763,301.97637000576555,-255.08199883209699,0.01783594396176886,0.06608245355646172,0.06844714431624799,0.010224455808727188,0.005698817825689362,0.011705384282244217,-4.629185923477053e-12,182.36777186424055
764,301.1831166944668,-609.4387899958089,-0.002778273304621172,0.002221007420639606,0.0035569195264592147,-0.03215594102570801,0.02570610440555099,0.041168050074759426,-1.7763568394002505e-14,182.31388933210417
765,301.9689265184344,-248.40425698022992,0.06854190719823061,-0.09998161088723036,0.12122011201931962,-0.07273908544589833,-0.004333720447240005,0.07286807040412505,1.4551915228366852e-11,182.18365198206965
766,300.10414097476655,-742.3016031745672,0.0025226379019832783,-0.022499952254667784,0.02264092651476199,0.02919719793962127,-0.2604161140586549,0.262047760587523,-3.552713678800501e-14,182.25548235641588
767,261.63103036690654,-2765.4889768354465,-0.0228949366229553,0.016673228610093387,0.028322688347923057,-0.26498769239531594,0.19297718298719194,0.3278088929157761,1.7763568394002505e-14,181.9980944342689
768,260.5023958985313,-3147.9157676620625,0.016118491616273798,-0.006588802867825909,0.01741315868000288,0.18655661592909487,-0.07625929245168879,0.20154118842595925,-1.0658141036401503e-14,182.3217977218717
769,264.27500115065743,-2978.039928198976,-0.05191880404556975,0.018401549354607954,0.05508338435655839,-0.600912083860761,0.21298089530796235,0.6375391707934999,-1.7763568394002505e-14,182.26721498952168
770,301.97328753689453,257.81404276753545,0.10539880613436058,-0.07315949799639455,0.12830128791883963,0.00012198935895180621,-8.467534490323444e-05,0.0001484968610171755,-2.6193447411060333e-10,181.57985091556034
771,254.09667620624245,-2729.6865042646295,-4.3315847145034183e-05,0.02234377543444634,0.022343817420655353,-0.0005013408234378903,0.2586085119727585,0.25860899792425174,1.7763568394002505e-15,182.11211793429825
772,248.90907717848182,-2505.204298576017,0.01087713987937518,-0.007751737688568739,0.01335670652323659,0.1258928226779535,-0.08971918621028634,0.15459151068560872,2.4868995751603507e-14,182.12072324685784
773,301.976018861399,806.1728624378435,-0.007143951636781804,0.2557436936303107,0.255843453847588,-8.268462542571516e-06,0.00029599964540545214,0.00029611510861989347,5.820766091346741e-11,178.29637453828843
774,301.9716085584015,3003.7713398353667,-0.2303174870832771,-0.199192524571684,0.30450584017650045,-0.0002665711656056448,-0.00023054690343944908,0.0003524373150190978,-2.6193447411060333e-10,136.42602295033626
775,301.9734637595057,3008.791657052604,0.12693144301257478,0.19476011884226851,0.23247170820706134,0.00014691139237566533,0.00022541680421558858,0.00026906447709150623,1.4551915228366852e-10,132.650139293513
776,301.96824820710987,3349.614661598284,0.11673514416302974,0.21657855097887108,0.24603528736112384,0.0001351101205590623,0.00025066961918850827,0.00028476306407537494,5.238689482212067e-10,132.94104713426918
777,232.80334798627734,-1307.423842754135,-0.0009066375143031012,-0.0037119562032469893,0.00382107451342754,-0.010493489748878473,-0.04296245605609942,0.0442253994609669,-3.552713678800501e-15,182.2951799450693
778,233.14033571923886,-1291.3001906664167,0.001429204651099691,0.004215895303975382,0.004451561428174014,0.01654172049883902,0.0487950845367521,0.051522701714977005,2.842170943040401e-14,182.25529081585196
779,232.35475574259553,-994.267506488953,-0.002551104958177276,-0.0025940385942337684,0.0036382925577818762,-0.029526677756681424,-0.03002359484066862,0.04210986756691986,1.0658141036401503e-14,182.25504620439116
780,301.9989931414409,4289.449672025586,-0.12995398874792827,0.062263531818866256,0.14409991875797723,-0.000150409709198991,7.206427293850263e-05,0.00016678231337728845,0.0,51.699868196291185
781,301.9989686937968,4172.448146492858,-0.25386437977037163,0.2750154038889522,0.3742734237057167,-0.00029382451362311527,0.0003183048656122132,0.0004331868329927277,-1.1641532182693481e-10,53.96572567146352
782,302.0,4095.0000000016103,0.1369528566731839,-0.36256022809595123,0.3875641933253559,0.00015851025077914804,-0.00041962989362957315,0.00044856966820064337,3.029633298283443,52.87785350341889
783,228.95155013271335,-385.71077172081334,-0.0003572765566330725,0.0014023850340370836,0.001447180127562142,-0.004135145331401303,0.016231308264318102,0.016749769994932204,5.820766091346741e-11,182.50237721348014
784,228.82992031529358,-276.3004723278072,-0.0006765919389805505,0.001480181176444363,0.001627486702555102,-0.007830925219682297,0.017131726579217167,0.018836651649943314,2.9103830456733704e-11,182.49983524707048
785,228.89241019598492,-466.9136037705408,-0.0004503976968093336,0.0035730639484725293,0.0036013392044023365,-0.0052129363056635835,0.04135490681102465,0.04168216671761964,5.820766091346741e-11,182.51741944664872
786,228.84301378371586,-41.48343989825671,2.6040677416358036,11.304883158958058,11.600928930078044,-0.0022099673275838626,0.009538983254440778,0.0097916371009903,2.0372681319713593e-10,134.28392614432838
787,228.9607690079468,-34.13551390624648,2.604387057018151,11.304805362815653,11.600924800803995,0.0014858125606971324,0.00863856493954171,0.0087654117518919,1.1641532182693481e-10,141.5895284343163
788,228.90666563704153,118.9759357513913,2.845970512235168,11.236675557011084,11.591480739320687,0.2824721025966606,-0.0662138463368168,0.2901288716968616,1.9869617062795442e-10,75.74909080245597
789,301.996425291379,4523.28943818105,-0.20718451538203297,0.3507090616652578,0.4073355733890835,-0.00023979689280327892,0.00040591326581627057,0.0004714532099410689,3.4924596548080444e-10,53.52944190710936
790,301.99733565646596,4523.346244962476,-0.08327412435958963,0.13795718959517186,0.16114206759519561,-9.638208837915466e-05,0.00015967267314256003,0.00018650702267962457,1.7462298274040222e-10,51.416225892351335
791,301.99581498278997,4679.738854926094,-0.12533787975182306,-0.044600261030677664,0.13303671442382753,-0.2782164539166999,0.07046366757490821,0.2870009123297178,-9.040945769811515e-11,52.160149161911754
792,301.9730720675146,1199.6198134144504,-0.06853423395992671,-0.05141933051073158,0.08567898677415497,-7.932203004621146e-05,-5.951311401705043e-05,9.916549395156825e-05,2.9103830456733704e-11,177.73683215880953
793,249.19081970148073,-2093.9927342254937,-0.004551922384357647,0.018576958212883698,0.01912650971391391,-0.05268428685599128,0.21501109042689465,0.22137164020733696,-6.039613253960852e-14,181.9752696997275
794,301.9890166024369,2960.833640879108,-0.25881559576989766,0.617169324126306,0.6692409784645948,-0.00029955508769664076,0.0007143163473684099,0.0007745844658155035,2.3283064365386963e-10,102.90177736860073
795,301.9929382936775,2708.313701087274,-0.3556282130829925,0.47236524408857006,0.5912701157368404,-0.0004116067281053154,0.0005467190325099191,0.0006843404117324543,2.9103830456733704e-11,101.03932233544366
796,301.989289426763,3072.6551832140635,0.03429374050915641,0.535288476680893,0.5363858815306946,3.96918292930051e-05,0.0006195468480102927,0.0006208169925123779,-1.7462298274040222e-10,99.48029280492189
797,301.9966368599752,2990.055723420367,0.04650720203485769,0.12167574368029445,0.13026091678344578,5.382778013293714e-05,0.00014082840703737783,0.00015076494998084001,-2.3283064365386963e-10,85.29202790147586
798,301.9921755864931,3396.9942994865532,-0.3919958359198969,0.3907085772652569,0.5534563467222866,-0.0004536988841665473,0.00045220900146441764,0.0006405744753730169,0.0,85.58760694577893
799,301.99546288633246,2980.9338436467656,-0.499899356802602,0.9770883249275727,1.097543147963407,-0.0005785872185215301,0.0011308892649624684,0.0012703045694020913,1.7462298274040222e-10,88.25531761760041
800,230.28160253702342,-1077.7462260650661,-0.0010669539945500882,0.0006232144496918775,0.0012356322579113654,-0.012349004566551943,0.007213130204767099,0.014301299281381541,1.4210854715202004e-14,182.4846126068862
801,230.27209029334693,-1485.5560919520321,0.00041720881476833247,2.446459326640503e-05,0.00041792548551636255,0.00482880572648533,0.0002831550146574656,0.004837100526809752,-4.973799150320701e-14,182.50154148427694
802,230.38334168713914,-1487.6631768409627,-0.0004466317632818856,-0.0009113187519345642,0.0010148801897760435,-0.0051693491120588615,-0.010547670739983382,0.011746298492778282,2.842170943040401e-14,182.49765177902506
803,230.92887773426096,-1726.092305925521,-0.0013397334650551715,7.965185522167743e-05,0.0013420991675092387,-0.015506174364064483,0.0009218964724731165,0.015533555179505075,-2.1316282072803006e-14,182.48672159331565
804,230.98554030270856,-1469.7958808148685,-0.0021037936005103178,0.0005572672482257487,0.0021763488460017767,-0.024349462968869418,0.00644985241002024,0.025189222754650194,1.7763568394002505e-14,182.47010803625463
805,230.82085433291985,-1368.2763953297606,0.0004447913408426316,-0.0021084003247649336,0.0021548065496367562,0.005148047926419348,-0.02440278153663118,0.024939890620795796,-2.1316282072803006e-14,182.4734678454629
806,232.2064661152934,-1926.3141472627585,-0.005478308149008764,0.003589013896797044,0.0065492656784480905,-0.06340634431723105,0.04153951269441024,0.07580168609314919,3.552713678800501e-14,182.43930052962628
807,232.6262532526001,-2303.223439100347,-0.0032321645547634605,0.0022205249560451347,0.003921430706959965,-0.03740931197642894,0.025700520324596462,0.045386929478703285,-2.3092638912203256e-14,182.45915920426364
808,301.9917002044643,2025.180450705491,-0.371385140132375,0.44843841116357364,0.5822576155947247,-0.0004298439121902488,0.0005190259388467289,0.0006739092773087092,2.0372681319713593e-10,123.62758045963426
809,301.98768149416173,2428.034630658039,-0.4907680650895571,0.5651255316915728,0.7484785636752936,-0.000568018593853654,0.0006540804764948758,0.0008662946338834416,-2.0372681319713593e-10,120.41068668523015
810,271.28174391398557,-2540.8191797673007,-0.016870256903620824,0.05368698085537719,0.056275194192110994,-0.19525760305116693,0.6213770932335322,0.6513332661123956,7.105427357601002e-15,182.1708042094551
811,276.40825127306965,-2220.9251205604537,0.007987732241557676,0.07131461667911826,0.07176056311409765,0.0924506046476583,0.8254006560083131,0.8305620730798339,4.973799150320701e-14,182.1745818703284
812,272.680426253631,-2141.541401773424,0.04202262495867533,0.01268587334146751,0.04389569900176142,0.902594453590769,-0.45308446170108924,1.0099318180391113,1.0136856631870472e-14,181.71971211108888
813,290.0055230565377,-1372.4553612720476,0.055589851305765006,-0.0068484527821214445,0.056010114030467836,0.6434010567796875,-0.07926449979307222,0.6482652086859703,1.9539925233402755e-14,182.1848030734752
814,295.20053137040065,-1048.2868424869991,0.03197837340112086,0.017395250913956332,0.036403449283563954,0.37012006251297297,0.2013339226152354,0.42133621855976805,7.105427357601002e-15,182.1671160797414
815,294.20926226160236,-798.1420348760126,0.02315989436741144,0.03953630117609586,0.04582029918929617,0.7795047574953197,-0.14877266509838769,0.7935748060758444,-1.2781225730562618e-14,181.7198783788708
816,301.95281553002695,3668.895981654763,-0.32004572311097257,-0.2246376083973723,0.39101319669304835,-0.00037042329063769966,-0.00025999723194140313,0.0004525615702465837,1.1641532182693481e-10,153.78457752402534
817,301.95110579154505,3661.167972096716,0.15281641322744305,0.17004042516354986,0.22861890197772675,0.00017687084864287392,0.0001968060476429975,0.00026460521062236894,-8.731149137020111e-11,158.49328851110437
818,301.95695594976763,3326.0795549697277,0.14730428850446306,0.1028798143447519,0.17967417625083662,0.00017049107465794334,0.00011907385919531466,0.00020795622251254235,0.0,157.0382903773966
819,233.17480112713878,-630.4734389626625,-0.011950108013419338,-0.007610067513434514,0.01416750539408475,-0.1383114353405016,-0.08807948510919579,0.1639757568759809,-1.2434497875801753e-14,181.73498541805583
820,232.80743152519926,-645.775980246818,0.007737547279459671,0.0009101615494541139,0.007790894168706084,0.08955494536411655,0.01053427719275594,0.09017238621187597,0.0,181.85794089111727
821,234.57895036211568,-878.3079937001388,-0.004085446274616224,-0.01204106715420139,0.012715273079048014,-0.04728525780805815,-0.13936420317362722,0.14716751248898166,7.105427357601002e-15,181.83905525249943
822,301.97213933205137,186.88461024646912,0.01404842522656564,0.09472705623273012,0.09576311102854386,1.6259751419636157e-05,0.00010963779656565985,0.00011083693406081465,-5.820766091346741e-11,181.77754732837826
823,301.97258232136613,-111.78362206897154,0.07952508527752807,0.028130400125545126,0.08435377051217913,0.028488085332218565,-0.02132295990754162,0.03558426091847903,1.0171063991037954e-10,182.3488691624143
824,255.94166092044787,-2685.4172426374116,0.0027334941176082998,-0.007209868912056365,0.007710654954025372,0.03163766339824423,-0.08344755685250423,0.08924369159751588,1.7763568394002505e-15,182.04007823430217
825,256.1844778619206,-2968.961340337785,-0.006671436233124326,0.017193364970469617,0.018442338800174336,-0.07721569714264265,0.19899727975080575,0.21345299537238815,5.329070518200751e-15,182.2069466254244
826,301.97163125211904,477.8896063569781,-0.08328027751389412,0.043167380788278364,0.09380313100803961,-9.638921008552557e-05,4.9962246282729616e-05,0.0001085684386667125,-2.3283064365386963e-10,181.35628426716357
827,301.9712027740082,108.30920993532273,0.01181917108311869,-0.03487659364357094,0.03682485015951595,0.000107653045646679,-0.00016546144134520948,0.00019739976395386128,3.4924596548080444e-10,181.85321255301946
828,255.64190757765533,-2413.0851509295076,-0.027430194904076315,0.011573052230092327,0.02977164977618908,-0.3174791076860684,0.13394736377421676,0.3445792798170032,1.7763568394002505e-14,181.86840094271116
829,258.25445407209605,-2619.6159090638776,-0.04183197381960097,0.030447933309139998,0.05173964318046287,-0.4841663636527889,0.3524066355224537,0.5988384627368387,3.019806626980426e-14,181.91774814079574
830,230.4598789552891,-1727.2284245822714,-0.000569152452661534,0.0008904900293753433,0.0010568382122101469,-0.006587412646545531,0.010306597562214621,0.012231923752432254,3.552713678800501e-15,182.50476283972327
831,230.46613054534743,-1319.6220234810764,0.0004927527466000299,-0.00040171079681440406,0.0006357490334708631,0.005703156789352197,-0.004649430518685233,0.007358206405912769,8.881784197001252e-15,182.48763413571012
832,301.99265937489395,3143.6340331330525,-0.23405055608984904,0.43211097486538913,0.4914260446955213,-0.0002708918473262142,0.0005001284431312374,0.0005687801443235201,-2.0372681319713593e-10,90.5318839025071
833,301.99729850077756,2736.7065550567227,-0.42409750387359524,0.3460388492301472,0.5473587287769682,-0.0004908535924462909,0.0004005079273497074,0.0006335170471955652,5.820766091346741e-11,90.19420805074715
834,301.97494407137253,2672.3002065437618,-0.23677788429784916,-0.17822813324402673,0.29635963620610717,-0.00027404847719658465,-0.00020628256162503092,0.0003430088382015129,4.94765117764473e-10,139.64690954806062
835,301.96964492571203,3013.1179948697286,-0.6783129984499755,0.5764983533087544,0.890201592468752,-0.0007850844889467308,0.000667243464477725,0.0010303259172092035,5.820766091346741e-11,140.02030772144437
836,233.94687385954927,-1572.6514459688876,0.0022711472149166893,0.005264555497519359,0.005733555115134513,0.026286426098572777,0.06093235529536294,0.06636059161035314,-1.5987211554602254e-14,182.26265899656823
837,233.46947592823545,-1261.2925846119442,-0.010501701107436038,0.008007870665915257,0.01320650289637455,-0.12154746652125041,0.09268368826290807,0.1528530427821128,-1.2434497875801753e-14,182.21007082507026
838,301.94321543575,3978.9515593777764,-0.9455286525729649,0.746765533622232,1.2048581638693177,-0.001094361866403895,0.0008643119602109165,0.0013945117637376365,0.0,171.69952473631503
839,301.93482205137155,4334.99924077044,-0.5295934855474139,-0.09699047239128884,0.5384017196006569,-0.0006129554230872848,-0.00011225749119362143,0.0006231501384266863,-5.820766091346741e-11,168.89951760073296
840,301.93620576190864,4319.447810965218,-1.0859580682910537,0.37185480236722707,1.1478592771459428,-0.7738858542179089,-0.2472911401086351,0.8124359810685462,1.185114228974271e-10,176.29214149048084
841,231.29325291637892,-73.03467325328616,0.40281911257946657,1.0379839188834854,1.113406418752841,-0.0002119072774516467,0.0015613344445689077,0.0015756490542104444,0.0,177.8907692523826
842,231.29611089222809,-429.427764138181,-0.03859100841308155,0.0036592817408489966,0.038764110633386674,-0.44665518996622156,0.04235279792649301,0.44865868788641977,9.793055255613581e-12,181.1670330256079
843,231.29992934991742,-88.25583714303589,0.012853052373377425,0.08797651684880255,0.08891045198490682,0.1487621802474239,1.0182467227870666,1.029056157232718,1.91491267287347e-11,179.36230208629487
844,229.63591310224714,-182.2102780396176,-0.0006356991948920759,0.0013974387531364638,0.001535235661113312,-0.007357629570510136,0.016174059642783147,0.017768931262885555,-1.7462298274040222e-10,155.7564059420664
845,229.70413768847038,-474.56621167904626,-0.00026731917199168675,0.0009468273409514553,0.000983840207191963,-0.0030939718980519267,0.010958649779530732,0.01138703943509216,6.6204819404447335e-12,182.45454645474905
846,229.78577204350773,-122.7809723048761,3.2111519364083967,2.3262974878522678,3.9652435941171595,-0.006976647581385665,0.016141597611537987,0.017584788452741286,0.0,151.45957821197723
847,301.99302456660973,4036.260329518156,-0.09102673662979115,-0.11013827327910826,0.14288563966463844,-0.00010535501924744347,-0.00012747485333230123,0.0001653768977599982,-5.820766091346741e-11,70.14242739709253
848,301.99135775082385,4332.769468032305,-0.08779451156033008,-0.19537079936812773,0.214190628893652,-0.0001016140180096413,-0.00022612361037977749,0.0002479058204787639,1.1641532182693481e-10,67.89257347388119
849,301.9896907938144,4382.743557714832,-0.07909558410629841,-0.18700049620474898,0.20304013644089897,-9.154581493784537e-05,-0.00021643575949623726,0.00023500015791770714,-2.0372681319713593e-10,70.27986321202958
850,301.9373601008515,4335.157615057989,-0.17917020638316777,-0.3911773434214509,0.43025768658055447,-0.00020737292405459236,-0.0004527515548859385,0.0004979834335423084,1.1641532182693481e-10,162.0402467162669
851,301.92818821553624,4675.518944649461,-0.18562577235509348,-0.37352521298688524,0.4171067154809701,-0.78094784045689,0.1345313561690194,0.7924507652257998,1.7706724975141697e-11,163.80006274712966
852,231.28144038496373,-73.7717752135939,0.4027200652288449,1.038070941352816,1.1134517188540538,-0.0013582886503883745,0.002568538950710027,0.0029055705806413376,-5.820766091346741e-11,174.4167439758691
853,231.2944430759808,267.97324794120243,1.099858840139682,0.8054287255901754,1.363233252323028,0.8071574174880426,-0.26792376905545967,0.8504623699087748,6.571099220309407e-11,168.0982782096032
854,301.9903113759972,3130.1962928740154,-0.5104282973068762,0.48637674330455244,0.7050527520116061,-0.000590773492253329,0.0005629360454913802,0.0008160332777912108,-5.820766091346741e-11,95.8990290323702
855,301.98647602499034,3382.721620296436,-0.3850696893079319,0.35615262269977194,0.5245220264961552,-0.0004456825107730694,0.00041221368368029156,0.0006070856788149944,-1.1641532182693481e-10,97.63244474641964
856,230.70726407670324,-1065.119699644922,-0.0010739693949104968,0.0005989703178217694,0.0012297055350106911,-0.0124302013299826,0.00693252682664085,0.014232702951512627,7.105427357601002e-15,182.46440158855847
857,230.67101996092197,-1320.1420133091963,-0.0009484764914070497,9.073542286671051e-05,0.0009528066811870223,-0.010977737169063076,0.0010501785054017438,0.011027855106331277,7.105427357601002e-15,182.47870561923796
858,301.95463368657477,3679.411985107156,-0.7012557621729939,0.6100570574152483,0.9294779487879087,-0.0008116386136261504,0.0007060845571935745,0.0010757846629489685,-8.731149137020111e-11,149.3989970962062
859,301.9602757096518,3349.5067443719986,-0.6351800888730055,0.5869246885757579,0.8648319694371095,-0.0007351621398993119,0.0006793109821478678,0.001000962927589247,5.820766091346741e-11,148.51680334461224
860,301.95644509949614,3695.1237317821738,-0.29210141784987453,0.9978515431005374,1.0397263776484804,-0.0003380803447336511,0.001154920767477474,0.001203387011167223,-2.9103830456733704e-11,145.2173860183394
861,233.53269501129935,-920.3742912061817,-0.01669394777932107,0.012791843565297572,0.021031384981920323,-0.19321698818658642,0.1480537449687219,0.24341880766111484,3.552713678800501e-15,182.0238635412553
862,232.52247421918503,-653.1547656586607,-0.013774969416259226,0.013045320590199963,0.018971825735020133,-0.1594325163918892,0.15098750683101808,0.21958131637754782,-3.019806626980426e-14,181.95550206677473
863,232.2711040228138,-653.2415514041998,-0.022344744800691003,0.002906422521910613,0.02253297388459581,-0.2586197314894792,0.033639149559150615,0.26079830884948857,-3.552713678800501e-15,182.03537991924614
864,301.9486229485359,4014.4903820536097,-0.7469693048508711,0.6519938867265185,0.9914934042736471,-0.00086454780654036,0.0007546225540816186,0.0011475618105019063,-5.820766091346741e-11,150.40973756734886
865,231.22691460761632,-398.5442184205131,-0.0018232660611590854,0.011745645716768392,0.01188631534301586,-0.021102616448600526,0.13594497357370822,0.13757309424786873,5.820766091346741e-11,181.89008432951655
866,301.95855823182313,3698.6235461855313,-0.6719236919592153,0.5513516729364596,0.8691778385727141,-0.0007776894582861288,0.0006381385103431246,0.0010059928687184193,5.820766091346741e-11,141.04787130079745
867,301.95294288181776,4028.53045132036,-0.65834824499962,0.527509237309005,0.8436162677073077,-0.0007619771354162267,0.0006105430987372743,0.0009764077172538282,-2.9103830456733704e-11,141.6900273385333
868,231.17297777373125,-388.1393714260527,-0.010722996464046307,0.0019658896079638175,0.010901714320172297,-0.1241087553709063,0.02275335194402566,0.12617724907606823,8.731149137020111e-11,182.0592827471719
869,232.08210430132337,-661.667179079761,-0.011657428151448275,0.009266823962044674,0.014891932629773211,-0.1349239369380587,0.10725490696810965,0.17236033136311585,-3.730349362740526e-14,182.10641993061472
870,229.5591946170987,-186.9975115128798,-0.0008546685908129749,0.0014255741580815528,0.0016621432189532178,-0.009891997578853876,0.016499700903721676,0.019237768737884464,-4.3655745685100555e-11,157.2820681551504
871,229.5998563101529,162.23103375354017,0.2755239675194715,-0.08450412913227605,0.28819161076977096,0.32363354495965985,-0.09409707997276842,0.3370355053737777,-1.1516476661199704e-10,87.1639115862585
872,301.9925386472407,4332.843155968715,-0.07065427554322945,-0.11833570361341053,0.137823675042496,-8.177578187873778e-05,-0.00013696261992292885,0.00015951814241029627,5.820766091346741e-11,65.46703651696141
873,301.9893565820469,4679.335850719728,-0.09041063357948191,-0.10148515164991583,0.13591658717628896,-0.2976653614089098,0.0630128727812724,0.30426187654526443,1.0081180334964301e-10,65.57494175240144
874,243.44061215315583,-2648.3658335456616,-0.015681731148472267,0.004277438183999601,0.016254635315223257,-0.1815015179221327,0.04950738638888425,0.18813235318545435,3.907985046680551e-14,182.24002006301524
875,244.60000632945315,-2958.3691725187828,-0.011198419556542574,0.0033380356623563985,0.011685336223126756,-0.12961133745998352,0.03863467201801387,0.13524694702693008,-7.105427357601002e-15,182.32532125178795
876,301.9863541824527,622.538933512224,-0.5718488625146015,0.7746395902233556,0.9628486985506353,-0.0006618621093918999,0.0008965735997955505,0.001114408215915087,-1.7462298274040222e-10,174.52699222491145
877,301.98315308130077,1004.6887203721045,-0.542103699064994,0.5435936739299908,0.7677046977039119,-0.0006274348368807801,0.0006291593448263783,0.0008885471038239722,2.3283064365386963e-10,170.78491257244852
878,301.66812051553654,-462.1745515615803,0.005975650631229345,0.000729368557114047,0.0060199982523766815,0.06916262304663592,0.008441765707338508,0.06967590569880416,-3.197442310920451e-14,182.3469721735246
879,301.85409942109294,-379.7116833160081,0.0033327498148426446,-0.0013695858385753099,0.003603191182488062,0.03857349322734542,-0.015851687946473497,0.04170360164916738,-3.907985046680551e-14,182.36106621643506
880,257.668241939941,-3207.766974678095,-0.012223475931104495,0.03158913571374669,0.03387162321147006,-0.14147541586926501,0.36561499668688296,0.3920326760586813,1.4210854715202004e-14,182.34206949327938
881,255.41155010223562,-3277.7267608117113,-0.0171800654376674,0.03175728936546012,0.036106510164845625,-0.19884334997300232,0.36756121950764026,0.41789942320423173,3.552713678800501e-15,182.37752350622543
882,301.96881057186283,42.625208251987985,0.06309221633798108,-0.07324217539313853,0.09666976786337016,-0.13581421114323114,0.3051504866603043,0.33400946013171356,-4.3797854232252575e-11,181.63311776274597
883,260.7369113414525,-2530.2453037256187,-0.02986080649054585,0.039273883401983734,0.04933665657235438,0.18806644776883832,1.1813829107419194,1.1962585717851468,-5.702036065535765e-15,181.71960804886288
884,301.97863769266996,2665.913266756667,-0.5221984556818232,0.45156050373684264,0.6903608590089332,-0.0006043963607428508,0.000522639471917642,0.0007990287720010802,-5.820766091346741e-11,132.32915439611375
885,301.97531962419293,3011.7592269672155,-0.5938075945858269,0.534770666131758,0.7991164650680213,-0.0006872773085484107,0.0006189475302450905,0.0009249033160509505,1.7462298274040222e-10,128.94767958789024
886,233.14654920008195,-1629.209435595713,-0.008663846317252427,0.007061729694441375,0.011177220552817392,-0.10027599904227345,0.08173298257455296,0.12936597862057167,-3.552713678800501e-15,182.33706402313112
887,232.504125172812,-1323.2438201773523,-0.007223639608279378,0.005261665398587554,0.008936783087722123,-0.08360693991064094,0.060898905076244826,0.10343498944122827,1.7763568394002505e-14,182.32951383494873
888,245.79414292211715,-1933.8322144260692,0.0074381505092822806,-0.004955436137338715,0.008937697148034201,0.08608970496854491,-0.05735458492290179,0.10344556884298843,-3.197442310920451e-14,181.9645141133592
889,243.96345815150173,-2013.0227258082573,0.006821493452069596,-0.007450692625633956,0.010101761901683517,0.07895247051006477,-0.08623486835224488,0.11691854052874441,7.105427357601002e-15,182.01567315058296
890,301.9727980821283,1571.71586755819,0.04858508896609083,0.14355746486215956,0.15155611695835025,5.623274185890142e-05,0.0001661544732200921,0.00017541217240549798,2.9103830456733704e-11,173.81191324036058
891,301.97420076360345,1606.8476131859147,0.1092436951160002,0.0858973691704656,0.1389695756379966,0.00012643946193981504,9.941825135470553e-05,0.00016084441624768123,-5.820766091346741e-11,171.09822323364307
892,301.9493261761191,3639.2571257014642,0.2825889831030905,-0.05409702687550836,0.2877203880297819,0.0003270705822952436,-6.2612299624431e-05,0.00033300970836780305,8.731149137020111e-11,168.4434097445358
893,301.94992528996977,3623.6567370630105,-0.4681813228765243,0.5995385361913848,0.7606840391837604,-0.0005418765311070883,0.0006939103428141027,0.0008804213416478707,-1.7462298274040222e-10,173.38601555607244
894,234.54948533792498,-566.492942602105,-0.022734536321846292,-0.011154774738770107,0.025323667610400592,-0.26313120742877655,-0.1291061891061355,0.29309800475000686,0.0,181.38282760050615
895,236.1350483463237,-483.19158422057615,-0.0704786805261748,0.05490188352047888,0.08933902407574666,-0.815725469052949,0.6354384666722092,1.0340164823581788,1.4210854715202004e-14,181.11396185128353
896,301.9548051810813,3301.1047617599793,-0.3009856007002823,-0.2708674153601177,0.4049215831896101,-0.0003483629637734749,-0.00031350395296309924,0.00046865923980278946,-1.4551915228366852e-10,166.0784358605076
897,301.95927811175414,2953.989813485363,-0.3558873906178507,-0.18429871031922526,0.4007765579797705,-0.000411906702103994,-0.00021330869249910328,0.0004638617569210308,1.1641532182693481e-10,168.4374072685018
898,301.95986982194074,2971.2459995679537,-0.29088967686966266,-0.1815963181794251,0.3429198549014912,-0.0003366778667472947,-0.00021018092381877907,0.0003968979802100592,-3.4924596548080444e-10,164.33700506653253
899,239.25047342741135,-959.0395988178739,0.0035682285535418522,0.020634901052214473,0.020941141240271348,0.04129894159191957,0.2388298732895194,0.24237431991054803,1.0658141036401503e-14,181.605415806855
900,236.47357245948396,-784.9241600680067,0.002639166038989784,0.009426164485209682,0.009788655386905053,0.030545903229048394,0.10909912598622318,0.11329462253362331,1.7763568394002505e-14,181.5716741207483
901,237.6616225703125,-1040.9646289340626,-0.0009667456534349041,0.017772541090627095,0.01779881495989168,-0.011189185803644754,0.20570070706744326,0.20600480277652408,-1.4210854715202004e-14,181.72638936734384
902,238.11443538958576,-2634.2441134909536,-0.008749059137837483,0.01663031517346075,0.018791312316227847,-0.10126225853978568,0.19248049969283273,0.21749204069708156,5.329070518200751e-15,182.33766269494885
903,237.44168311117042,-2295.0434511235726,-0.003618705631334206,0.0036516277984999838,0.005140954777570771,-0.041883167029331106,0.042264210630786836,0.05950179140706911,-1.4210854715202004e-14,182.27089767102677
904,301.98252091852464,1732.3048280594878,-0.20978621945856124,0.41984627073288244,0.469341186050217,-0.0002428081243733347,0.00048593318371861386,0.0005432189653358993,5.238689482212067e-10,153.2613026271923
905,301.9875353347595,1351.4373230945778,-0.3756947885955797,0.20172250347447135,0.426425307159279,-0.0004348319312448839,0.00023347511976211954,0.0004935478092121284,-2.3283064365386963e-10,154.9797790971291
906,247.7347309661816,-1836.9528135458506,-0.0035926384889887965,0.0198293540584934,0.02015217937816286,-0.04158146399292587,0.22950641271404396,0.23324281687688492,-1.7763568394002505e-14,181.91294319711594
907,246.06165289847343,-1585.1249524734494,-0.006912035368740905,0.02565596270453815,0.026570748112075764,-0.08000040936042713,0.29694401278400634,0.30753180685272874,0.0,181.84041398755744
908,301.97160523547916,1547.4281408579347,-0.06690164639762387,-0.15346841431369018,0.16741679868720213,-7.743246110836095e-05,-0.00017762547952973398,0.00019376944292500244,1.7462298274040222e-10,176.09019738356628
909,301.96941888161854,1903.5196448745146,-0.1811144648059246,-0.08792831506986794,0.20133017149191143,-0.0002096232231550053,-0.00010176888318271748,0.0002330210318193419,1.1641532182693481e-10,174.35367275190345
910,249.6879636107208,-1730.9563148609293,-0.011564397400567044,0.004680522346008292,0.012475679407139508,-0.13384719213619264,0.054172712338058926,0.14439443758263318,5.684341886080802e-14,181.8607745446581
911,301.9707615127801,1531.4902742271552,-0.22280711428314046,0.14909135945553323,0.26808812662906095,-0.00025787860449437563,0.00017255944381427458,0.00031028718359845026,-1.1641532182693481e-10,177.92797344657123
912,301.94977322575716,3656.5042849658266,0.10160888921411841,0.10235508833299196,0.14422527682407676,0.00011760288103485929,0.00011846653742244438,0.00016692740373157035,5.820766091346741e-11,163.34634147785275
913,233.66956458341252,-604.180734316902,-0.005790672986200049,-0.011403135039431911,0.012789190058820253,-0.06702167808101905,-0.13198072962305454,0.1480230330881974,-1.4210854715202004e-14,181.58338909354495
914,301.95927572266186,2934.459159086724,0.2231756386280767,-0.11000735833136642,0.2488151614433806,0.00025830513730101476,-0.00012732333140204447,0.00028798051092983866,-6.693881005048752e-10,172.3384907671518
915,301.9632452234423,2604.5320601537724,0.12350661879124301,-0.0344040277231483,0.12820889988148473,0.0001429474754528276,-3.981947653142161e-05,0.00014838993041838515,-4.0745362639427185e-10,170.5748194590162
916,241.42075390262625,-843.1446024836044,0.003419620126989936,-0.015809706319419227,0.016175308829175377,0.03957893665497608,-0.1829827120303151,0.18721422255990017,1.7763568394002505e-15,181.48628240358155
917,241.8277702934454,-1147.9215754782463,0.007770874308921579,-0.012061189326471924,0.014347779462134818,0.08994067487177748,-0.13959709868601763,0.16606226229322704,-7.105427357601002e-15,181.67308649116242
918,250.64728164028725,-1350.0880331466344,-0.01850964415579011,0.009100490568784847,0.020625854051808785,-0.21423199254386696,0.10532975195352828,0.2387251626366757,1.0658141036401503e-14,181.76959510039603
919,251.57078109792485,-1640.361524752365,-0.004511016367155985,-0.004413328812497723,0.006310843039719158,-0.0522108375828239,-0.051080194589093984,0.07304216481156431,4.618527782440651e-14,181.80117180900473
920,301.9687865321711,1852.373872106806,-0.23946660454313204,0.22250687319273696,0.3268846330273504,-0.00027716042192492136,0.0002575311032323345,0.0003783386956335074,1.7462298274040222e-10,178.66220631786157
921,301.97036314732475,1504.5723951298976,-0.12247779141457239,0.15671600363887264,0.19889875612062194,-0.00014175670302612545,0.00018138426347091743,0.00023020689365812726,-1.7462298274040222e-10,179.4183316502888
922,240.41497089305952,-1537.2690908847494,-0.025239210114006008,0.01564433607729017,0.029694494076817436,-0.2921204874306251,0.18106870459826585,0.34368627403723884,1.2434497875801753e-14,181.89741876556468
923,242.27892899485255,-1769.3155372322094,-0.00342824953386965,0.021392673453254428,0.02166562651630583,-0.03967881404941724,0.24760038719044475,0.2507595661609471,-1.9539925233402755e-14,181.95190463783902
924,242.09446430005636,-1460.1067960459266,-0.0235317773384004,0.011931070381631133,0.026383612056643996,-0.2723585340092639,0.13809109237998995,0.30536588028523143,3.552713678800501e-15,181.82465283527586
925,301.9714352922066,1955.4968557235022,-0.19426518868313936,-0.15250679477461862,0.24697628628377133,-0.00022484396838326324,-0.00017651249395210487,0.0002858521831988095,-1.7462298274040222e-10,168.52694612794414
926,301.9682430004379,2303.6550886168247,-0.48737969076204585,0.45334931012109286,0.665630948765589,-0.0005640968643079236,0.0005247098496771909,0.0007704061907009133,2.6193447411060333e-10,165.8361781182175
927,301.9673206879404,2275.9594425580444,-0.43176809278780115,0.3663365410503369,0.5662385956982625,-0.00049973158887477,0.0004240006262156678,0.0006553687450211374,-4.94765117764473e-10,169.29643833529747
928,244.087333430339,-1355.2822676354324,-0.02763222023048434,0.013699103144619614,0.03084161185529892,-0.31981736377875397,0.15855443454420853,0.3569631001770709,1.0658141036401503e-14,181.7575404253258
929,246.40740613112285,-1234.7230241759214,-0.003430263706399587,0.028755686878816574,0.0289595620990371,-0.03970212623147674,0.33282044998630295,0.33518011688700344,-1.0658141036401503e-14,181.71742660837836
930,301.96661832118247,2256.385109553066,-0.35795876276067706,0.3732549250633937,0.5171592742291627,-0.00041430412356559834,0.0004320080151196686,0.0005985639748022715,-5.820766091346741e-11,172.51212448006268
931,301.96636206222814,2232.155825924967,-0.24689288477946572,-0.1421345603667371,0.28488301073488426,-0.0002857556536799371,-0.00016450759301705686,0.00032972570686907895,-2.6193447411060333e-10,175.35861674972742
932,301.96956753853044,2320.9510000522114,-0.5150135001512841,0.4395208368198453,0.6770653375686084,-0.0005960804399899122,0.0005087046722451913,0.0007836404370007042,-1.7462298274040222e-10,162.1069172803878
933,301.96479943673955,2641.3728086412093,0.13289273456518644,0.05531113348740769,0.14394374035669258,0.00015381103537637317,6.401751561042554e-05,0.00016660155133876455,-2.6193447411060333e-10,163.03797527388997
934,238.47287760086488,-1320.5231139179098,0.0015284673263392123,-0.011210283592400264,0.011314003296345864,0.01769059405485199,-0.12974865268981786,0.13094911222622527,-1.4210854715202004e-14,181.85998512208926
935,239.01323074979155,-1607.524415566447,-0.022066102160545532,0.01244687278073008,0.025334512163831212,-0.2553947009322399,0.14406102755474634,0.29322352041471306,-1.7763568394002505e-14,181.97541020585612
936,231.26912556890852,-410.89333994504665,-0.021746192428057032,0.0034979439095177843,0.022025723523013213,-0.25169204199140083,0.04048546191571509,0.2549273555904307,1.4551915228366852e-11,181.6367717030785
937,301.94470774434546,3999.262987802591,-0.7760854672976909,0.6090307778005702,0.9865227523271031,-0.0008982470686315867,0.0007048967335654749,0.0011418087411193324,-5.820766091346741e-11,160.17066401910066
938,237.81825832813996,-1649.1320059801726,-0.02114048504313476,0.014332305371777201,0.025540851300003258,-0.2446815398510967,0.1658831640251991,0.29561170486114874,0.0,182.04416453089067
939,239.36593707236372,-1890.4894507403953,-0.0022747752013535013,0.017679524258009102,0.01782526802621002,-0.026328416682332146,0.2046241233565868,0.20631097252557887,-1.7763568394002505e-14,182.07540857584584
940,301.9741451500706,2016.26273331136,-0.19963272825698547,-0.21459175273119016,0.2930918738750218,-0.000231056398445585,-0.00024837008417961823,0.00033922670587386775,-2.3283064365386963e-10,161.49218491204616
941,301.9708210053943,2353.98790508272,-0.5387887760518774,0.46461714352762273,0.7114509366493572,-0.0006235981204304136,0.0005377513235273413,0.0008234385840849043,5.820766091346741e-11,158.26303274609006
942,242.32562808599312,-2087.585228138211,-0.004044167605388198,0.018187921869375536,0.018632117258835085,-0.04680749543273376,0.21050835496962425,0.21564950531059124,1.0658141036401503e-14,182.07040066884412
943,301.9758461446137,1634.5883787198934,-0.19251267687422355,-0.16018817542306454,0.2504423732171729,-0.00022281559823405503,-0.00018540298081373208,0.0002898638578902463,-1.1641532182693481e-10,168.02815529697799
944,234.2176181950186,-2487.5455031697334,-0.002681720349896653,0.008483421136293476,0.008897193839113584,-0.031038429975655705,0.09818774463302632,0.10297678054529609,-4.796163466380676e-14,182.42493452556496
945,234.98006482368243,-2738.41287289899,-0.005779910686288579,0.004912176367675846,0.0075853044901721635,-0.06689711442463636,0.05685389314439638,0.08779287604365933,1.7763568394002505e-14,182.44090452936655
946,234.86435522542195,-2463.8703611191154,-0.008663130607040999,0.019552635333940856,0.02138586870848886,-0.10026771535927081,0.2263036496983895,0.24752162857047288,-2.842170943040401e-14,182.3988787233055
947,301.9928000048129,1443.181802405915,-0.4210964386531266,0.3158148954098831,0.5263660882020249,-0.0004873801373300077,0.00036552649931699435,0.0006092200094930844,-1.1641532182693481e-10,140.09033902726156
948,301.99029563370505,1741.4696205194293,-0.03413962915665134,-0.20667066558668934,0.20947142595828877,-3.9513459672050226e-05,-0.00023920215924385342,0.00024244378004431574,-5.820766091346741e-11,135.91809748245043
949,301.9887180721934,1724.6899320412708,-0.5473481063707745,-0.22487091534554024,0.59174054966346,-0.0006335047527439519,-0.0002602672631314123,0.0006848848954438194,-2.3283064365386963e-10,140.0540114848999
950,301.9723782680818,2374.2792952913655,-0.584716773439305,0.38921534440587574,0.7024117663182017,-0.0006767555248140103,0.0004504807226919858,0.0008129765813868074,1.7462298274040222e-10,154.27293504670993
951,301.9675393675517,2678.9512575992458,0.1371055318943911,0.09300475581618607,0.16567381048455512,0.00015868695821110083,0.00010764439330577091,0.00019175209546823513,-2.6193447411060333e-10,154.9636099461856
952,236.31380881109533,-1417.8415291246317,-0.0010248260140055014,-0.008482339070868617,0.008544023904002532,-0.011861412199137744,-0.09817522072764602,0.09888916555558486,-3.552713678800501e-15,182.02904634529025
953,236.8190445760984,-1691.2887270908916,-0.014720834905533218,0.007678905081429476,0.016603269664905423,-0.1703800336288567,0.08887621622024856,0.19216747297344242,-2.3092638912203256e-14,182.11120609738043
954,249.04356479622638,-1093.5885356482888,-0.007056113581870545,0.027349046455548368,0.028244629240052006,-0.0816679812716498,0.31653988953180984,0.32690543101912045,3.552713678800501e-15,181.71825834231586
955,246.9263415896353,-872.6630440899618,-0.010665696520246968,0.03665691800863017,0.038177044413540494,-0.12344556157693247,0.42426988435914553,0.4418639399715335,1.0658141036401503e-14,181.58791924221256
956,301.9665087449032,2208.8031667490345,-0.1493395566311565,-0.1342591458733556,0.20081788123927954,-0.00017284670906383853,-0.00015539252994601342,0.00023242810328620315,2.0372681319713593e-10,177.8069713485791
957,301.96355897767967,2561.659320924048,-0.28357843350277206,-0.061967303407151175,0.29027000299624495,-0.0003282157795170973,-7.172141598049902e-05,0.0003359606516160242,3.2014213502407074e-10,176.90411183787734
958,252.40814197108205,-1944.6816348350997,0.0001659432247774198,0.008334358338641252,0.008336010200973154,0.0019206391756645751,0.09646248077131081,0.09648159954830042,-2.1316282072803006e-14,181.8268242814244
959,252.4688456130528,-1619.88689090678,-0.008300704052884396,0.007274490548109208,0.011037205285220604,0.21344784707821585,1.1111506175622397,1.1314661631402294,4.5662258696399505e-15,181.71896063206296
960,301.9713477554286,1148.0624061078313,-0.05310460854211609,-0.0035009832014685307,0.053219886619461663,-6.146366729411584e-05,-4.052063890588575e-06,6.159709099474729e-05,-2.0372681319713593e-10,180.16540780824468
961,301.97035573199383,1469.007340515155,-0.13993920535525647,0.06940306249720751,0.1562042453950978,-0.31304225800367513,0.47102092962511544,0.5655582829743965,2.2734170102012285e-10,180.5294629519297
962,231.03246808203974,-393.65267823913047,-0.006198616212703595,0.001446009101134838,0.006365044011863283,-0.07174324320258789,0.01673621644831988,0.07366949087804725,2.9103830456733704e-11,182.26913678153855
963,231.52220527331713,-704.7796352910387,-0.003078931312447294,-0.0018463129595509664,0.0035900821120657205,-0.035635779079251084,-0.021369362957765817,0.04155187629705695,-7.105427357601002e-15,182.2976396549262
964,231.64845633290537,-691.7496494169216,-0.012529372308629372,0.002067383018731318,0.012698789036533646,-0.14501588320172884,0.02392804419827914,0.14697672495988015,3.552713678800501e-15,182.25931561923682
965,301.9671025982594,3690.9824797531824,0.07698514925462904,0.22520478798499546,0.23799981037203424,8.910318200767253e-05,0.0002606536897974486,0.0002754627434861509,5.820766091346741e-11,125.75297887949951
966,301.9618758826042,4032.342686225003,-0.5967715031826638,0.4678031509993824,0.7582717290627728,-0.0006907077583132682,0.0005414388321752113,0.0008776293160448759,-8.731149137020111e-11,125.9757537026565
967,301.96491880702183,3695.9978132298284,-0.332198912610569,0.9592063701404905,1.015102447075043,-0.00038448948218815855,0.0011101925580329754,0.0011748870915220405,2.3283064365386963e-10,129.50999500147253
968,301.96091439554993,2988.524441219579,0.10619268832175804,0.1244655746948866,0.1636110214414984,0.0001229082040761089,0.00014405737811908176,0.00018936460814988245,-5.820766091346741e-10,160.11976627128814
969,236.47738585605148,-1097.6477396457274,-0.0015319229398216216,-0.007487758074781373,0.007642859993484466,-0.017730589581268764,-0.08666386660626589,0.08845902770236651,1.0658141036401503e-14,181.83790928532915
970,236.07285703670124,-1785.6128906011597,-0.011827117294367874,0.009319224307773806,0.015057511254963013,-0.13688793164777632,0.10786139245108571,0.17427675063614598,-1.0658141036401503e-14,182.18470501479396
971,237.26238344038603,-2036.5545697303548,0.0024694984797100305,0.0074925344453431,0.00788901103788954,0.0285821583299772,0.08671914867295255,0.09130799812372152,1.4210854715202004e-14,182.20477317353317
972,301.97822497328076,2001.713941925536,-0.21361431692016253,-0.14772803867318998,0.2597203299772568,-0.0002472387927316697,-0.00017098152624211806,0.00030060223376997323,-5.820766091346741e-11,153.70430352796797
973,301.9750120286988,2326.681580901532,-0.6281739442719674,0.5237864711002721,0.8178965530981757,-0.0007270531762407032,0.0006062343415512408,0.0009466395290488146,-2.3283064365386963e-10,150.23436154505018
974,244.2463129717754,-683.3254012711675,-0.03921890722626336,0.017851817281485913,0.04309071900390862,-0.45392253734101107,0.20661825557275362,0.49873517365634973,-1.0658141036401503e-14,181.39678365080883
975,247.47764653856285,-505.0519988784584,-0.02590899241074999,0.03009000193852517,0.03970748171819448,0.0006640591441431505,0.6600655649039555,0.6600658989423138,7.105427357601002e-15,181.374052554182
976,301.95983809633213,2917.998566501211,-0.29497529164714964,0.3778188514147615,0.4793302694037699,-0.0003414065875545713,0.0004372903372856036,0.0005547804044025114,-2.9103830456733704e-11,175.9022177848325
977,301.9610130978372,2894.710074420273,-0.401784907570967,0.22234373783761055,0.4592034948771738,-0.4362266906950574,0.643147915638267,0.7771312418534007,7.763389930914855e-11,178.9853448029071
978,301.955391005253,3267.426369118803,-0.47269287743396954,0.45705949969463416,0.6575271421302051,-0.0005470982377707982,0.0005290040505724933,0.0007610267848729228,1.7462298274040222e-10,174.75802630243572
979,240.87298900001608,-544.1155160080556,-0.04525358659189063,0.03903821537282497,0.05976511824571932,-0.5237683633320676,0.45183119644473335,0.6917259056217513,0.0,181.22982851409682
980,231.01184321868078,-74.87628631142992,2.0885863753633456,1.9762205908210229,2.875350564876984,-0.001729948247775995,0.005958019191120467,0.006204088460180352,-5.820766091346741e-11,161.4252865438064
981,231.05582782562178,-66.9797270825009,1.7590848773803043,1.8149761138909053,2.5275517600679542,-0.0021113157222934042,0.005771393639118016,0.006145456745991726,2.3283064365386963e-10,161.96039392724094
982,301.95917707893443,4352.2376642758245,-0.1414728492681282,-0.2274804386468484,0.26788414855493986,-0.0001637417236899632,-0.0002632875447301486,0.0003100510978645137,-2.6193447411060333e-10,122.43042326527467
983,301.95680526946944,4357.241265415078,-0.13096087178535123,-0.24046616168150478,0.2738151289695564,-0.00015157508308489726,-0.0002783173167610009,0.00031691565852957914,1.1641532182693481e-10,126.15363933280499
984,301.95164424788,3607.268315334071,-0.5889475787762433,0.3173637845400552,0.6690134694339015,-0.5457505006144446,0.8258715555387289,0.9899027402572824,6.88160639583657e-12,177.9480610289472
985,240.3745925133026,-235.13971290356542,0.0020657381659137807,0.07692962458744924,0.07695735451102764,0.023909006549928034,0.8903891734658474,0.8907101216554123,-7.105427357601002e-15,180.85082836942755
986,234.44838598475434,-2127.919194609387,-0.007068219545435877,0.009175279261961683,0.011582118850947173,-0.08180809659069302,0.10619536182826018,0.13405230151559228,-1.7763568394002505e-15,182.3552635434953
987,301.98398182510095,2086.3020619091762,-0.5703737000996949,0.42230046732800447,0.7096927803429225,-0.0006601547454857581,0.0004887736890370422,0.0008214036809524567,-1.4551915228366852e-11,138.84341697175884
988,251.88621449777872,-943.1002153643874,-0.022299532539017525,0.02078392303612441,0.03048344810270394,0.02819781491753769,0.7598182877895692,0.76034133599693,8.881784197001252e-16,181.71803351775196
989,301.96708014605315,2181.9458010879507,-0.2665844920280691,0.1462875841266631,0.30408444330395984,-0.4249424018180942,0.5994958273397754,0.734827389160701,-2.6627589022609754e-12,179.81619772219372
990,301.98703053314875,3719.8666476942753,0.033424334635948405,0.20671419759403298,0.20939901058219154,3.868557249531066e-05,0.00023925254351161225,0.0002423599659516106,2.3283064365386963e-10,88.83960161998596
991,301.98857275990423,3711.5686024571132,-0.11825310602932608,-0.15900089905388554,0.19815418992675105,-0.00013686702086727553,-0.00018402881834940458,0.00022934512723003596,-1.7462298274040222e-10,85.98579162390708
992,301.9847816526011,4043.574060716102,0.0551039534498422,0.15708428116500436,0.16646896730300373,6.377772390028033e-05,0.00018181051060764392,0.00019267241585995798,1.7462298274040222e-10,86.22320934432757
993,230.29022416996037,-762.4090072091068,-0.00016245806032847026,0.0010020846191074056,0.0010151680674732255,-0.00188030162417211,0.011598201610039416,0.011749630410569738,-2.1316282072803006e-14,182.47225293857622
994,230.38332427517582,-748.2092263736286,0.00021458503921858242,-0.0004150081386851814,0.0004672028405643306,0.002483623139103963,-0.004803334938485896,0.005407440284309382,7.105427357601002e-15,182.46805232455392
995,230.2867438273646,-430.38744549479117,0.0008291972774476074,-0.0006108210618175626,0.0010298885835304996,0.009597190711199159,-0.007069688215481046,0.011920006753825225,0.0,182.45936132059668
996,301.9769504522263,2317.8834705913114,-0.6254417969962541,0.741396103323252,0.9699719704469845,-0.0007238909687456645,0.0008580973418093195,0.0011226527435728986,2.0372681319713593e-10,146.46174841479348
997,301.97106276804027,2690.4462668683495,0.1136502905577276,0.25626526530753063,0.28033600330138647,0.0001315396881455181,0.00029660331632816054,0.00032446296678401225,1.1641532182693481e-10,147.0477167584865
998,234.91195161158527,-1494.0422692930736,-0.00036577274582985485,-0.006358178963296547,0.006368691343666975,-0.004233480854512203,-0.07359003429741375,0.07371170536651592,-2.4868995751603507e-14,182.16244647143472
999,235.40692773342334,-1836.085947061385,-0.015631080133730203,0.010511222401770859,0.01883657247289391,-0.180915279325581,0.12165766668716269,0.2180158851029387,1.7763568394002505e-14,182.23743338364022
1000,301.96241054449433,2996.2391227904836,0.13418076155155603,0.1370628903158875,0.19180905263386436,0.00015530180735133804,0.00015863760453227723,0.00022200121832623195,-1.7462298274040222e-10,155.90826150640663
1001,235.60241489535878,-1144.6246057160838,-0.005010833397577107,-0.006645246144296848,0.008322724773568225,-0.05799575691640168,-0.07691257111454687,0.09632783302741,-3.552713678800501e-15,181.93758905325058
1002,230.76968448084224,-764.1398670075067,0.00040760566752242873,0.0010030069872919978,0.0010826658749369421,0.004717658188916997,0.011608877167731452,0.012530855033992382,-1.0658141036401503e-14,182.44175106968396
1003,230.9648909882335,-1060.428792467747,0.0006410093841787014,0.0007295690199179492,0.0009711663016338628,0.007419090094660894,0.008444085878679971,0.011240350713354896,0.0,182.44532543043795
1004,230.8502068515512,-713.0162363443478,0.0005954727969865815,0.0004584100292864176,0.0007514836038806148,0.006892046261418766,0.005305671635259462,0.008697726896766372,7.105427357601002e-15,182.42844136696718
1005,230.67180835743898,-763.2170703632405,-0.00019684618086153008,0.0009552173964079544,0.000975289030657149,-0.0022783122784899297,0.011055756902869843,0.011288067484457742,-3.197442310920451e-14,182.45070987078952
1006,230.58897919847095,-413.81676363046967,0.0010818947924126473,-0.0010716348186822588,0.001522792673498846,0.01252193046773897,-0.012403180771785401,0.017624915202532936,-1.0186340659856796e-10,182.43643589257323
1007,301.98109987504785,4365.2796150932345,0.06212478274174319,0.16917192853292967,0.1802182844060487,7.190368372886943e-05,0.00019580084320940938,0.00020858597732181566,-5.820766091346741e-11,86.32610074564225
1008,301.98277193981085,4356.989671747741,0.05237847338962364,0.1747984085163408,0.18247736323849342,6.062323308984216e-05,0.00020231297281983894,0.0002112006518964045,-8.440110832452774e-10,83.5687643909197
1009,230.33786408787927,-105.26224394248706,3.622882316961303,3.0370493973230386,4.727467115097802,0.005803132619936947,-0.0029326282821113604,0.006502050203252486,-2.9103830456733704e-11,149.6159184693994
1010,230.23570097019652,-120.02755675592448,3.0675082783434617,2.3811228876572215,3.8832142928031583,0.006271862762534249,-0.002828751844954215,0.00688026885465936,-2.9103830456733704e-11,149.7999480435691
1011,301.98084910601307,3679.4770276083664,-0.11244109227124101,-0.2650495451544695,0.28791363395598496,-0.0001301401530917141,-0.00030677030689174703,0.00033323337263424177,-1.7462298274040222e-10,101.42156312745152
1012,301.98251260175704,3686.6071505706423,-0.11575764053630921,-0.15396618173129897,0.19262766275758203,-0.00013397875062072824,-0.00017820159922604046,0.00022294868374720143,3.2014213502407074e-10,98.17699290558055
1013,301.97808589046224,4040.9147908696964,0.07983465165302757,0.1526256572909674,0.1722444857406474,9.240121719100415e-05,0.00017665006630899,0.00019935704368130483,5.820766091346741e-11,98.26115721519312
1014,230.62741087933017,-96.04922730964181,2.9719124168211155,2.6534766027859047,3.9841186597273617,0.004812394575673513,-0.0018393699191368647,0.005151933933135926,-1.1641532182693481e-10,153.16896902332095
1015,230.5497538822831,-93.86475718074634,3.2234569352985445,2.9231686827596786,4.351504310188746,0.00510353406465202,-0.0015272263080561073,0.005327145590753294,2.9103830456733704e-11,151.89326665183248
1016,301.9740235336437,4356.007023737866,0.09028166084970235,0.17709438449532808,0.1987792728268211,0.00010449266302048881,0.00020497035242514808,0.00023006860280882057,-2.6193447411060333e-10,98.40149063574411
1017,301.97584467681895,4363.146983899856,0.07645393385176477,0.18601723676068144,0.20111592769716038,8.848834936546849e-05,0.00021529772773227012,0.00023277306446430594,1.1641532182693481e-10,95.25110966128463
1018,230.87017969143625,-81.37791357655905,2.433584339325268,2.178211124692019,3.2660276239403228,0.0039780188020683525,-0.0014591937770231606,0.004237201915003868,-7.275957614183426e-11,157.2540604530649
1019,230.91723186757883,-78.4418577852617,2.43357809028873,2.178257922241574,3.2660541785680044,0.003905691990284462,-0.0009175554719915595,0.004012024173301284,-1.1641532182693481e-10,158.71710528832503
1020,230.89606927804616,243.1147229500801,2.782897302912926,2.1034546698893184,3.488414961961839,0.40723009259301685,-0.08440026573605348,0.41588430262470055,-9.407585821463726e-12,123.92211049825093
1021,301.96364843973925,4354.855321847829,0.08518613764207732,0.23326864487244417,0.24833634193770635,9.859506671536727e-05,0.00026998685749125487,0.00028742632168716017,8.731149137020111e-11,115.1748170764489
1022,301.9658390113532,4354.9920135165385,0.08348025716711753,0.21308305295692312,0.22885222479611375,9.662066801749712e-05,0.0002466239038853277,0.00026487526018068724,1.4551915228366852e-10,111.65935478033826
1023,301.96121128633683,4677.579584267418,-0.15534669540437915,-0.0836713776908016,0.1764468623062981,-0.48274842174411675,0.13831986746978464,0.5021736994639349,1.0135181582882069e-10,111.66581465090178
1024,230.9476467227638,-708.5862175228708,-0.0013544977409261749,-0.0011232303393521354,0.0017596336338611012,-0.01567705718664554,-0.013000351149908973,0.020366130021540522,8.881784197001252e-15,182.4147085086903
1025,230.71984086105184,-414.3314917722436,0.0005731508924213195,-0.0006599585787693411,0.000874097975729611,0.006633690884506012,-0.007638409476497005,0.01011687471909272,1.4551915228366852e-11,182.41442644431532
1026,301.976610104107,3723.649376545536,0.0996706882498039,0.18036684076845774,0.20607387836643387,0.0001153595928817175,0.00020875791755608534,0.00023851143329448366,-2.0372681319713593e-10,108.0736889041554
1027,301.97845809303175,3725.4425416144295,-0.09572469170511554,-0.24739653621778848,0.2652701693266677,-0.0001107924672512911,-0.0002863385835854033,0.00030702565894290235,1.4551915228366852e-10,104.71125586321023
1028,301.97442105155767,4031.9819335342077,-0.10726488524345572,-0.20310397625099086,0.2296888782141068,-0.0001241491727354811,-0.00023507404658679493,0.00026584360904410506,-2.9103830456733704e-11,104.77461997555133
1029,229.86852013788422,-117.6174912157835,3.212330694023688,2.3247061947775505,3.965265108388571,0.006666380373374928,-0.0022761463088021897,0.007044250797749344,5.820766091346741e-11,147.63967085183816
1030,229.82270254599698,176.13663887021124,3.4926372704411732,2.2415228090884787,4.150052964305235,0.3301784937525032,-0.09282527218732019,0.3429786711930085,-2.48121523327427e-11,90.9194401380911
1031,301.9883820727269,4382.66189351897,0.07680288859269559,0.12179822347879711,0.1439912877182957,8.889223216747176e-05,0.00014097016606342262,0.00016665658300728673,2.6193447411060333e-10,72.81079436578207
1032,301.98676335739685,4679.174033501564,-0.09042819092034526,-0.09351204769773128,0.13008366837443194,-0.30774381727400363,0.06256283932290342,0.31403879686197816,2.779643182293512e-11,70.44039721835155
1033,301.9675707152855,3023.434981035191,0.08600613348346316,0.2337909954300471,0.24910898125308045,9.954413597623046e-05,0.00027059142989588786,0.0002883205801540283,-2.6193447411060333e-10,143.8533054633624
1034,301.965558815512,3032.2285064276575,-0.24709164726789193,-0.18489751846877903,0.30861201286643525,-0.0002859857028563565,-0.00021400175748701274,0.00035718982970652234,2.3283064365386963e-10,147.70157954588086
1035,234.28443789216257,-1191.0734391908272,0.0016585174504472498,0.006536346415684005,0.006743478671966212,0.019195803824620945,0.07565215758893523,0.07804952166627559,-3.552713678800501e-15,182.0918931330723
1036,233.85290633499773,-1226.9200762935984,-0.0013145035800631677,-0.004850842715138376,0.005025792943308542,-0.015214161806286654,-0.05614401290669416,0.058168899806811815,0.0,182.15495737446886
1037,301.9830709481985,3371.1465166929834,-0.12025027133811544,-0.14708183727590374,0.18998209024364854,-0.00013917855478948548,-0.0001702336079582219,0.00021988667852274136,-5.820766091346741e-11,104.5666204710667
1038,230.40463384741852,-101.09581094723752,3.622057853867692,3.0382368066761622,4.727598332156233,-0.0037392642968587997,0.010810535527198,0.011438958688035072,5.820766091346741e-11,150.1400728559343
1039,230.44649489608653,-413.85308094556626,4.1404636348341797e-05,0.00042566404227387334,0.0004276730302416465,0.0004792203281058089,0.004926667155947606,0.004949919331500536,1.3749001936957939e-10,182.4504644229617
1040,230.48784617322278,-97.72779822611128,3.2226529770324266,2.9242232640279795,4.351617389920489,-0.00420153845986258,0.010678575408392234,0.011475404053122652,-5.820766091346741e-11,150.95509937407203
1041,301.98150267096537,4049.9590256248403,-0.10989134501002946,-0.20840719352581885,0.23560489388257927,-0.00012718905672457113,-0.00024121202954377181,0.00027269084940113343,-5.820766091346741e-11,92.04675318115717
1042,301.9794074567139,4365.174008189195,-0.10361526013544566,-0.18273615400094878,0.21006814159218562,-0.00011992506960121028,-0.00021150017824183884,0.00024313442313910372,2.9103830456733704e-11,89.23168070105073
1043,301.9776702464269,4363.260899443392,-0.09094027139922103,-0.18966368350443238,0.2103388832399599,-0.00010525494374909847,-0.00021951815220420414,0.00024344778152773135,1.7462298274040222e-10,92.20542756308178
1044,230.94318575881462,-402.03763812926104,-0.0007055633538988645,0.0032231715249548634,0.0032994930407025977,-0.008166242521977599,0.037305225983273876,0.03818857685998377,6.160405519040069e-11,182.33492343344167
1045,230.96998845681003,-77.48802345216485,2.0890388407549603,1.9756062760055064,2.8752571078036087,0.0035069197107314883,-0.0011521059884684896,0.0036913187435091512,3.2014213502407074e-10,159.7065517680219
1046,301.96146336762916,4352.380328690376,0.09653511657886979,0.21914080026664537,0.23946131018267178,0.00011173045900332155,0.00025363518549380244,0.0002771542941929071,-1.4551915228366852e-10,118.74143886194612
1047,301.966253436302,4029.802888183661,-0.5674677671503157,0.4342135127119121,0.7145355424163187,-0.0006567913971647171,0.0005025619360091574,0.0008270087296485169,-8.731149137020111e-11,118.64015132205962
1048,231.73190781182288,-1320.522025603746,7.276400195392901e-05,0.002324821148989866,0.0023259595814998403,0.0008421759485408472,0.026907652187382704,0.02692082848958148,-3.197442310920451e-14,182.40320771673868
1049,231.95336751347088,-1313.1837847750935,-0.0012409971108870313,-0.0021676762677772725,0.0024977778586405086,-0.014363392487118416,-0.02508884569186658,0.028909465956487367,-1.7763568394002505e-14,182.38174315854684
1050,231.52666152411462,-1004.2582124016084,-0.0011616830189658956,-0.0013895077821244137,0.0018111430957100062,-0.013445405312105274,-0.016082265996810344,0.020962304348495442,-1.4210854715202004e-14,182.37834875698806
1051,301.9784666645005,3056.384256974766,0.16538289884199828,0.1642779456571608,0.23310672804258506,0.0001914153921782388,0.0001901365111772694,0.000269799453752992,8.731149137020111e-11,121.5861889235602
1052,301.980207093633,3062.977501033276,-0.14248164146605996,-0.17836053362602605,0.22828381044266724,-0.00016490930725238416,-0.00020643580280790063,0.00026421737319753155,1.7462298274040222e-10,118.01200789119949
1053,301.9755105469303,3391.7555962533615,0.09777228107285627,0.16771508748132008,0.19413338073359887,0.00011316236235284296,0.00019411468458486114,0.00022469141288610978,-2.9103830456733704e-11,118.30413371225185
1054,301.9843302576893,4357.086910783357,-0.07833345670878002,-0.1677845941862329,0.18516965325394216,-9.066372304256951e-05,-0.00019419513215999178,0.0002143167283031738,-8.731149137020111e-11,80.79312042014416
1055,301.98081236572085,4678.802691620981,-0.09184485313981379,-0.10561647385070301,0.13996541214503744,-0.33696122003595363,0.06811068733362215,0.34377598743538906,6.363620741467457e-11,80.85286898307454
1056,230.16574141413741,-124.39303305401253,3.066413849019933,2.3825944111467927,3.8832525055022074,-0.006395143296826439,0.014202770025072128,0.015576152739750323,-5.820766091346741e-11,150.62527640981554
1057,230.20052785015642,199.71293784976055,3.357820588492228,2.30515757241197,4.072924077140469,0.34083235246631166,-0.08494803148584276,0.3512589650685657,8.145661922753789e-11,99.05843884082863
1058,230.9939742108948,249.22399075983586,2.46247362485796,1.89110662926373,3.1048447040659424,0.43474286137689416,-0.09585749494410498,0.4451853713399942,6.775735528208315e-11,129.81008049375623
1059,301.95654812666265,4677.28860310375,-0.15327911025193333,-0.1038787555880413,0.185162851301616,-0.49347764026889673,0.13126701893269357,0.5106380437304243,7.679545888095163e-11,118.80443234800398
1060,230.68403606372237,-92.51581580356833,2.9712158057916596,2.654432875983823,3.9842360946221462,-0.0032502330800612176,0.009228606908623522,0.009784232241142788,2.3283064365386963e-10,154.21527108436538
1061,230.75610956541897,-89.66865843989017,2.7161403838845133,2.3919545760354373,3.6192354550077535,-0.0035454592628241183,0.008924812579979558,0.009603257831179308,8.731149137020111e-11,155.09754507990314
1062,301.9720690741912,4355.885065468032,-0.11353427661290641,-0.19628825798331123,0.22675782718164084,-0.0001314054127464194,-0.00022718548377698058,0.0002624511888676398,1.1641532182693481e-10,101.59610722083137
1063,301.97007235279256,4354.082619492764,-0.10042425107364744,-0.2051369607619419,0.2283992181999524,-0.0001162317720759807,-0.00023742703791891423,0.0002643509469906856,0.0,104.87078328634453
1064,231.21717889834073,-1007.8380379209256,-0.0007676467678375161,-0.0009891711935638625,0.001252094728983371,-0.008884800553674957,-0.011448740666248408,0.014491837141011241,1.7763568394002505e-15,182.41613815094408
1065,231.05158029591055,-711.3518083333056,-0.0032451838698190328,0.002673073318309659,0.004204347668068454,-0.03755999849327584,0.030938348591546982,0.04866143134338488,2.1316282072803006e-14,182.398766445409
1066,301.9748380728473,3714.264190126958,-0.4944168819633683,0.34715389999084595,0.6041224076701952,-0.0005722417615316763,0.00040179849535977537,0.0006992157496182815,1.4551915228366852e-10,111.45948734585492
1067,301.9790310923683,3407.734531237307,0.09909471104452525,0.1530063396469111,0.18229290092909234,0.00011469295259783017,0.0001770906708876286,0.00021098715385311616,1.1641532182693481e-10,111.3356355408181
1068,230.52103438253891,219.71254547042827,3.507084648225341,2.874297936241449,4.534449399441979,0.33214081338123974,-0.05367067728735483,0.33644919603713563,7.105427357601002e-12,108.1721727697287
1069,301.97377640335856,4678.363647569574,-0.07645843003151181,-0.1345701012134806,0.154774040664092,-0.3450774858715483,0.04911511802185164,0.3485552554097112,-1.4009060578246135e-10,92.28492914813583
1070,231.38259665113503,-698.3426401565564,0.0019616561547423895,0.0005451642797855448,0.0020360007272574314,0.022704353642851723,0.006309771756777137,0.02356482323214619,-3.552713678800501e-15,182.32856879260981
1071,231.2672895653484,-703.199625474713,-0.0043286899107242835,0.003797970526542239,0.005758657522694828,-0.05010057767041995,0.04395799220534998,0.06665112873489384,-2.4868995751603507e-14,182.35609342516025
1072,301.96893424012654,3706.246059556346,-0.13171908056002082,-0.2550060892159687,0.28701571685327587,-0.0001524526395370611,-0.00029514593659255635,0.00033219411672832857,-2.9103830456733704e-11,122.11114076022044
1073,301.9709492210348,3708.710439022804,-0.540973536814203,0.40740240970534797,0.6772215966483881,-0.0006261267787201424,0.0004715305667885972,0.0007838212924171158,5.820766091346741e-10,118.48729530389403
1074,231.89996849846622,-1002.5932749148963,0.0005823339440285262,0.0024658870293184907,0.0025337149926005866,0.006739976204033858,0.028540359135630675,0.029325405006951223,-1.7763568394002505e-14,182.32621815546548
1075,301.97193602293964,3369.8986193250475,-0.1948198315701738,-0.17741248388713443,0.2634956474252158,-0.00022548591616918263,-0.0002053385230175167,0.0003049718141495553,0.0,125.50873840042166
1076,230.8079193378524,-86.43572864004327,2.7168187358289706,2.391078684642187,3.619165831997967,0.004305836390614305,-0.001212819286340096,0.004473383243592809,7.275957614183426e-11,156.48818871516545
1077,230.7842951147899,236.14001516288968,3.0532438511956044,2.3145325444541744,3.8313651502044648,0.39264141918500667,-0.08622528636725929,0.40199761699384734,-6.66773303237278e-11,118.36858499472731
1078,301.96799478863755,4353.9529794894925,0.07031848696053848,0.22151187829365487,0.2324052534552573,8.138713768580849e-05,0.0002563794887658043,0.00026898756186951087,2.3283064365386963e-10,108.22151970661356
1079,301.96565246701186,4677.85671394154,-0.11907848018742132,-0.10946443636723853,0.16174717083443316,-0.4255530239972067,0.09872096100238655,0.4368537562782331,-9.447376214666292e-11,104.88129323018825
1080,230.37199606425003,210.41255440920168,3.9379202461201186,2.946796248341411,4.918416817843091,0.3689812369186788,-0.10158875252528574,0.38271063198934246,8.22808488010196e-11,103.48975750064417
1081,301.977432584754,4678.5917932886505,-0.12024783011632943,-0.08448688166195181,0.14696113030541877,-0.38110420616938306,0.09907185132919961,0.3937710599901809,-1.7703882804198656e-10,86.43273647773066
1082,230.65817415880946,228.27006750971023,3.317326191922269,2.555303963596657,4.18738956988555,0.40336131992739815,-0.11104519667507685,0.41836752995204984,3.5555558497435413e-11,113.12671713762683
1083,301.9698466619259,4678.118431704175,-0.1271409998026081,-0.0917441632985274,0.1567859219769226,-0.4197261768924232,0.10899922372560307,0.4336483533250343,-9.339373718830757e-11,98.42794709353419
1084,232.22095706466533,-1325.7649369670592,-0.005787326213359283,0.004940524790422326,0.007609331764656675,-0.06698294228425096,0.05718199988914729,0.08807096949834115,-1.4210854715202004e-14,182.35807927781178
1085,301.9769898303562,3027.012733182457,-0.536463670055214,0.48155887321002294,0.7208968148469075,-0.000620907025526868,0.0005573598069560452,0.000834371313480217,0.0,125.26823057006052
1086,231.09277110495032,-64.67446645240001,1.7595293829666059,1.8144457827062628,2.5274803951570797,0.003033424859899251,-0.0003666987757221123,0.0030555088566016114,5.820766091346741e-11,163.84545404307246
1087,231.07782266014678,254.45613399315903,2.157731637067087,1.7214181939928224,2.7602692651641294,0.4630183344025703,-0.10581722042757706,0.4749560633700225,-1.9610979506978765e-12,136.062771561931
1088,301.95443974570105,4357.09365673193,0.09697990469108202,0.2562632690688995,0.27399993610906287,0.0001122452600591227,0.0002966010058667819,0.0003171295556817858,2.3283064365386963e-10,130.03070637153235
1089,301.95169404431215,4676.985708365078,-0.17173847592944075,-0.10496716529412127,0.20127645144042677,-0.5269971208045467,0.1450220277354039,0.5465870048443983,7.702283255639486e-11,126.32505447539337
1090,230.83863946380302,-407.39591910290807,-0.0006391832920144589,0.0022604536856424356,0.0023490862363321004,-0.007397954768685866,0.026162658398639297,0.027188498105695603,3.042188723156869e-11,182.38152116772142
1091,301.970428961396,4031.22853107772,-0.530609717422442,0.3903319220269942,0.6587151748490475,-0.0006141316173870856,0.00045177305790161356,0.000762401822741953,-2.0372681319713593e-10,111.56812432116627
1092,231.15543452587795,-703.6985353834874,-0.004268558885378006,0.0028820502367845418,0.005150418286439399,-0.0494046167289121,0.03335706292574701,0.05961132275971526,0.0,182.37881902482906
1093,301.97284249624545,3715.313220676591,-0.5024096066113697,0.38370641093595115,0.6321756263956562,-0.0005814926002446409,0.00044410464228698045,0.0007316847527727502,-2.3283064365386963e-10,114.97489546197414
1094,231.1901439699582,-64.48558600077048,1.0990382218711952,1.4349291808664004,1.8074586488314794,-0.001648134256613203,0.004030250366540192,0.004354223759158378,1.1641532182693481e-10,167.53029779530107
1095,231.21581586654116,-62.88365965399357,1.0993681768896508,1.4345700389069156,1.8073742238084132,0.0021707895681025748,-0.00012648527564470757,0.002174471401039315,-8.731149137020111e-11,169.5083672847894
1096,231.20789885896187,262.5728887992206,1.568777454678829,1.310353705979555,2.044037557649795,0.5446599484983979,-0.1422870477540109,0.5629387741636116,1.1652900866465643e-11,149.87924702627296
1097,301.94483881042123,4350.607372044674,0.14168881158455718,0.25999953751305066,0.29610045395987555,0.00016399168007471892,0.0003009253906401049,0.00034270885874985595,8.731149137020111e-11,146.65354358772282
1098,301.94731618728855,4350.761960361195,-0.178844472887311,-0.252279597589752,0.3092415574310596,-0.000206995917693647,-0.0002919902749881389,0.0003579184692489116,1.1641532182693481e-10,142.25229446376943
1099,301.9414694826709,4676.347695718666,-0.19132934346571576,-0.15117395607825138,0.24384520226440975,-0.5781300274637527,0.14498165038134617,0.5960318847197174,-1.929834070324432e-10,142.73240762029067
1100,301.9956922219834,1662.9546358686212,0.12360466490820199,-0.06600698023487793,0.140125067803004,0.00014306095475486344,-7.639696786444201e-05,0.00016218179143866204,4.94765117764473e-10,125.83274842111562
1101,301.9956148245004,1545.9498062651012,-0.3035365577107888,0.07682203499370015,0.3131071173376426,-0.000351315460313413,8.891439235381964e-05,0.0003623924969185679,2.0372681319713593e-10,129.90367535533738
1102,302.0,1287.000000008385,0.11128088489055743,-0.6539728958752313,0.6633731859831702,0.0001287973204751822,-0.0007569130739296659,0.0007677930393323728,5.455266759032384,127.86534792769288
1103,233.43865158392825,-2732.0046999538063,-0.005576608351193877,0.007434902730309663,0.009293887201369047,-0.06454407813881803,0.08605211493413963,0.10756813890473435,1.7763568394002505e-15,182.48014710210828
1104,232.929933736708,-2646.74869362035,0.002175755429973997,0.0003286588281106065,0.002200438210074614,0.025182354513587923,0.0038039216216505423,0.025468034838826543,1.9539925233402755e-14,182.48422569444168
1105,233.18753600501773,-3006.8977532868935,0.0027263608966626896,0.006055913771057948,0.006641320301065194,0.03155510297063298,0.07009159457242996,0.07686713311418049,0.0,182.514997185021
1106,301.9960894436685,1883.2308980245293,-0.38811713336300724,-0.08359438989830063,0.3970175452450275,-0.0004492096450960732,-9.675276608599606e-05,0.0004595110477373003,1.1641532182693481e-10,117.77922859738005
1107,301.99601131649024,1766.226022888021,0.13844043707916795,-0.053588829612663404,0.14845038658732462,0.0001602319873601481,-6.202410834799006e-05,0.00017181757706866276,-8.731149137020111e-11,121.70037736273393
1108,302.0,1521.0000000095486,0.1409524292324893,-0.6291365946308023,0.644732845456304,0.00016313938568575148,-0.0007281673548967619,0.0007462185711299814,5.253843742539175,119.86426401078731
1109,232.4781173373286,-2571.690561422356,0.0019124214550014114,-0.00040470687547047125,0.001954774533444404,0.022134507581034853,-0.004684107354982312,0.02262470524819912,1.9539925233402755e-14,182.4894403431703
1110,232.1005740538779,-2478.24926230968,-0.002057258882593991,0.004580911197145776,0.0050216592383541345,-0.02381086669668971,0.053019805522520544,0.05812105599946914,-1.0658141036401503e-14,182.49237673366252
1111,232.30346792098914,-2828.0636017302777,0.002199692946717519,0.004589182363895793,0.0050891299677774966,0.02545940910552684,0.05311553661916425,0.05890196721964693,0.0,182.51499411953844
1112,301.99635880178283,2109.079603451847,0.1773050636021498,-0.10049004820480521,0.2038021966691391,0.0002052141939839696,-0.00011630792616296901,0.0002358821720707628,0.0,110.16107114998877
1113,301.99627914714176,1992.0746330017125,-0.3870126672401575,-0.0707176006718792,0.3934206192475532,-0.00044793132782425634,-8.184907485171202e-05,0.0004553479389439273,2.9103830456733704e-10,113.92435190684972
1114,302.0,1755.0000000106659,0.1431613614781888,-0.6033830161779594,0.6201340497282022,0.00016569602022938518,-0.0006983599724281937,0.0007177477427409747,5.040590538061224,112.17294801974289
1115,231.77518047009394,-2389.721924456152,-0.00235895182994249,0.0040384855327967,0.004676966873369669,-0.027302683216926967,0.0467417307036655,0.054131561034371174,-7.105427357601002e-15,182.4954726330639
1116,231.49528541062836,-2290.187376166805,0.0012460484225286777,0.00030990254522420604,0.001284007888925394,0.014421856742230064,0.0035868350141690535,0.014861202418117987,1.4210854715202004e-14,182.49753362471017
1117,231.64600845199038,-2635.0890725958,0.0015963070520205215,0.0035043310351976402,0.0038507833240238034,0.01847577606505233,0.04055938698145417,0.044569251435460686,0.0,182.51502081736493
1118,231.25406007918224,-2180.0717343306924,0.0010523765508974887,-0.00016174223353226938,0.0010647332788012694,0.012180284153906118,-0.0018720165918086724,0.012323301837977654,7.105427357601002e-15,182.4987706345328
1119,231.0447930068954,-2076.129999641392,-0.0010938830839622112,0.002465002674017774,0.0026968163423365435,-0.012660683842155221,0.02853012354187238,0.03121315211037666,2.1316282072803006e-14,182.50018349851052
1120,231.1568170659873,-2431.6146150823924,0.001208963308758144,0.0025610414776846896,0.002832053271452502,0.013992630888404443,0.02964168376949872,0.03277839434551506,0.0,182.51505109122235
1121,301.9964192459373,2351.2514776840076,-0.36868006122728675,-0.05179383140093647,0.37230040090999705,-0.0004267130338278782,-5.99465641214542e-05,0.00043090324179397813,-1.7462298274040222e-10,102.89097614427806
1122,301.9963349975459,2234.2462205848574,0.1709871780085818,-0.08721361795550518,0.19194486239602052,0.00019790182639882147,-0.00010094168744850138,0.00022215840555094964,5.529727786779404e-10,106.49017557129427
1123,302.0,1989.0000000107261,0.13052559029105282,-0.5768301556793594,0.5914135255655739,0.0001510712850590889,-0.0006676274949992584,0.0006845063953305252,4.81920707563404,104.80638485373167
1124,230.86725724231184,-1975.4123413514824,-0.001306537455271415,0.0022311641985401664,0.0025855625699012755,-0.015121961287863599,0.025823659705326,0.029925492707190686,5.329070518200751e-15,182.50132209027694
1125,230.70555084819983,-1868.5028203440713,0.0009802798606323713,8.596414846115653e-05,0.0009840418893431687,0.011345831720282076,0.0009949554220041285,0.011389373719249639,0.0,182.50210467893172
1126,230.78642560107423,-2220.727042492968,0.0007836545661397365,0.002093364526729475,0.0022352381351437656,0.00907007599698769,0.024228756096405964,0.02587081174934914,7.105427357601002e-15,182.51506621667363
1127,301.99660612603213,2580.0676570984083,0.03822965539645408,0.06202945303368899,0.07286398009572534,4.424728633848851e-05,7.179334841862153e-05,8.433331029597841e-05,5.820766091346741e-11,96.04480317631607
1128,301.99652165154043,2463.0623858906515,-0.37912398683532134,-0.038524012489577535,0.3810762350661689,-0.00043880091068902933,-4.45879774184925e-05,0.00044106045725251033,1.1641532182693481e-10,99.47873407663683
1129,302.0,2223.0000000097257,0.10963773907498364,-0.5502905178566415,0.5611061288850844,0.0001268955313367866,-0.000636910321593335,0.000649428389913292,4.593868518364616,97.7736146571312
1130,301.9639346163285,3016.528441889884,-0.2670935767638911,-0.21358690126572724,0.3419917296380486,-0.0003091360842174665,-0.00024720706165014733,0.0003958237611551488,-2.3283064365386963e-10,151.69015051217997
1131,234.86125715377008,-1170.678631774544,0.0038931817934369484,0.006052505534456265,0.007196505243614615,0.0450599744610758,0.07005214738954012,0.08329288476405806,-1.4210854715202004e-14,182.02178079516625
1132,230.05786037017086,-1347.8698092704697,-0.00044188004425867194,0.0016878811318472742,0.0017447637916807195,-0.005114352364105,0.019535661248232337,0.02019402536667499,7.105427357601002e-15,182.50331387244853
1133,229.94935808513918,-1237.6403518564462,0.0005655021197085344,8.486187302481103e-06,0.0005655657899570821,0.006545163422552479,9.821976044538254e-05,0.0065459003467254855,-5.329070518200751e-15,182.50188830097153
1134,230.0248007270033,-1566.2524346349935,0.0009426252074276891,0.0013360080269640218,0.0016350717812348154,0.01091001397485751,0.01546305586763914,0.018924441912439992,0.0,182.51510663483145
1135,301.9975937111474,3258.16955121095,0.07573162022680449,0.0002651764276240948,0.07573208448679272,8.765233822546817e-05,3.069171616019892e-07,8.765287556341752e-05,0.0,76.56461374100714
1136,301.99752820217935,3141.1654634518704,-0.21688112509946542,-0.16290084689065315,0.27124547616891603,-0.0002510198207169738,-0.00018854264686418186,0.0003139415233436528,3.7834979593753815e-10,79.48709829696038
1137,302.0,2925.0000000065725,0.2189644334953984,-0.4671237497865999,0.5158972967080315,0.00025343105728634074,-0.000540652488178935,0.0005971033526713328,3.9318026963155717,78.68014459257026
1138,301.99565345218423,1181.2036921524882,-0.05971562651028883,0.054709293417269385,0.0809880413131049,-6.911530846098246e-05,6.332094145517293e-05,9.373615892720477e-05,2.473825588822365e-10,142.37727487258195
1139,301.9955802444965,1064.1991239921938,-0.4514814743895524,-0.06279914937247198,0.4558280979479765,-0.0005225480027656856,-7.268420066258327e-05,0.0005275788170694173,-1.7462298274040222e-10,146.71147395978434
1140,302.0,819.0000000060512,0.155040596042338,-0.6981863139670108,0.7151934811168268,0.00017944513430826156,-0.0008080860115358921,0.000827770232774105,5.830534173641354,144.73187963942382
1141,236.31016692385361,-3034.570667223195,-0.006949206278783013,0.011969345062058335,0.013840400612688113,-0.08043062822665524,0.13853408636641593,0.16018982190611242,0.0,182.46220792346185
1142,235.44168831741388,-2971.763732265035,0.0033046734617507606,5.845630355973153e-05,0.0033051904375127348,0.038248535436930096,0.0006765775874968892,0.03825451895269369,1.7763568394002505e-15,182.46786188208415
1143,235.90257440386435,-3305.4793571988644,0.004907059005314525,0.010715659398965278,0.01178577890664301,0.05679466441336255,0.1240238356361722,0.13640947808614592,-7.105427357601002e-15,182.51506099736466
1144,301.9923681986725,2237.3055065467133,-0.3239617480835807,-0.07129828093436635,0.33171472545783254,-0.0003749557269485887,-8.252115848884991e-05,0.0003839290803910098,0.0,115.64735850111296
1145,231.87785554272824,-2137.8400831954323,-0.0015730029309240269,0.003428204873039652,0.0037718598691134316,-0.018206052441250314,0.03967829714166264,0.043655785522146204,0.0,182.47328246496377
1146,301.9926918924155,2471.3257050341226,0.19900239417311577,-0.0909312019756162,0.2187931360426155,0.00023032684510777287,-0.00010524444673103726,0.00025323279634561975,1.1641532182693481e-10,108.1224536659224
1147,231.3312593542749,-1937.9476853549252,0.0009440861648601245,0.00040087729787069236,0.0010256711435096563,0.01092692320439959,0.004639783540170049,0.011871193790621022,-7.105427357601002e-15,182.48158662923953
1148,301.28548822646087,-863.5855346693667,0.007043974401420721,0.005149339726537626,0.008725438383666979,0.081527481497925,0.059598839427518806,0.10098887018133075,-7.105427357601002e-15,182.36621269085248
1149,259.2289817272274,-3487.9115402210105,0.018296020625563743,0.032011143072034044,0.03687082385178404,0.21175949798106186,0.3704993411115051,0.42674564643268564,-7.105427357601002e-15,182.5303042840253
1150,301.9973433902711,3748.142971935788,0.02144717856012817,-0.03468033587124953,0.040776306408657204,2.4823123333481678e-05,-4.0139277628761e-05,4.7194799084093954e-05,1.4551915228366852e-11,66.34504268359005
1151,301.99727157404004,3631.138490603494,-0.21116363453358042,0.05608223705456002,0.2184840906392852,-0.00024440235478423667,6.4909996590926e-05,0.0002528751049065801,-3.2014213502407074e-10,68.99046996149141
1152,302.0,3393.000000004471,0.05655363403242325,-0.423817606280652,0.42757417709180595,6.545559494493432e-05,-0.0004905296368989027,0.0004948775197821827,3.531276856199838,67.53758821782434
1153,229.6499869909544,-883.3320673842846,-0.0010100314101024427,0.001386498563168823,0.0017153838389884462,-0.011690178357667159,0.016047437073713228,0.01985397961792183,-8.881784197001252e-15,182.49171849279583
1154,229.54492186089936,-772.8881314997191,0.0004919899071113062,2.5757456721092756e-05,0.000492663693888773,0.005694327628603079,0.0002981187120496853,0.005702126086675612,-8.881784197001252e-15,182.4850628735551
1155,229.58832715384813,-1125.488385599877,0.00029175045670358523,0.001507099337742976,0.0015350787415673722,0.003376741397032236,0.017443279372025184,0.017767115064437178,0.0,182.5148262926086
1156,301.9954955636087,947.1938399041906,-0.4467525959472451,-0.07617588915258565,0.45320045021357763,-0.00051707476382783,-8.816653837104812e-05,0.0005245375581175668,5.529727786779404e-10,151.1156391285508
1157,301.99538520668847,830.1869536317828,0.23370682213688201,-0.1331952170042446,0.2689978523076495,0.0002704940071028727,-0.00015416113079194977,0.00031134010683755726,-3.4924596548080444e-10,155.60097785372523
1158,302.0,585.0000000048807,0.16449835292695258,-0.7249397935272381,0.7433689611189015,0.00019039161218397288,-0.0008390506869528218,0.0008603807420357655,6.065268161706626,153.62194033829098
1159,238.38451681594583,-3139.1312339566407,0.006035704799820966,-0.0004160876353961753,0.0060500298636379825,0.06985769444237229,-0.004815829113381656,0.07002349379210628,-3.552713678800501e-15,182.45002140318633
1160,237.289317159814,-3090.4716924992667,-0.006366449839258212,0.013430926932750152,0.014863427660827913,-0.07368576202845152,0.15545054320312676,0.17203041274106382,1.7763568394002505e-15,182.45622727343064
1161,237.86610769788956,-3416.9548796516915,0.006072571884364126,0.013638823140348911,0.014929622431410869,0.07028439680976997,0.15785674930959387,0.17279655591910728,0.0,182.51518709203728
1162,301.99553234634885,693.2083105888308,0.25470319772681366,-0.15930102546768796,0.3004172692228616,0.00029479536773936764,-0.00018437618688389818,0.0003477051727116454,2.9103830456733704e-11,160.22832238749476
1163,301.995263713905,576.1915479237485,-0.5045883244472851,-0.13027463938257616,0.5211342042456807,-0.00058401426440658,-0.00015078083261872233,0.0006031645882473157,-2.9103830456733704e-11,164.9905247821519
1164,302.0,351.0000000037173,0.20649110410681581,-0.7771514104541248,0.8041162172510187,0.00023899433345696275,-0.0008994807991367185,0.0009306900662627531,6.5524658458307385,163.05398836016448
1165,240.9368121243389,-3233.855831270017,-0.010637087403457942,0.018541710216487563,0.021376216835095094,-0.12311443754002248,0.2146031275056431,0.2474099170728599,5.329070518200751e-15,182.44257339362713
1166,239.6042711019835,-3200.006391064994,0.006264117650485599,0.0018132566364345148,0.0065212782158637446,0.07250136169543518,0.020986766625399486,0.07547775712805262,-3.019806626980426e-14,182.4484272241363
1167,240.29396052433694,-3499.456863281375,0.006529397585693392,0.01809751168401029,0.01923935970828935,0.07557173131589574,0.20946194078715613,0.2226777744014971,0.0,182.51535789642273
1168,301.99442318238124,478.75508900946943,-0.438350143648387,-0.21457160200774122,0.4880489942871822,-0.0005073497032967442,-0.00024834676158303387,0.0005648715211657203,-1.4551915228366852e-10,169.86225609080796
1169,301.9932016322909,361.67886428324636,0.04929550794026635,0.17912217943772749,0.18578159830728744,5.7054986041974924e-05,0.00020731733731218466,0.00021502499804084202,3.2014213502407074e-10,174.96957269505435
1170,302.0,117.00000000254677,0.3389674657046119,-0.945745335704455,1.004655753386671,0.0003923234556766341,-0.0010946126570653414,0.0011627960108642026,8.30378148239106,174.2374162202603
1171,243.91306923385523,-3262.5213973824484,0.008376779107852683,-0.0001245343345078259,0.008377704758597577,0.09695346189644309,-0.001441369612359092,0.09696417544673122,-1.4210854715202004e-14,182.42583237519406
1172,242.3597231755306,-3242.450191421905,-0.00957948213280841,0.01931306428769929,0.021558314639915647,-0.11087363579639363,0.22353083666318618,0.24951753055457918,2.1316282072803006e-14,182.43187977764597
1173,243.18171507767224,-3553.2609791532523,0.008644608126992458,0.019640219826433738,0.021458506110629064,0.10005333480315345,0.22731735910224232,0.24836233924339193,-7.105427357601002e-15,182.51549248102162
1174,301.9892148621167,260.6143574969259,0.40738602359093185,0.5328893030238028,0.6707714823204887,0.0004715116013783934,0.0006167700266479199,0.0007763558823153804,1.0186340659856796e-10,178.78067002513274
1175,301.9882515014337,-117.73310630915411,1.0551484970059428,-0.23821108853230455,1.0817036902191124,0.0012212366863494709,-0.000275707278393871,0.0012519718636795282,-1.1641532182693481e-10,181.9523591280273
1176,245.56575838899758,-3260.209326428196,0.009056929308244878,0.000599274851993795,0.0090767339303726,0.10482557069727867,0.006936051527705948,0.10505479086079397,1.2434497875801753e-14,182.41438848023978
1177,246.4782394896036,-3581.5578558487355,0.010004908527776848,0.02108783819943698,0.023340846483682107,0.11579755240482463,0.2440722013823724,0.27014868615372806,0.0,182.51529404190038
1178,301.89847289368527,-591.3352914347488,0.001758172768647323,0.000951430935158912,0.0019990978737396414,0.020349221859344013,0.011011932119894815,0.023137706871986585,1.4210854715202004e-14,182.37265139993795
1179,254.2617998499512,-3563.863689363046,0.008382841612437941,0.032347450375460905,0.03341600782996268,0.09702362977358725,0.3743917867530197,0.38675934988382726,0.0,182.51326011228483
1180,301.9909807893785,1055.399210164005,0.24675168232508518,-0.12705364994677074,0.2775410288498915,0.000285592224913293,-0.0001470528355865402,0.00032122804265033737,1.7462298274040222e-10,157.4687122340428
1181,238.85409983063886,-2884.3421616685637,0.005321519341004035,0.0026685423916284518,0.005953124103577728,0.06159165903939855,0.030885907310514476,0.06890189934696442,1.7763568394002505e-14,182.38299739654565
1182,231.10890873118177,-386.25009335627766,0.003964904502730812,-0.005691387890033735,0.0069363076510920215,0.04589009841123624,-0.0658725450235386,0.0802813385543058,8.595435474489932e-11,182.18078181686292
1183,231.1280865827802,-64.99001201523511,1.3817754131144921,1.66417449514496,2.163048784142121,0.00259620961701486,-0.0005406238770662136,0.0026519009317722544,-2.9103830456733704e-11,164.70308896706615
1184,301.95213930099817,4354.430877602828,0.10571524149898111,0.2338943737820193,0.2566754572842344,0.0001223556035867837,0.0002707110807662261,0.00029707807556045654,8.731149137020111e-11,133.91770849174176
1185,301.9573959201641,4034.695507238968,0.08890385087867846,0.22055341773573775,0.23779761305777047,0.000102897975554026,0.00025527015941636307,0.0002752287188168639,-5.820766091346741e-11,133.6016684991504
1186,231.79580524850007,-687.4594595328923,-0.002810357179496412,-0.0045396827877950685,0.005339178522034062,-0.032527282170097364,-0.05254262485873921,0.06179604770872756,-2.4868995751603507e-14,182.21645193175297
1187,231.94989429143996,-680.3635346328641,0.0026920013766278394,0.0020274363191080773,0.0033700696491029223,0.031157423340599986,0.023465698137824963,0.03900543575350603,2.842170943040401e-14,182.16582823160422
1188,301.96080921485503,3688.317590630643,-0.22510855005298253,-0.21792889042236188,0.31331591180097756,-0.0002605423033020632,-0.00025223251206291883,0.00036263415717705747,2.9103830456733704e-10,137.1591415489239
1189,301.96289655235137,3690.9670718700563,0.12553566497433996,0.21522720612644147,0.2491625040762423,0.00014529590853511575,0.0002491055626463444,0.00028838252786602124,0.0,133.2805207672936
1190,231.15953266580186,-63.027776434684206,1.3814369416757912,1.6645923850000208,2.1631541396827507,-0.0013212838864689947,0.004296064260213364,0.004494658967766655,2.9103830456733704e-11,166.64005749254798
1191,301.94971582560925,4354.279652738559,-0.19472171247308454,-0.22843037000353486,0.3001615885625648,-0.0002253723523994034,-0.00026438700231890607,0.00034740924602148706,5.820766091346741e-11,138.01186273326482
1192,301.9900504882794,820.9693250704594,-0.40564493382822,-0.08499595686788168,0.41445400833432383,-0.00046949645119006943,-9.83749500785667e-05,0.00047969213927583776,-1.7462298274040222e-10,166.41362638451827
1193,241.50869039951255,-2953.067544474196,-0.007207168332317709,0.015875353982906987,0.017434739443219792,-0.08341630014256605,0.18374252295031235,0.20179096577800684,-1.9539925233402755e-14,182.35915624601233
1194,231.2607576719402,-70.4818414805385,0.7714502531998918,1.1900502898291896,1.4182225444142098,-0.0009315175994959588,0.0027444409744095343,0.002898220367775485,2.9103830456733704e-11,172.97463307433395
1195,301.93996657427056,4339.900794025063,-0.3319432145083167,-0.22538724353755804,0.40123024213981284,-0.0003841935353105518,-0.000260864865205507,0.00046438685432848714,3.4924596548080444e-10,156.2660028291924
1196,229.92588322336326,-423.6985793055508,-0.0007852367531256407,0.00046771608706266634,0.0009139776236629155,-0.009088388346361583,0.005413380637299378,0.01057844471832078,1.4551915228366852e-11,182.46277098813985
1197,229.90298440944326,-718.1472170396302,-0.0018196169488773467,0.00233330727863891,0.0029589404686797974,-0.021060381352747067,0.027005871280542933,0.034246996165275434,7.105427357601002e-15,182.4764794102658
1198,301.99021284877847,4073.115607589677,-0.3593021684033972,0.2631895613053366,0.4453838719570779,-0.00041585899120763557,0.0003046175478071026,0.0005154905925429142,-2.6193447411060333e-10,75.19930758857359
1199,301.99321595967353,3780.283231696771,-0.5057002732348733,0.016557472544534654,0.5059712602973498,-0.0005853012421699924,1.9163741370989185e-05,0.0005856148846034143,-7.566995918750763e-10,74.94925637726885
1200,301.99277850968934,1690.9289855896975,-0.10945611519105007,0.2851253723355182,0.30541303034118295,-0.0001266853185081598,0.00033000621798092393,0.00035348730363562845,5.820766091346741e-11,131.83372290948333
1201,233.6641673878275,-2572.776348415603,-0.002990454504039797,0.0026788172174754096,0.004014832477871848,-0.03461174194490505,0.03100482890596539,0.046467968493887124,1.5987211554602254e-14,182.454646538489
1202,233.85243086109313,-1908.2921740904958,-0.008655339246633365,0.007075284560195264,0.011179201629904047,-0.10017753757677506,0.08188986759485259,0.12938890775351905,-1.0658141036401503e-14,182.34472241718152
1203,301.98156839625716,2342.9661309179387,-0.6890216738156603,0.5511290121450332,0.8823231012592236,-0.0007974787891384957,0.0006378808010937884,0.0010212072931241015,2.3283064365386963e-10,135.9899776457866
1204,231.148504280762,258.8666671195495,1.8107970297557077,1.5582978254714854,2.3889909995312357,0.4982516776559062,-0.12086276701044198,0.5127012217035819,-1.0129497240995988e-10,142.72230396905243
1205,301.9466746531285,4676.672498355219,-0.18244764527743837,-0.12707876450656988,0.22234242882499558,-0.5494922259192329,0.14529393419274728,0.5683766653011713,6.679101716144942e-11,134.27021182096317
1206,232.86213534144883,-957.0649510332088,-0.008979652160588754,0.007765055874609251,0.011871404536151984,-0.1039311592660735,0.08987333188205152,0.137400515464722,0.0,182.156424168619
1207,301.9641545527542,3354.9010817942353,-0.6819045822309912,0.5591133323105061,0.8818172019386903,-0.0007892414146192026,0.0006471219123964191,0.0010206217615031138,-2.3283064365386963e-10,140.57232018811243
1208,229.70267827959327,-742.740026800344,-0.0003324804682566682,0.0005383654860905625,0.0006327563973486961,-0.0038481535677855083,0.006231082014937065,0.007323569413758054,7.105427357601002e-15,182.4784283772225
1209,229.81409539044188,-685.7094912833103,-0.00012294175245207783,0.0012211254578103077,0.0012272986833727238,-0.001422936949676824,0.014133396502434116,0.014204845872369488,-2.1316282072803006e-14,182.473989938069
1210,301.99388924498385,3818.309645241318,-0.08152636876227327,-0.04797164235636413,0.09459295573101137,-9.435922310448299e-05,-5.552273420875477e-05,0.00010948258765163355,1.1641532182693481e-10,72.70312046980158
1211,301.9954830639431,3768.3309917444585,-0.07573349876358128,0.19713920819287933,0.21118577187369605,-8.765451245784872e-05,0.0002281703798528696,0.0002444279767056667,1.7462298274040222e-10,70.21525199568178
1212,231.24151375207651,-71.68266208003324,0.7716855242739107,1.1897777625735517,1.4181218821696628,0.001791527238686209,-0.00040980966954906427,0.0018378013527611046,-1.4551915228366852e-11,170.69772129867118
1213,231.25668801892013,265.6173323806161,1.3048481074591807,1.03609612830343,1.666170390633912,0.6180692340811246,-0.17667373018351845,0.6428243811917737,-4.1239900383516215e-11,157.79776664253677
1214,301.9425212732669,4340.060207242434,0.17003508427691852,0.2122538989493123,0.27196258475063007,0.00019679986606124819,0.00024566423489503743,0.00031477151012804407,-5.820766091346741e-11,151.26843197308028
1215,301.93586296955556,4675.997849300266,-0.20232767246015054,-0.20413558322829709,0.2874157674573526,-0.623634952711558,0.13888936539885638,0.6389137735754679,-6.417621989385225e-11,151.99062866700862
1216,239.4602342449274,-2170.437152211864,-0.0023534784285448368,0.01613957846980132,0.016310268357586893,-0.02723933366371337,0.18680067673381157,0.18877625413873717,1.4210854715202004e-14,182.1689338785386
1217,240.76258373616713,-2122.1292326558337,-0.006063801226332525,0.017672235970690304,0.01868361874788265,-0.07018288456403383,0.20453976817928587,0.21624558735975286,1.7763568394002505e-14,182.1172335742446
1218,301.97714960185596,1697.659677365887,-0.17024640705883146,-0.2084446600783885,0.26913382439157707,-0.00019704445261438822,-0.00024125539360924595,0.0003114974819346957,3.4924596548080444e-10,164.42291250760553
1219,301.978737696459,1730.7174631673197,-0.21440171568749528,-0.18330409404357237,0.28207886589192815,-0.000248150133897564,-0.00021215751625413466,0.0003264801688563983,2.6193447411060333e-10,160.72114560271885
1220,301.9837108569718,3744.159261723784,-0.13808943194838044,-0.13931811228297136,0.19615867971088358,-0.00015982573142173662,-0.00016124781514232795,0.00022703550892463377,-8.731149137020111e-11,94.64038734335446
1221,230.55794094747182,-712.838349911957,-0.00043337807080777387,0.0013979349890629498,0.0014635705606165688,-0.005015949893608494,0.016179803114154512,0.016939474081210288,7.105427357601002e-15,182.4568281975973
1222,230.48177596062047,-1048.0053437747135,0.0002494736148788802,-0.00028427035298054934,0.00037821517434447543,0.0028874260981351873,-0.0032901661224600614,0.004377490443801799,1.4210854715202004e-14,182.47571163949596
1223,230.4673069247279,-716.6694765221189,0.0002512554917304695,-0.0005659323877180746,0.0006192001207953702,0.0029080496728063608,-0.006550143376366603,0.0071666680647612295,4.263256414560601e-14,182.4627401409264
1224,301.98530883935814,3746.0636826485847,0.034169079053265584,0.19313080543708824,0.19613014549560387,3.954754520053889e-05,0.0002235310248114448,0.00022700248321250456,-5.820766091346741e-11,91.57947979828877
1225,301.9892583575485,3414.0681092289606,0.025530405458130474,0.21144632385099169,0.21298204025916126,2.9549080391354748e-05,0.00024472954149420343,0.00024650699104069603,3.4924596548080444e-10,91.29233136677139
1226,301.9967247915515,3107.061210350203,-0.20832802008330617,-0.17502984084146872,0.27209558823476043,-0.00024112039361493768,-0.00020258083430725547,0.0003149254493457875,-2.0372681319713593e-10,82.21614972165386
1227,302.0,2691.000000007626,0.2360706435277169,-0.491381737688231,0.5451471002115813,0.00027322991149041304,-0.0005687288630650822,0.0006309572919115525,4.146799114765599,84.71575869124197
1228,230.1587929007652,-1375.625849249132,-0.0002815688381299218,0.0014768932055843054,0.001503494114157724,-0.003258898589466686,0.01709367136092946,0.017401552247195883,-9.769962616701378e-15,182.50094172442778
1229,230.2481495930874,-1786.3154653913468,0.0012632476196851893,0.0009140321744380842,0.0015592464091824323,0.014620921524134137,0.010579076093033381,0.018046833439611484,-1.4210854715202004e-14,182.5150108268257
1230,301.97167200865096,834.4635781323134,0.03954175519263501,-0.05379468236433293,0.06676389933484825,4.5765920361846075e-05,-6.226236384760755e-05,7.727303163755585e-05,-3.4924596548080444e-10,180.80179015293436
1231,301.97124544463935,755.9200014487373,-0.04476707474760896,0.015421627720257146,0.04734889209897325,-0.2837016155352737,0.4282805941621263,0.5137225651975862,-1.5560530641778314e-10,181.15790180402348
1232,253.72074007714892,-2176.3945743933605,-0.006994317206003984,0.021461463505079582,0.022572436486964942,-0.0809527454398609,0.24839656834582846,0.26125505193246457,-1.7763568394002505e-15,181.83871564011122
1233,255.02828865117124,-2173.3205024636763,-0.015461055754806505,0.02040337695691584,0.025599649144065227,0.12001067302884526,1.469247016282503,1.474140209239228,9.354496344204932e-16,181.71933919109256
1234,229.89518348006465,-986.716743040222,-0.000852178406654955,0.00065619103983755,0.0010755439170633911,-0.009863176002950868,0.007594803701823499,0.012448424966011475,8.881784197001252e-15,182.49016052362538
1235,301.9957910336343,3512.3611683046247,-0.2789839180693788,0.25670724096656666,0.37911823235767594,-0.00032289805332104036,0.00029711486222982255,0.0004387942504139769,1.4551915228366852e-10,75.01189572904195
1236,301.9814445620962,3102.1961330480244,-0.1491519361423923,-0.15651677051532986,0.21620314407420793,-0.00017262955572036143,-0.0001811536695779281,0.00025023512045625914,-2.0372681319713593e-10,114.54774408655885
1237,301.98307928064435,3111.5727511534014,-0.08102033674314005,-0.20624391750376164,0.2215871126064651,-9.377353789715276e-05,-0.00023870823785157594,0.00025646656551674195,1.1641532182693481e-10,111.08669174493407
1238,231.3359937723598,-1296.836548884449,-0.00019399897271638275,0.0022299851867455243,0.0022384078123790317,-0.0022453584805136886,0.025810013735480603,0.025907497828461013,-7.105427357601002e-15,182.4342734766164
1239,231.51783831185597,-1294.740495394679,-0.0005565747624766652,0.0029341346560252993,0.002986456369330491,-0.006441837528665101,0.033959891852144666,0.03456546723762142,8.881784197001252e-15,182.41896076924206
1240,229.97289085167213,-124.15215547931825,2.916642676186942,2.5819726848007547,3.8953032546404063,0.0058236631739002915,-0.0021096916135170483,0.006194017393193741,2.3283064365386963e-10,149.9461122177952
1241,301.9871459004979,4369.537377836158,0.08768333668351319,0.11261376256540552,0.14272430434614794,0.00010148534338369584,0.00013034000296921936,0.00016519016706730087,1.7462298274040222e-10,75.394408012177
1242,301.98571554473597,4369.448123636613,-0.09130403340961042,-0.16005437358387606,0.18426564796562114,-0.00010567596459445648,-0.0001852481175739306,0.00021327042588613554,5.820766091346741e-11,78.04355919922278
1243,230.04888423815464,-119.41016816280971,2.9155993509286113,2.5834369508786037,3.8954930438007818,-0.006251860649370231,0.014837832435661034,0.016101150051095685,-2.3283064365386963e-10,148.68800462897224
1244,234.66508070180458,-1784.6499592475072,-0.003806962645610786,0.009275243481533134,0.010026121195497228,-0.04406206765753223,0.10735235511033714,0.11604306939232897,1.0658141036401503e-14,182.26810361602176
1245,301.9773626249056,2415.6364573156097,-0.21155083991839216,-0.035804653107012537,0.2145593881756067,-0.0002448505091648059,-4.144057072570891e-05,0.00024833262520324864,3.4924596548080444e-10,142.54792480797357
1246,231.1818962393583,-1679.7027878920217,-0.0019662336054547215,0.0035052375984248067,0.004019050287397556,-0.022757333396466687,0.04056987961139823,0.04651678573376802,5.329070518200751e-15,182.47237494547986
1247,231.0311351565213,-1324.553708621606,-0.0012657378755346704,0.0007413361945804544,0.0014668577718913482,-0.014649743929799426,0.008580280029866374,0.016977520508001716,9.769962616701378e-15,182.45853308238583
1248,301.9864728187977,3103.0742405705746,-0.11964827213563428,0.28881870895504014,0.31262110560149164,-0.0001384817964532804,0.0003342809131424078,0.00036182998333505995,-1.0186340659856796e-10,104.51435867371757
1249,301.99023603534715,2738.7398938610036,-0.2438522277496579,0.08929266461668844,0.2596865205065897,-0.0002822363747102522,0.00010334799145450058,0.0003005631024381825,4.0745362639427185e-10,106.16345445167268
1250,230.5944005772379,-1835.8342753726658,0.0002515168931085925,0.0004085391724536894,0.0004797551489542811,0.002911075151719819,0.004728462644139919,0.005552721631415286,2.042810365310288e-14,182.50458609157374
1251,230.49424987562054,-2004.9588077612782,-0.0006738713689078211,0.0027385145747145408,0.002820206499134002,-0.007799437140136819,0.03169577054067754,0.03264127892516205,0.0,182.51500772316462
1252,301.9972286683361,2619.702197512901,-0.012315480941031793,0.07349184878899427,0.07451659485801346,-1.4254028866934946e-05,8.50600101724471e-05,8.624605886344152e-05,1.8189894035458565e-10,93.47940063897803
1253,302.0,2457.000000008676,0.008547466400011906,-0.527365726346031,0.5274349898388768,9.892900925939706e-06,-0.0006103769980856839,0.0006104571641653666,4.368601847672835,91.07760212190371
1254,301.9971806398276,1314.9802373018535,-0.253169385858625,0.06578968553713051,0.2615779437550266,-0.0002930201225215567,7.614546937167892e-05,0.00030275224971646603,8.149072527885437e-10,133.96007990264326
1255,234.0242601372548,-2926.53000206041,-0.0062361710362673324,0.010843077197385592,0.012508483213485277,-0.0721779055123534,0.12549857867344436,0.1447741112671907,-3.552713678800501e-15,182.4901294826729
1256,301.99713429283673,1197.9773452490379,-0.031228310234015292,0.06578365300658952,0.0728196152349302,-3.614387758566587e-05,7.613848727614535e-05,8.428196207746559e-05,-2.3283064365386963e-10,138.16841964422352
1257,234.6961379104678,-3001.604829011919,0.0015547617223513872,0.0011367579566819938,0.0019260069224613066,0.01799492734202995,0.01315692079493048,0.02229174678774661,1.0658141036401503e-14,182.48691505287468
1258,229.86037601195682,-1205.2084326810193,0.00017194425514386637,0.00047367878172325465,0.0005039210405726335,0.0019900955456466016,0.005482393306982114,0.005832419451072147,-7.105427357601002e-15,182.50349131319095
1259,301.99817923609396,3296.1904885088006,0.04039839966866369,0.011000908232145447,0.041869448022647394,4.6757407023916293e-05,1.2732532676094275e-05,4.846000928547151e-05,-1.7462298274040222e-10,74.27088116158562
1260,229.74992904454433,-1095.1003234475586,-0.0010781518993050589,0.0017661455022001194,0.0020692224271249378,-0.012478609945660399,0.020441498868056938,0.02394933364727937,-7.105427357601002e-15,182.5016519733302
1261,301.9982275626386,3413.193504084659,-0.16529145536023368,0.0451648971061075,0.17135090646305143,-0.00019130955481508525,5.227418646540216e-05,0.0001983228084063095,5.820766091346741e-11,71.48719004595148
1262,238.40155956451312,-2187.3850993831034,-0.004028854885082843,0.012605988947483045,0.013234146327932173,-0.04663026487364404,0.14590264985512783,0.15317298990662234,2.6645352591003757e-14,182.20760311538385
1263,239.56873291372307,-2433.3440161291737,-0.01164852674176709,0.007959282888439582,0.014108095525331196,-0.13482091136304505,0.09212132972730995,0.16328814265429625,-5.329070518200751e-15,182.24679987156742
1264,301.98301057623917,1461.3069100163352,-0.4927027404361166,0.5119234773308242,0.7105080133789781,-0.0005702578014306905,0.0005925040246884539,0.0008223472377071506,5.820766091346741e-11,160.44474702844118
1265,301.9798153996961,1779.898064736927,-0.18245530696324486,-0.041038580863825204,0.18701364698430065,-0.00021117512380005186,-4.749835748127917e-05,0.00021645098030590349,2.3283064365386963e-10,157.24742524921837
1266,301.99523813156156,4063.654727854286,-0.24442309185498473,0.2149771217466922,0.325511613781202,-0.00028289709705438043,0.00024881611313274564,0.0003767495529875023,1.4551915228366852e-10,64.79523993153967
1267,301.9932221310969,4410.220185044394,-0.0982954676722079,-0.1131312538058736,0.14986887452899303,-0.00011376790239838866,-0.00013093895116420557,0.0001734593455196678,-1.7462298274040222e-10,62.60756368509812
1268,229.41331841423084,-118.76580688898375,1.7008730488405572,3.180664362526929,3.606881605392809,-0.011130049016684702,0.01990439710494415,0.022804890160338705,5.820766091346741e-11,150.61811207107453
1269,229.49498447037837,-460.3611006052193,-0.0009636000593506394,0.00034175394195292173,0.0010224093266500052,-0.011152778464706473,0.003955485439269927,0.011833441280671353,-4.888178750661609e-11,182.4491175802163
1270,229.2635459311198,-344.561609837214,-0.0008597087066504438,8.959440603013409e-05,0.0008643646324801076,-0.009950332252898654,0.0010369722920154387,0.010004220283334577,-1.4551915228366852e-10,182.4232819669846
1271,229.19523688762868,-547.4672182140702,0.00036985845754308007,0.0008301946336741378,0.0009088555486970864,0.00428076918452639,0.00960873418604326,0.010519161443253315,1.0658141036401503e-14,182.4241382967066
1272,229.3089718257942,-593.2770340074302,0.0006080787928332081,7.578593971609275e-05,0.0006127832626240234,0.007037948991125093,0.0008771520800473681,0.007092398872963234,1.4210854715202004e-14,182.47018210728444
1273,301.99846153130625,3995.453999554322,0.03627321402032764,-0.01615191886395709,0.03970680720421055,4.198288659760143e-05,-1.8694350536987374e-05,4.5956952782651094e-05,1.1641532182693481e-10,58.642550448917824
1274,301.9964133285717,4193.969315766185,-0.25865653276334577,0.2022989055571699,0.32837181537212434,-0.00029937098699461313,0.00023414225180227996,0.0003800599714955142,-1.1641532182693481e-10,59.624840244232665
1275,301.9979426774833,3942.5147471403534,0.03792361020233066,-0.02583213077654004,0.04588571881571199,4.389306736380864e-05,-2.989829950988431e-05,5.3108470851518515e-05,-3.7834979593753815e-10,60.946937745181415
1276,301.9978882817358,3825.511352846235,0.057067567436013454,-0.022838185383432078,0.06146779615922433,6.605042527316374e-05,-2.643308493452786e-05,7.114328259169484e-05,0.0,63.447909385878376
1277,229.42057965766136,-703.3127052989192,0.0006185492614333375,0.00012482983453048822,0.0006310195531111824,0.007159134970293257,0.0014447897515102806,0.0073034670498979435,4.263256414560601e-14,182.4847216708236
1278,301.9910557498193,3169.8384355752373,-0.2720867135424598,0.009221526735712667,0.2722429360730486,-0.0003149151777111803,1.0673063351519261e-05,0.0003150959908252877,2.9103830456733704e-11,93.34957207088006
1279,230.57063263019148,-1286.8018608673485,-0.00030966704415591635,0.0011713621288454161,0.0012116034479686525,-0.0035841093073601437,0.013557432046821943,0.014023188055192736,-3.552713678800501e-15,182.48187519455638
1280,231.86465480980328,-1608.6511720320846,-0.003728144759237614,0.0026611865178011464,0.004580499648330679,-0.043149823602287196,0.030800769881957707,0.053015042226049525,1.7763568394002505e-14,182.42638071177115
1281,231.9179999284097,-1905.1749703173018,0.0001505338124260724,-0.00018892425882468462,0.00024156325104614812,0.0017422894956721357,-0.002186623366026441,0.0027958709611822694,-1.2434497875801753e-14,182.45199042202904
1282,301.9887778822958,2467.2444592602474,0.08321289740141237,0.07539439987926988,0.11228847593183029,9.631122384422729e-05,8.726203689730314e-05,0.0001299635138099888,-8.731149137020111e-11,116.8972983775543
1283,301.9843888846035,2766.8240577575034,-0.4420022079884564,0.4414316353002772,0.6246821916066982,-0.000511576629616269,0.0005109162445605061,0.0007230117958410859,2.3283064365386963e-10,117.69967531203298
1284,231.62010701891512,-1814.9315903881134,0.001090324415064661,-0.00033800244343832285,0.0011415134610929351,0.012619495544729875,-0.003912065317573181,0.013211961355242307,-8.881784197001252e-15,182.45955020039833
1285,301.9891202633817,2576.097721320465,0.06954222022125486,0.03239408873132762,0.07671699536631134,8.048868081163755e-05,3.749315825385145e-05,8.879281871100849e-05,3.4924596548080444e-10,113.05542085939916
1286,229.21255499217435,-78.38656849042059,3.400002258617091,6.649293290821716,7.468140104870021,-0.009185316168519534,0.019117214416553834,0.021209382833174566,0.0,142.16953025332057
1287,229.31473070956235,-124.91767966029747,1.7009874106618574,3.180461246885821,3.6067564256784297,-0.009806416825708717,0.017553521629152576,0.02010701202428323,-2.3283064365386963e-10,146.8970142821655
1288,301.99490479862715,4463.232059433699,-0.10160180146874619,-0.10212169001632863,0.14405473138181069,-0.00011759467762586361,-0.00011819640048186182,0.00016673001317339195,1.1641532182693481e-10,58.02057112236001
1289,301.9943007465548,4410.287490648968,-0.0933849513468861,-0.12281552460228794,0.1542867532272148,-0.00010808443442926625,-0.00014214759791931475,0.0001785726310500171,0.0,60.30064169689184
1290,229.36934088963883,-905.1531284865367,0.000544869165347648,0.0017052440933617667,0.001790178713227212,0.006306356080412593,0.019736621450946377,0.020719661032722363,0.0,182.51386209532416
1291,302.0,3627.000000003421,0.12779441178419382,-0.4001333053050171,0.4200453233849725,0.0001479101988242984,-0.0004631172515104365,0.0004861635687326071,3.3498061457648873,62.39695978062767
1292,242.21462480731248,-2380.343677767321,-0.015620468220312178,0.008208050500052218,0.017645711105908714,-0.18079245625361318,0.09500058449134507,0.204232767429499,3.552713678800501e-15,182.17281182404437
1293,301.9802058796366,1349.0285811466497,-0.489945665585711,0.492974346545683,0.6950327054019606,-0.0005670667425760544,0.0005705721603537998,0.0008044360016226396,0.0,167.66931577623922
1294,301.9852198025816,1067.8076466940995,0.11174588121004085,0.07765190828422218,0.1360770400456661,0.00012933551065976952,8.987489384747946e-05,0.00015749657412692842,8.731149137020111e-11,167.06521850014408
1295,241.87918479744602,-2682.8089376304356,0.006265781316413693,-0.0026228421176569265,0.006792592750877531,0.07252061708812145,-0.030356968954362573,0.07861797165367512,2.3092638912203256e-14,182.27433584136392
1296,301.9862734880304,1165.2574064133103,0.15314411498829905,0.07146047303454724,0.16899621049559252,0.00017725013308830914,8.270888082702225e-05,0.00019559746585138028,-2.9103830456733704e-11,162.99660950235585
1297,240.45956665744495,-2674.009099820252,0.006527399997171093,-0.0013389522283805803,0.00666331327441195,0.07554861107836912,-0.015497132272923394,0.07712168141680498,5.329070518200751e-15,182.2967650574501
1298,231.17191921991684,-1269.6697483348034,-0.0007353133586129214,0.0023670850315887833,0.0024786644149876937,-0.008510571280242145,0.027396817495240543,0.028688245543839044,3.552713678800501e-15,182.4447227693445
1299,234.17504620487,-1824.6973688693122,-5.618787986704172e-05,-0.0026497411439491227,0.0026503368102527573,-0.0006503226836463185,-0.03066830027718891,0.030675194563110603,0.0,182.30819261428354
1300,301.97922680560634,2406.2835964771534,-0.046352172335834434,0.31529301857811637,0.31868199108884604,-5.3648347610919506e-05,0.0003649224752061532,0.0003688448970935718,-2.3283064365386963e-10,138.95349727132026
1301,301.98419489149967,3149.0468111232753,-0.10496993917086125,-0.07856871744033028,0.13111724329680202,-0.00012149298515145975,-9.093601555593783e-05,0.00015175606863055788,5.966285243630409e-10,107.91411956690425
1302,301.9917164321945,4679.483105368936,-0.1117551848303236,-0.09422837661548329,0.14617868618936602,-0.2904095747352897,0.06539427287004926,0.2976812591046576,1.1243628250667825e-10,60.9159991202035
1303,229.37736957785884,148.34786165839182,1.9658725582459013,3.1002301607550597,3.6709783389335913,0.30922520798370345,-0.08433184960662876,0.3205184707792044,4.1154635255225e-11,83.45049294579002
1304,301.98661637304866,2843.5089128716286,-0.38754128576936164,0.3487041771639032,0.5213279690821554,-0.00044854315482564995,0.0004035927976434065,0.0006033888531043466,2.0372681319713593e-10,111.00471920624477
1305,231.4224646886633,-1559.699315962129,-0.002425778366838743,0.0018079588639077328,0.0030254116973736614,-0.028076138505078046,0.020925449813746905,0.03501633908997293,-3.552713678800501e-15,182.45050921905323
1306,230.01212183305594,187.95640238269084,3.2156165328720094,2.4882390148749844,4.065897573922126,0.35094142501087827,-0.10486979461784392,0.3662752484291761,7.500489118683618e-11,94.86279051152951
1307,301.9839197040697,4678.996589533949,-0.08658201580250953,-0.10522002944571957,0.13626334817912006,-0.31587274380744224,0.059631467453100044,0.321452177144676,1.2175860319985077e-10,75.52768610258362
1308,301.99742155527196,4328.839105049907,-0.5799994851999436,0.8231302954717546,1.0069473105161053,-0.0006712957004628977,0.0009526971012404567,0.001165448276060307,0.0,54.75140744078107
1309,229.00679867626303,-225.77576260118684,-2.0897727912470764e-05,-0.0010833294595879823,0.0010835310023451536,-0.0002418718508387819,-0.012538535411897941,0.012540868082698536,0.0,163.48548474642902
1310,301.98749271422895,1214.4468390157106,0.04624920896750554,0.058429166040770066,0.07451816405642234,5.3529177045724e-05,6.762634958422458e-05,8.624787506530359e-05,-2.3283064365386963e-10,159.3727520703335
1311,239.3469999650662,-2694.3199085380747,0.002154882616549293,0.0021826897603939347,0.003067189867164219,0.024940771024876074,0.025262612967522368,0.035499882721808075,0.0,182.32477696752161
1312,301.9938181746416,2859.7688175311664,-0.4829966086672497,0.5240069762354962,0.7126493072525448,-0.0005590238526241316,0.0006064895558281205,0.0008248255870978529,0.0,95.07779103599596
1313,230.65512063361075,-1591.7745371267413,-0.00044618398140106665,0.00013358755277431187,0.0004657529168079755,-0.005164166451401231,0.0015461522311841643,0.005390658759351565,-1.4210854715202004e-14,182.49172430060855
1314,301.99835951637607,4445.89763382254,-0.060158581120795786,0.15487749110874802,0.1661508114172413,-6.962798740832843e-05,0.00017925635544993983,0.0001923041798810663,-1.3096723705530167e-10,50.370014283933884
1315,228.77222712385182,-123.4130274716464,1.971611712844401,0.23330352393520268,1.9853672910838984,0.00676940492842669,-0.002124938318133741,0.007095083222970723,-8.003553375601768e-11,142.75537711812774
1316,229.0984142651468,-85.50894985693948,3.401308791514217,6.647727677789331,7.467341211788721,0.005936592363028646,0.0009966932084088617,0.0060196782502438114,7.275957614183426e-12,150.56050537586987
1317,229.16175398665425,134.893448767225,3.654120226592002,6.573544011994129,7.52090922083312,0.297384295204396,-0.07758087984796139,0.3073372934614333,-4.718003765447065e-11,80.90621034945363
1318,301.9958950742813,4463.293852634518,-0.12657754148814668,0.2366487038372968,0.26837377486829095,-0.00014650178412979942,0.00027389896277464913,0.0003106177949864479,8.003553375601768e-11,55.81288920750001
1319,301.99386210451877,4679.616995321971,-0.11445778709554312,-0.07129536101665448,0.1348466296549668,-0.28403685366293013,0.06800986875830786,0.2920655345761616,-1.261639681615634e-10,56.44897001206471
1320,301.9984997690043,4112.45638558617,-0.1954118673828861,0.17644833679490118,0.26328656150998964,-0.00022617114280426632,0.00020422261203113565,0.000304729816562488,-1.7462298274040222e-10,56.26326258325121
1321,302.0,3861.0000000023833,0.12449361942018777,-0.3807728814798512,0.4006078488332541,0.000144089837291884,-0.0004407093535646426,0.00046366649170515516,3.182347311056219,57.517502483693505
1322,229.04151272095217,-440.05960621468444,0.000145394227699631,0.0009078482212501276,0.0009194171383411302,0.0016828035613383216,0.010507502560765368,0.010641402064133453,-3.517186542012496e-12,182.21682328349254
1323,229.11837385453185,-686.8134714772124,6.842849476739213e-05,0.003214061481277857,0.003214789832062143,0.0007919964672151867,0.037199785662938155,0.03720821564886739,0.0,182.51562486825958
1324,234.36412235725453,-3167.4787649073173,0.001407235526515779,0.012872262705209803,0.012948955903045747,0.016287448223562255,0.14898452205103938,0.14987217480377024,7.105427357601002e-15,182.51501265182944
1325,302.0,1053.0000000072146,0.21201522859488509,-0.6760375947883706,0.7085035544888865,0.0002453879960588948,-0.0007824509198939473,0.0008200272621399148,5.643748479546048,136.1580317924043
1326,301.9901211267779,2613.564621048888,0.028188631635644074,0.04253361522300377,0.05102653601243741,3.262573105977322e-05,4.922872132292109e-05,5.9058490755135934e-05,0.0,109.83753387058589
1327,231.41070721680305,-1790.5930854178198,2.413258377645389e-06,0.00036325296896521075,0.0003632609850755206,2.793123122274812e-05,0.0042043167704306815,0.004204409549485194,1.4210854715202004e-14,182.46828154689535
1328,229.80591987752757,-1345.9105996422795,0.00015550947829835336,0.002266393215805569,0.0022717221235199815,0.0017998782210457563,0.0262314029607126,0.02629308013333312,7.105427357601002e-15,182.5151732478662
1329,302.0,3159.0000000055225,0.14829799237911678,-0.44565228617755714,0.46967888468501523,0.000171641194883237,-0.0005158012571499504,0.0005436098202372862,3.726065934635699,72.95935282561163
1330,302.0,4563.000000000358,-0.3616074606816785,0.13402667843705093,0.3856463485546315,-0.0004185271535667575,0.0001551234704132534,0.00044634994045674933,2.7692044288487523,44.22861323005831
1331,301.9992314332639,4679.9520414356675,-0.411670223487246,0.13106431951924188,0.43203035629117664,-0.267415852866606,0.07421064078696173,0.2775219947506607,8.077449820120819e-11,44.07874310108015
1332,301.99921501535437,4562.951016958471,-0.12598799279501177,0.12452576186130108,0.17714299222846328,-0.00014581943610533765,0.0001441270391913207,0.0002050266113755362,-6.548361852765083e-10,46.1802409703599
1333,297.89924181178753,-1191.8873109444578,0.01764579681462962,-0.04429257962407715,0.0476781580493459,0.20423375942858354,-0.5126455975008929,0.5518305329785405,-1.4210854715202004e-14,182.51494468165373
1334,267.22308525294676,-3106.079480216122,-0.11777857069812331,0.08199184751690175,0.14350768193698796,-1.3631779015986494,0.9489797166308073,1.6609685409373605,7.105427357601002e-15,182.58611759730314
1335,228.09338090243662,68.22696831204516,-102.18312186059055,-7.411951188865306,102.45158570565133,0.1517372817844752,-0.1045892196220692,0.18429082327803156,1.850253283919301e-11,60.66246748784096
1336,228.08449107894603,-49.32775667376772,-204.83327902312774,-14.657830036259933,205.35706507626756,-0.23707555442491637,-0.016965081060486033,0.23768178828271708,-8.003553375601768e-11,119.41344447776137
1337,228.44493798436557,-26.835869775588662,-102.42032734959682,-7.329164872390653,102.68222880384539,-0.16122108777889355,-0.011374372251142944,0.16162182862694405,-1.7462298274040222e-10,124.88951390002197
1338,301.99919745881067,4445.94992143046,0.193087573509552,-0.031153732115318262,0.19558467748911124,0.00022348098785827773,-3.60575603186554e-05,0.00022637115450128612,7.566995918750763e-10,48.321800924889885
1339,302.0,4329.000000001032,0.10963147509165505,0.11502484528555122,0.15890177898229202,0.00012688828135608223,0.000133130607969388,0.00018391409604431944,2.8916764236055315,48.456811749675516
1340,301.99759713212643,4679.850061044689,-0.09925817347655831,-0.024067050421041323,0.10213426417158684,-0.27475895556055446,0.07466485900728526,0.28472324252035436,-1.0521716831135564e-10,48.03749713918241
1341,283.1851246924644,-2110.0482191902215,0.06486875262391789,-0.09277998701623269,0.11320813158830668,0.7507957479620126,-1.073842442317508,1.3102793007905866,-1.4210854715202004e-14,182.64542557719398
1342,281.5027695111517,-1903.0271825041332,-0.0015969198919242192,0.012233566074075606,0.01233735352618206,-0.018482869119493237,0.14159219993143068,0.14279344359007018,-3.552713678800501e-14,182.18016043531912
1343,283.21378736808185,-1484.2596682316923,-0.03402520474186911,0.05861862054001742,0.06777799961448158,0.3111495826008014,0.10686502125897084,0.32898965868448393,-5.45635585325055e-15,181.71977807931194
1344,228.63944761734018,-248.69846867797267,-0.007375676065880021,-0.0004997085213715071,0.007392584530130628,-0.08536662113287061,-0.00578366344179985,0.08556232095058597,2.3283064365386963e-10,182.5183831222575
1345,228.63607719396936,-131.90878309631216,1.968375267902037,0.23336002047230883,1.9821599568256978,-0.03068944857115811,-0.0014710432127385065,0.03072468424142879,3.4924596548080444e-10,163.6973671783423
1346,228.6472418003309,102.78788834064835,2.200506875672288,0.16924860566689626,2.2070060263626834,0.27639637326531236,-0.073071421059082,0.28589226594962575,8.86757334228605e-12,67.80186327688324
1347,273.95065769334064,334.4078156053987,-0.06924725553858203,0.0476881213933294,0.08407936323290395,-0.8014728650298847,0.5519458494598312,0.9731407781586108,7.105427357601002e-15,181.41744371097826
1348,270.53659235291764,501.8594996738304,-0.02040705954701146,0.04215142433235941,0.046831513456238975,-0.23619281883115123,0.4878637075504561,0.5420314057435067,3.552713678800501e-15,181.3024978204411
1349,268.83529270141645,90.66868412131507,-0.0416852239657125,0.03044998599053216,0.051622277593062635,-0.10043638426142597,-0.2072666172902089,0.23031916534764263,2.1316282072803006e-14,181.67044974017645
1350,289.5420780595469,1298.7910696103415,0.044580290320916705,-0.035803702346643464,0.05717785748717997,0.5159755824180174,-0.4143947030861512,0.6617807579534719,3.197442310920451e-14,180.5212863066912
1351,293.3626033674695,1619.8092166725714,-0.006379853689796443,-0.016692790734447745,0.017870416772064208,-0.07384089918745884,-0.19320359646351556,0.20683352745444686,-4.796163466380676e-14,180.23642706103163
1352,288.27520904048527,1598.864151121252,0.005915832557719949,0.02484273189411731,0.025537392247721242,0.06847028423286976,0.2875316191448763,0.29557166953381064,-1.4210854715202004e-14,180.20233559899967
1353,262.7621810813042,772.9862480320239,-0.00940672603784062,-0.0479356879096113,0.04884994032871119,-0.10887414395648866,-0.5548112026575381,0.5653928278786017,-2.1316282072803006e-14,180.95630048209034
1354,264.04121987791837,1206.6066054332132,-0.03225863627998218,0.011433289185480406,0.034224840631374834,-0.373363845833127,0.13232973594306022,0.39612084064091235,7.105427357601002e-15,180.5641213537
1355,259.11148573676223,904.9031848534902,-0.04406186499968449,0.010310973489728557,0.04525222780765944,-0.5099752893482,0.11933997094593234,0.5237526366627249,3.552713678800501e-14,180.74269529109787
1356,286.2131172453604,2600.7563746293545,0.05915160712991298,-0.018100023825178623,0.06185889983279371,0.6846250825221409,-0.20949101649512292,0.7159594888054827,-3.552713678800501e-14,178.96980265198727
1357,281.8918754430299,2322.5203185209366,0.005867821015833811,-0.01788874866402233,0.018826541165026082,0.06791459509066909,-0.20704570212988804,0.21789978200261664,1.4210854715202004e-14,179.3291436349432
1358,286.8762341892554,2279.2838888241718,0.0031952486619382385,-0.021164928856529323,0.02140476179530073,0.03698204469835923,-0.24496445435797828,0.24774029855672142,-7.105427357601002e-15,179.40964381154092
1359,261.1671311489066,336.0159433171803,-0.05953842246485106,0.018388908335467132,0.06231352741879803,-0.6891021118617021,0.21283458721605475,0.7212213821620143,-1.4210854715202004e-14,181.39896475307694
1360,266.5347155833058,665.0412221952702,0.01598309987676915,-0.013756274241021363,0.021087782307890178,0.1849895819070503,-0.1592161370488584,0.24407155448946963,4.618527782440651e-14,181.14021768959782
1361,276.36837514532334,111.033428359574,-0.003353398410158108,0.009357716661186516,0.009940429669199348,-0.038812481599052186,0.10830690580076983,0.11505126931943688,-2.842170943040401e-14,181.59798406268033
1362,277.3479657886534,477.18960180221245,-0.00633528746324745,-0.0019672599321098245,0.006633700240624764,-0.07332508638017884,-0.022769212177197063,0.07677893797019407,2.3092638912203256e-14,181.27677479128317
1363,261.7916520410965,-324.9687365004632,5.774911902532062e-06,-3.4937940749193385e-07,5.785470892882091e-06,0.6683925813115812,-0.04043743142267751,0.6696146866761677,0.0,181.71798541282612
1364,257.7358392792416,-221.48002427246493,-0.054237583011016645,0.04384627153890825,0.06974389535106709,-0.34145554702689657,1.0267436176829008,1.0820325073896846,0.0,181.71790405870237
1365,287.0752835648569,1073.1215088571232,-0.00861045433359132,0.005371672764083671,0.010148634987783324,-0.099658036268418,0.062172138473190676,0.11746105309934401,-2.3092638912203256e-14,180.7281707262325
1366,291.948415596757,1080.696607195195,0.0041640852841597275,0.007496429055690466,0.00857531660294568,0.048195431529626465,0.08676422518160269,0.09925134957113063,1.5987211554602254e-14,180.75510043022044
1367,296.8657775517149,2218.864470919418,-0.007980317109072417,0.05152094684365212,0.052135337582370954,-0.0923647813550048,0.5963072551348625,0.6034182590552194,1.4210854715202004e-14,179.64939953810008
1368,297.1334049859872,1878.9929942502658,-0.06882761341963943,0.049489750940901744,0.08477308427346392,-0.7966158960606414,0.5727980432974737,0.9811699568687952,-2.1316282072803006e-14,180.0274518928534
1369,287.3141217614142,1959.7635892194842,-0.04399557292010013,0.024129868576309627,0.050178292060190956,-0.5092080199085663,0.27928088629987996,0.5807672692151732,-2.4868995751603507e-14,179.79726156607978
1370,291.98263288629266,2259.6692510548946,0.004556037142950488,-0.015374458149505046,0.016035318451431718,0.05273191137674175,-0.1779451174711232,0.18559396355823748,1.4210854715202004e-14,179.50365625315374
1371,256.5375846668112,1109.194720419329,-0.024663171615483405,0.05338046930040293,0.058802606548230885,-0.285453375179206,0.6178295057917006,0.6805857239378574,3.552713678800501e-15,180.49352213181905
1372,253.67799585494237,576.9480420662475,-0.031130962641962023,0.0002323537612246244,0.031131829745223622,-0.36031206761530116,0.002689279643803472,0.3603221035326808,1.7763568394002505e-15,180.8491799722516
1373,258.8859980953835,1617.1636868379278,0.018842175164682617,0.0055421014176127315,0.019640327213661372,0.21808073107271547,0.06414469233348072,0.2273186020099696,1.7763568394002505e-14,180.19198421713327
1374,254.74591324418435,1369.917017961417,0.042899397252211625,-0.008658885811336257,0.04376453573496265,0.4965208015302271,-0.10021858577935477,0.5065339784139195,2.1316282072803006e-14,180.2124704297849
1375,290.6233258641948,2885.2515175854387,-0.00028967669650258396,-0.025241267491328705,0.02524292964687942,-0.0033527395428540195,-0.2921442996681563,0.29216353757962293,2.1316282072803006e-14,178.62471360754787
1376,284.58995691510046,2863.0297106231887,0.005269904174983994,0.04126799068014929,0.041603112200776546,0.06099426128453698,0.4776387810202464,0.4815175023238026,1.0658141036401503e-14,178.53756209233043
1377,278.70433871155194,2856.409872590892,-0.06408326862730544,0.05212123345157073,0.08260319784652727,-0.7417044980012203,0.6032550168005871,0.9560555306311025,0.0,178.5151090808034
1378,282.23877431901514,3086.2567796374137,-0.07899197979963347,0.05030875631567978,0.0936520359346029,-0.9142590254587206,0.5822772721722196,1.0839356010949408,4.263256414560601e-14,178.07105519971
1379,263.6700797745747,-588.2442072422515,5.9756094015369085e-06,4.037513859872196e-06,7.211756089080964e-06,0.6916214585112163,0.4673048448926151,0.8346939917917782,2.8367065640910738e-15,181.7189383927489
1380,298.1372873971466,1562.5095484062522,-0.059171139875386476,0.038396098865310514,0.07053711223339988,-0.6848511559651212,0.44439929242257536,0.8164017619606467,3.197442310920451e-14,180.36825840421548
1381,254.64095311507657,-71.24974215470816,-0.054237459944372686,0.04384447888822721,0.06974267266313812,-0.32721172249500846,0.8192608999699513,0.8821881508826362,1.7763568394002505e-15,181.39849844935154
1382,271.3222466811765,888.3235186904191,0.01215106929049024,-0.003899061848005323,0.012761315300425175,0.14063737604734075,-0.045128030648209756,0.14770040856973582,4.618527782440651e-14,180.90004650662624
1383,296.9497980118673,2570.9518317403235,-0.008941855780354876,0.05528525808839518,0.056003719043445054,-0.10349370116151478,0.6398756723193887,0.6481911926324659,1.0658141036401503e-14,179.2311070908847
1384,283.6618323284697,1649.2433607558849,0.006372124284926175,0.03278695462277032,0.033400424568231855,0.07375143848294184,0.3794786414672491,0.38657898805823904,-3.552713678800501e-15,180.12073164350306
1385,298.5347528741684,495.26536372672933,-0.0017720622586442256,0.027622303444750886,0.027679086911283905,-0.020509979845419305,0.3197025861660982,0.32035980221393406,1.4210854715202004e-14,181.3286962845505
1386,295.98067698138715,284.6154496087026,0.02154865649184452,0.01551997378875078,0.02655586908777463,0.24940574643338562,0.17962932625868958,0.30735959592331746,1.7763568394002505e-14,181.48336695762052
1387,299.25416355925057,178.52708482425467,0.010987780229932985,0.017002474763204517,0.020243899388574144,0.12717338229089103,0.1967879023519041,0.23430439107146,3.552713678800501e-15,181.56974794384587
1388,268.3460694260058,-1388.0860353223393,-4.4620728297383176e-06,1.1734186973979696e-05,1.2553933163682357e-05,-0.5164436145530459,1.358123492358761,1.4530015235743468,2.168404344971009e-19,181.71941096630576
1389,267.59461843068834,-1796.9581231786478,-2.433893044432312e-06,7.359552994204285e-06,7.751571171461772e-06,-0.28170058384633245,0.8518001150699405,0.8971725892895572,-4.336808689942018e-18,181.71953154264142
1390,277.4488840292964,-871.2755744660974,-7.72881675227428e-06,9.322607553844736e-06,1.210973244928386e-05,-0.8945389759576711,1.0790055039172148,1.4015894038522985,-1.3010426069826053e-18,181.7194761976309
1391,254.5915523314291,1721.7128654811766,0.10135760459520574,-0.23357547484786315,0.25461906146179003,0.4049064619573799,-0.5749833392510456,0.7032461043981162,-5.684341886080802e-14,179.9099119243351
1392,249.5304737929541,1044.4735962046493,-0.03545531698218409,0.005772949473258547,0.03592222776955722,-0.4103624650715751,0.06681654482938133,0.4157665251106159,-3.552713678800501e-15,180.14667196595425
1393,278.9252172767107,3240.133558066749,-0.10082427847713597,-0.18402195885814773,0.20983235325474686,-0.6631656576510222,-0.24426697105376818,0.7067213330836244,1.1368683772161603e-13,177.60119395087065
1394,286.73233902969685,3366.6552175839524,-0.006363891627809826,-0.020461100093450934,0.021427919490345435,-0.07365615309965061,-0.23681828811864505,0.24800832743455362,-3.552713678800501e-15,177.57137011029846
1395,289.1875246713371,3880.501539491434,-0.2014622971107588,-0.3934213332266023,0.4420038490725402,-0.9286095610248892,-0.6783204373260067,1.1499714485677384,-1.7053025658242404e-13,176.09484617407747
1396,292.8182539562047,3750.487618289294,-0.020664504281298495,-0.03886363570353533,0.04401595071435933,-0.2391725032557696,-0.44981059842054766,0.5094438740087884,7.105427357601002e-15,176.97176830561386
1397,241.88499519956542,572.2522718749996,-0.05015273233089543,0.12296393233698616,0.13279843830418095,-0.5804714390149933,1.42319366130771,1.537018961853946,-1.7763568394002505e-14,179.90145184117088
1398,243.98109448018664,1059.6202955636463,0.2979673148712086,-0.3364040546743264,0.44939093085295473,0.4793659204499734,0.5267415055951178,0.712213661344306,-1.4210854715202004e-13,179.07436153435432
1399,279.95658551848385,1005.686052346838,-0.047046241221740774,0.018385599823736793,0.05051117791115954,-0.5445166808071848,0.21279629425621285,0.5846201147124946,-1.4210854715202004e-14,180.77178944323398
1400,279.46070413576535,684.6663514325397,0.004350853726871546,-0.040240297264024553,0.0404748249168504,0.050357103320272496,-0.4657441812965804,0.46845862172280545,-3.552713678800501e-15,181.08135353562278
1401,284.09524950118634,965.3406053884717,-0.04430760849657846,0.005740084663147345,0.0446778775528356,-0.512819542784473,0.06643616508272392,0.5171050642689305,3.019806626980426e-14,180.82042318507155
1402,260.5618224488751,2094.2577208098055,0.04641865803369867,-0.13928215919527445,0.14681352690997937,0.09072365484017142,-0.3179206069441827,0.33061199897661925,5.684341886080802e-14,179.95895926656223
1403,262.1650563285515,1821.7769205876093,0.020526496046147025,-0.01090549919690547,0.02324364327437064,0.23757518571929423,-0.12622105551973922,0.26902364900891934,-6.394884621840902e-14,180.1005284086255
1404,271.06924561706705,2010.7927771640764,-0.03546514140349553,0.020423230342576454,0.040925353906788246,-0.4104761736515686,0.2363799808168571,0.47367307762486394,1.0658141036401503e-14,179.8188114718539
1405,271.43554686841037,1669.1919216406106,0.005978741430592941,-0.01056478362057412,0.01213919280856185,0.06919839618741828,-0.12227758820108933,0.14049991676576212,7.105427357601002e-15,180.14129111497044
1406,274.7599689775262,1879.6015450937714,-0.04210963766255525,0.027749404650606487,0.050430655781328014,-0.4873800655388339,0.321173664937575,0.5836881456172223,1.7763568394002505e-14,179.8983613830161
1407,279.8157088115524,1409.4978130588458,-0.003961634735393463,0.03297400849464303,0.03321113948634504,-0.04585225388186875,0.3816436168361461,0.38438818849936385,-3.552713678800501e-15,180.36669702023897
1408,278.8146914048773,1767.9056111945877,0.00032419888750103576,0.032133009034239136,0.03213464445910598,0.003752301938669434,0.3719098267851751,0.37192875531372654,-3.197442310920451e-14,179.9908692636726
1409,278.16793669829013,2092.0061711108374,-0.04737092596362969,0.02675210318028543,0.05440293789144409,-0.5482746060605288,0.3096308238458962,0.6296636330028251,1.7763568394002505e-14,179.63061941385763
1410,267.7320051833958,2170.630206851279,-0.03116166778644112,0.023510470437229328,0.03903577537864922,-0.36066745123195737,0.2721119263568209,0.45180295577140295,1.0658141036401503e-14,179.75377010710935
1411,270.23287792467227,2329.650349751261,-0.0422424141602658,0.026685984265366194,0.049965621284026845,-0.48891683055863194,0.30886555862692355,0.5783058018984589,0.0,179.5140291336458
1412,267.93403570512095,1450.9939907720382,-0.005949715071310534,0.034186251065110924,0.034700127828533676,-0.06886244295498303,0.39567420214248744,0.4016218498672879,2.842170943040401e-14,180.3615718362647
1413,271.4962339053146,1311.782788701166,0.013070164584552114,-0.015325513636964749,0.020142010090953504,0.15127505306194575,-0.17737863005746238,0.23312511679344333,3.552713678800501e-15,180.4811441638166
1414,293.3393032188659,324.90559182950665,-0.0523510819832435,0.05434457295869254,0.07545838849908564,-0.605915300731985,0.6289881129478304,0.8733609779986764,9.769962616701378e-15,181.44579748998285
1415,294.4827006737458,34.62408736241514,-0.0011901901026601606,0.024902069785105195,0.024930496025204137,-0.14281325242758247,0.14907816018627185,0.2064459321795131,-7.993605777301127e-15,181.68384517262697
1416,275.26044272152035,1133.7705858871846,-0.039304048131490577,0.023829674094619748,0.04596369836053578,-0.4549079644848446,0.275806413132173,0.5319872495432382,-2.842170943040401e-14,180.64837718027104
1417,277.27982310381134,2399.43886591959,0.0020509891721881145,-0.023419557755271672,0.023509194840252153,0.023738300604029112,-0.2710596962415703,0.27209716250291843,-3.552713678800501e-15,179.25599143842922
1418,275.65214399943693,2665.9529225549154,-0.014018397516022147,-0.012777590145006524,0.01896792763669726,-0.1622499712502563,-0.1478887748264644,0.21953619949881087,-1.0658141036401503e-14,178.89093349201144
1419,272.7767403785903,2488.3873668757474,0.0005350047164922896,-0.01615950236216088,0.016168356336973527,0.006192184218660719,-0.187031277339825,0.18713375390015657,3.552713678800501e-15,179.23338972217394
1420,286.5668311318407,751.3173744042443,-0.014899386788079056,0.0017908615846215922,0.015006628931111014,-0.1724466063435076,0.020727564636823976,0.17368783485082193,-1.7763568394002505e-14,181.037304010134
1421,273.1968161648793,2882.681328688468,-0.05744566870292034,-0.10831701869782887,0.12260742796548457,-0.45765985866355946,-0.13776554236934993,0.4779454894611627,2.842170943040401e-14,178.54751401252025
1422,282.9684533644681,-689.2301005769795,4.931707684123282e-06,1.9072414394577036e-06,5.287656436458908e-06,0.5707995004772318,0.2207455369742713,0.6119972727382997,1.0842021724855044e-18,181.71955323433295
1423,284.1790687438703,-251.70615515378466,2.421357450051799e-06,6.157569713517232e-06,6.6165426529076375e-06,0.2802497048671064,0.7126816798052352,0.7658035477902359,1.7763568394002505e-15,181.71945916491777
1424,265.123143223086,2007.8372205279472,0.0050563081046412,-0.0036086102093955846,0.006211949717473116,0.058522084544458335,-0.04176632186800444,0.07189756617445736,3.552713678800501e-15,179.9481806990505
1425,264.7252368494331,1610.485268498002,-0.01117562201431668,0.03805518438163658,0.03966221861831782,-0.12934747701755414,0.44045352293560847,0.4590534562305302,2.842170943040401e-14,180.23905979764032
1426,270.38630338742547,-1979.3284104459947,8.207949135847644e-06,1.0966325886265103e-06,8.280883530825667e-06,0.9499941129453292,0.12692506812806825,0.9584355938455634,-1.3010426069826053e-18,181.71964357849305
1427,300.44777708742674,-103.56285958529588,-0.011745531991975706,0.026380533501563573,0.028877154804475506,0.37550676722463516,-0.3010384946647336,0.48127903289204815,-1.0871078343077656e-14,181.7198345587486
1428,264.9673202189748,2369.1607816640276,0.024337135840228893,-0.11991980105470536,0.12236443464465427,-0.09598145357073393,-0.2195012099208516,0.239568822233338,8.526512829121202e-14,179.70259532077512
1429,298.297446879822,1215.932071557446,-0.002210476434722664,0.03666211299388177,0.03672869090022974,-0.02558421799447529,0.4243300115032613,0.4251005891230294,6.394884621840902e-14,180.7013909500359
1430,294.7200669558533,946.4860629771816,0.010164604714110397,0.024873354796457452,0.02687011291052883,0.1176458878947962,0.2878860508849243,0.3109966772051949,-6.394884621840902e-14,180.9056517764407
1431,298.38354800087615,842.4016082010388,0.0003152904381737536,0.0329743773797958,0.03297588469845188,0.0036491948862702466,0.38164788634022917,0.38166533215800785,-1.4210854715202004e-14,181.03677212634028
1432,268.9017659636146,2614.6701961295507,-0.031241026388860515,-0.0997579785002057,0.10453542942121097,-0.27573247161877973,-0.16308749810634762,0.3203528179111105,-2.842170943040401e-14,179.22910133097503
1433,266.8667956588315,-1123.8212898262668,-8.163199844597947e-06,1.7720911595489978e-05,1.9510728830005687e-05,-0.944814796828466,2.051031434663192,2.2581862071765846,1.3010426069826053e-18,181.71926457901466
1434,264.37251119278,-900.9839153139831,-8.071928703889525e-06,1.5939669227190738e-05,1.7866983183316846e-05,-0.934251007394621,1.8448691235174464,2.06793786843945,1.734723475976807e-18,181.71909569236024
1435,278.2641223654322,-79.94243134882572,0.024194585624605986,-0.007868516586243409,0.02544192458943266,-0.9636484667364309,0.7266587176755611,1.2069180831429136,-7.105427357601002e-15,181.71917960782417
1436,281.5094348366043,438.2671909153467,-0.02549400889615546,-0.004707809248049889,0.02592504498575225,-0.29506954740920677,-0.054488532963540365,0.3000583910387992,2.4868995751603507e-14,181.31443677901876
1437,243.7189527206573,325.26325271544704,-0.029052374425265825,0.060674438296002955,0.0672713008814406,-0.3362543336257618,0.7022504432407749,0.7786030194611179,-4.618527782440651e-14,180.61891793756266
1438,291.0163926642862,441.08731132216053,-0.04013577448233608,0.051997287533415947,0.06568560195453547,-0.46453442687888985,0.6018204575626845,0.7602500226219383,1.4210854715202004e-14,181.34061311527904
1439,289.60073165651767,196.23242378793157,-0.06522591554718697,0.024980762621972522,0.06984596309124892,-0.7549295780924418,0.28912919701357087,0.8084023505931588,-2.842170943040401e-14,181.55536232236494
1440,294.688247386572,3506.532470475082,-0.0010013444629288356,0.053872343900140014,0.05388164926975038,-0.01158963498760224,0.6235224988442132,0.6236301998813701,0.0,177.6897281539093
1441,288.3055535652486,109.97774703289652,-0.014060803822356494,-0.004462624132604677,0.014751990315876045,0.19658036918576147,-0.29304707401746344,0.3528745232223587,5.329070518200751e-15,181.61874487261818
1442,283.2843204195556,-40.97154863274572,-0.01911238164726428,0.03441592071786457,0.039366721111733755,0.1381130332493288,0.15693608397407868,0.2090553620609844,-7.105427357601002e-15,181.63623126772217
1443,250.6828066828623,38.33334904837138,0.008825138840360224,-0.032558737085355165,0.0337335802449861,0.4026794671431039,-0.06503558120577045,0.4078975117372334,-1.0658141036401503e-14,181.20008787906858
1444,296.4853489876515,2898.541641202506,-0.0697439280877827,0.04235354371522082,0.08159680245175618,-0.8072213899048922,0.49020305225950017,0.944407435784215,1.0658141036401503e-14,178.78245755219734
1445,280.3930715637327,-16.30624032558071,0.005089845588045834,0.026542424114946395,0.027026039406613717,0.05891024986164158,0.3072039828118796,0.3128013820209921,-2.5757174171303632e-14,181.6301728987013
1446,283.07402577331476,255.17655168501486,-0.06583293841615358,0.04891075641181627,0.08201364443360078,-0.7619553057425182,0.5660967177293549,0.9492319957592682,-1.4210854715202004e-14,181.4828591390081
1447,292.3033425021755,723.940872783124,-0.003634247180983786,0.05146056580140294,0.05158873506079607,-0.04206304607620126,0.5956084004792007,0.5970918409814361,4.085620730620576e-14,181.0898724393174
1448,288.19400824483637,572.1321125741166,0.02356186480513151,-0.002432974621709973,0.023687145007475673,0.272706768577911,-0.028159428492013572,0.2741567709198573,-7.105427357601002e-15,181.21606108339853
1449,247.33064348022185,194.06132753439314,0.04283454878265127,-0.006905512527770157,0.043387609667790206,0.4957702405399452,-0.07992491351585827,0.5021714081920162,-1.4210854715202004e-14,180.82131492235436
1450,295.7674810012421,3217.3052194526167,-0.07918901350623908,0.05813294213779273,0.09823613806378625,-0.9165395081740634,0.6728349784466753,1.1369923387012297,-4.263256414560601e-14,178.27065600670497
1451,289.2340169839247,-838.3974142223542,7.790468458605896e-06,-1.2041659711972788e-06,7.88298258850816e-06,0.9016745901164233,-0.13937106148116665,0.9123822440402963,1.951563910473908e-18,181.71976199948728
1452,283.9591476227827,-1167.549262357612,-2.721358286123878e-07,-1.668767570508193e-06,1.690811377296228e-06,-0.03149720238569293,-0.19314439473474457,0.1956957612611375,-1.951563910473908e-18,181.7197126072047
1453,277.74384458437675,-1520.2178397562352,-2.7670846081914678e-06,-1.9134808547565463e-06,3.3642482385237228e-06,-0.3202644222443828,-0.2214676915227484,0.3893805831624679,8.673617379884035e-19,181.71966718553915
1454,294.04206753130495,-503.2791358872957,6.118380049925612e-06,-1.5046736957051508e-06,6.300683880808077e-06,0.7081458391117608,-0.17415204811402216,0.729245819537972,-1.734723475976807e-18,181.7198012703213
1455,293.73516545356074,-252.22989955779204,5.840074539392993e-07,2.532584299652909e-06,2.599047506511776e-06,0.06759345531704851,0.29312318283019784,0.30081568362404815,0.0,181.7197552122843
1456,284.09472498467164,-853.7229767970875,-7.484023520738626e-07,-3.065926563565804e-06,3.1559486329419417e-06,-0.08662064260114151,-0.3548526115238199,0.3652718325164284,8.673617379884035e-19,181.71962604913594
1457,292.1992711897804,-142.9578366155546,-2.4944618722290684e-06,2.037588134375829e-06,3.220885815634221e-06,-0.2887108648413273,0.2358319599972025,0.3727877101428496,-4.440892098500626e-15,181.70451194486492
1458,291.07509784248373,-218.54181734671255,4.235732608976054e-06,-3.096321129531971e-06,5.246773796527656e-06,0.49024682974259887,-0.35837050110323726,0.6072654857092193,2.6645352591003757e-15,181.71959385506293
1459,289.86473284111696,-53.86080425134278,-0.014065288130494642,-0.00445729837967307,0.014754654826164847,-0.32243677643321916,0.3233595152889138,0.4566474032823652,0.0,181.69662173218643
1460,285.2655046613357,467.5667110680634,-0.03418181951573913,-0.010496211452384104,0.035757058607493473,-0.3956229110617954,-0.12148392884703825,0.4138548449941375,0.0,181.30490048485953
1461,233.326466751479,1351.6218780776524,0.11893375476156051,0.32475896527539827,0.345852025508642,0.13765480875180616,0.3758784320317109,0.4002916961905578,-8.526512829121202e-14,45.60667673964489
1462,233.97689262363068,1473.5856028656874,0.1202997834999077,-0.045676461218736135,0.12867935739500477,0.13923586053230058,-0.0528662745587224,0.14893444142940368,-1.1368683772161603e-13,48.04238764753275
1463,235.59801453389957,1842.419763396594,-0.026962139226895842,0.0939413632035294,0.0977340098032816,-0.031206179660759076,0.10872842963371454,0.11311806690194624,-1.4210854715202004e-14,45.29309199812683
1464,296.60438420934156,5299.922025564786,-0.14918643820985134,0.2770442034747091,0.3146586786101375,-0.17266948866880946,0.3206530132809133,0.3641882854283999,4.263256414560601e-13,34.15466199339423
1465,294.653112908392,5527.342627932675,0.025176779511684597,0.0302967345854603,0.039392414918633864,0.0291397911014868,0.035065665029467945,0.0455930728224929,-1.4210854715202004e-13,33.86377333284851
1466,296.0633472823107,5347.423197655534,-0.07309123410525278,-0.013377431540892633,0.07430534420659214,-0.0845963357699685,-0.015483138357514624,0.08600155579466683,-5.115907697472721e-13,35.84729312306332
1467,232.67190740841147,1225.9978762182106,0.12085122119986065,0.004095163902854513,0.12092058564565791,0.13987409861094982,0.004739773035711201,0.1399543815343263,-1.0658141036401503e-13,43.01659391771698
1468,231.0054927514608,854.3374482943575,-0.03870946481417485,0.09139958429253346,0.0992587863871394,-0.04480262131270236,0.10578655589413588,0.11488285461474461,-3.126388037344441e-13,45.60652009327684
1469,298.58972845667324,5071.303474041248,0.022297753530982813,0.01707266911432098,0.02808319503218154,0.025807585105304173,0.019760033697130756,0.03250369795391381,2.2737367544323206e-13,34.254425945962744
1470,297.1540989588198,5249.63824858486,-0.09838859302402879,-0.006463713138345124,0.09860068369328268,-0.1138756863704037,-0.00748114946567724,0.11412116168204015,-3.268496584496461e-13,32.31318386060376
1471,293.30704627253033,5082.137863600133,-0.08276341190338429,-0.47961066534836955,0.48669926306272027,-0.09579098599928738,-0.5551049367457981,0.5633093322485189,2.2737367544323206e-13,89.09840519605501
1472,292.8781536457477,5124.738085917496,-0.14527982023478894,0.04401917364225593,0.15180221940274677,-0.1681479400865613,0.050948117641499986,0.17569701319762362,-1.4210854715202004e-14,86.37191721861186
1473,289.9428736732674,5237.6749694776145,0.028413145903798898,-0.08978154259465361,0.09417023017294884,0.03288558553680428,-0.1039138224475157,0.10899332195943148,-2.842170943040401e-14,89.08756321201562
1474,238.66921860814978,1672.7374173390244,0.14259795594678396,-0.4712496730142841,0.49235193851174247,0.16504393049396288,-0.5454278622850511,0.5698517806848872,-2.842170943040401e-14,105.35045723012425
1475,241.86765644941434,2237.781414709811,-0.05776996372968691,-0.02307497217938136,0.06220790183255311,-0.0668633839463969,-0.026707143726135838,0.07199988638026983,-8.526512829121202e-14,105.22373117333257
1476,239.01824684492033,1763.879901540336,0.11363541001128118,-0.018671334852710903,0.115159129701531,0.1315224652908347,-0.021610341264711706,0.13328602974714235,-2.842170943040401e-14,103.13948745871994
1477,239.2011119385705,1705.9275611646576,0.1425903670910166,0.46385656584156304,0.4852781949165645,0.16503514709608405,0.5368710252795869,0.5616645774497274,-1.1368683772161603e-13,110.17156155815425
1478,240.00996029398283,1815.834920213966,0.13208161330517426,-0.05293818768458237,0.14229548231980402,0.1528722376217295,-0.06127105056085919,0.16469384527755096,-2.7000623958883807e-13,112.473894508205
1479,242.41378260768386,2261.931786430581,-0.03950863639058756,0.12650397721298495,0.13252995359595912,-0.04572758841503189,0.14641664029280668,0.15339114999532308,-1.1368683772161603e-13,109.72851329538281
1480,292.8741056226859,5055.122367051683,-0.21647359463442542,0.5085588787041683,0.552714166891704,-0.2505481419379924,0.5886098133150095,0.6397154709394722,-2.8421709430404007e-13,95.0783929339613
1481,289.47898414815563,5198.8003625556685,0.0644772523337913,0.05511106313653719,0.08482066581060764,0.07462644946040657,0.06378595270432551,0.09817206691042553,1.1368683772161603e-13,94.66641061462497
1482,292.07732503370624,5064.838479972982,-0.10534207426875458,-0.010642067587917916,0.10587826128998161,-0.1219236970703178,-0.012317207856386432,0.12254428390044168,-2.984279490192421e-13,97.9421857399505
1483,293.75559471352744,5039.650992617027,-0.1458291198781149,0.009474164606617099,0.14613655257812427,-0.16878370356263298,0.010965468294695678,0.16913952844690308,4.263256414560601e-13,92.08623826254217
1484,296.66849344696965,4925.317519740934,0.059801396043434235,-0.11872968042971703,0.13293962533303005,0.06921457875397481,-0.13741861160846885,0.15386530709841445,-3.979039320256561e-13,89.23779576985257
1485,235.47912543511438,1107.1009557955676,-0.06309166462183864,-0.026339229191899755,0.06836894864759871,-0.07302275997897993,-0.030485218972106144,0.0791307276013874,8.526512829121202e-14,105.5747523080098
1486,238.30559865067306,1579.571238295476,0.13557583364795042,0.0003238126492724758,0.13557622034843925,0.15691647412957224,0.000374783158880232,0.15691692169958246,2.7000623958883807e-13,107.77672341393664
1487,235.8606190336133,1130.9061563492774,-0.05048871470204193,0.12713983530642045,0.13679783636449774,-0.0584360123866226,0.14715258716020885,0.15833082912557608,-5.684341886080802e-14,110.39756810768178
1488,296.40195692984156,4908.685641073985,0.048959206325644676,0.04184291618906557,0.06440367628670131,0.056665748062088746,0.04842930114475182,0.07454129199849688,-8.526512829121202e-14,95.2272638852267
1489,288.80220959379994,5111.0825573738075,-0.3549225655153331,-0.07590157414878335,0.36294775997414447,-0.4107900063834873,-0.08784904415368446,0.4200784258960005,1.9895196601282805e-13,106.03143965736255
1490,292.25899162120174,4991.130528068297,-0.5262635920737974,0.4737615536754251,0.7080984240085335,-0.6091013797150432,0.5483351315687791,0.8195583611209879,2.2737367544323206e-13,107.04351604865332
1491,292.3842966886799,5008.196931549831,-0.4222739746881725,-0.07656584455831061,0.4291592224942565,-0.4887430262594588,-0.08861787564619283,0.496712063072056,8.526512829121202e-14,104.00828418362735
1492,243.24886289868337,2268.553723599782,0.32240901093735186,-0.29717298432008415,0.43847389083422794,0.37315857747378683,-0.34395021333343073,0.5074929292062823,0.0,118.99585923406852
1493,239.82528105292,1728.51435588457,0.3598954255913623,-0.2978259765397146,0.4671456193345095,0.4165456314714841,-0.3447059913654104,0.5406778001556822,5.684341886080802e-14,117.43433786914495
1494,239.99323715996772,1729.7474496951718,0.1825339384973562,0.2227389994761356,0.2879779515709259,0.2112661325200881,0.257799767912194,0.3333078143182012,3.126388037344441e-13,119.92035912048064
1495,240.28534313092095,2083.630650822515,0.3032912440957545,0.059596880374793305,0.30909119511166594,0.3510315325182343,0.06897787080415889,0.35774443878665035,1.4210854715202004e-14,97.299138247987
1496,237.52102646623538,1575.5322258991607,0.3598641433667901,-0.33355211026638937,0.4906722041692144,0.41650942519304407,-0.38605568317869143,0.5679076437143685,-8.526512829121202e-14,97.04450637279885
1497,237.81823103428056,1603.3100715771059,0.3418039135907873,0.06081988137423402,0.3471728291735318,0.39560638147081867,0.07039338122017824,0.4018204041360322,4.263256414560601e-14,99.00429968033534
1498,291.38235649050245,5272.084284459962,-0.3053847485818619,0.25947126801153064,0.40073081187989346,-0.35345457011789566,0.3003139676059382,0.4638088100461729,1.7053025658242404e-13,79.17906282360252
1499,294.00934218342775,5109.635407286705,-0.32147291185743515,0.2500856047962765,0.4072930674396726,-0.37207512946462407,0.2894509314771719,0.4714040132403618,-1.9895196601282805e-13,81.16656301229901
1500,294.2551731719126,5115.742980337607,-0.12545596064026462,-0.19164166135503888,0.22905397710384998,-0.1452036581484544,-0.2218074784201839,0.26510876979612263,2.2737367544323206e-13,78.70563565817305
1501,291.8326562838454,4979.445010853209,0.09179759365383207,-0.0064055537124246146,0.09202080916291068,0.10624721487712045,-0.007413835315306262,0.10650556616077625,0.0,110.64615348765847
1502,295.4824232641126,4880.782609877397,0.09683559849530479,0.00033664795014246024,0.09683618367008383,0.11207823899919535,0.000389638831183356,0.11207891628481924,0.0,108.48958760840944
1503,240.45198738273442,1773.2912714273823,-0.19985867933059728,0.0854254502003255,0.2173499465049366,-0.23131791589189502,0.09887204884296931,0.25156243808441736,-1.4210854715202004e-14,122.87484641101354
1504,236.9674976717027,1229.4512529194253,-0.19610895898009656,0.1135980394267565,0.2266345921386674,-0.2269779617825192,0.13147921229948664,0.2623085557160502,-5.115907697472721e-13,121.18667139648905
1505,237.38495304733556,1581.9275904200172,-0.07269506743249468,0.0514570744962455,0.08906404069391366,-0.08413780952835033,0.05955679918546929,0.10308338043277042,-1.2789769243681803e-13,94.80210108022897
1506,234.94446790441282,1103.2685330865897,-0.0963935212910589,0.05259168084489902,0.10980708465750989,-0.11156657556835521,0.06087000097789235,0.1270915331684142,0.0,96.4289197774615
1507,294.3204218345523,5134.7008427439605,0.13869319874146702,-0.03177934674773256,0.14228749156848852,0.16052453558040167,-0.03678165132839418,0.16468459672278765,-1.7053025658242404e-13,75.90073536344602
1508,296.9174627638729,4970.38341232177,0.15599212616021174,-0.056548369173901526,0.16592546965493657,0.1805464423150599,-0.06544950135868235,0.1920433676561766,1.4210854715202004e-13,77.7850166734375
1509,259.70135291335015,3025.0541186727046,0.28622361616546493,0.09543314138296498,0.30171417421966834,0.3312773335248436,0.11045502474880206,0.3492062201616531,0.0,175.45897198504488
1510,261.3448867993044,3192.866705872106,0.04679835839212598,0.010665170963605721,0.04799825225860632,0.05416476665755322,0.012343947874543662,0.05555353270672028,1.7053025658242404e-13,175.69436983263301
1511,260.5173038687229,3424.214385471091,0.0009549329244279149,0.09230775451856259,0.09231269382457306,0.0011052464403101053,0.10683767884092894,0.10684339563029291,0.0,174.18074416349785
1512,273.0681603600618,3859.628408406637,-0.35660022439951716,0.19103545635373492,0.404546988155969,-0.41273174120314493,0.22110585226126725,0.46822568073607534,5.684341886080802e-14,173.62104784347574
1513,271.948899991488,4138.016107759936,-0.0227744848942109,0.05583258363119285,0.06029887691434049,-0.02635935751644782,0.06462104586943616,0.06979036679900519,2.5579538487363607e-13,172.29016795663708
1514,271.39993864908405,3821.2575705757395,-0.03744750840198187,-0.004306735202514522,0.03769434776755105,-0.04334202361340498,-0.004984647225132551,0.04362771732355449,-8.526512829121202e-14,174.22066116126385
1515,252.2278259497246,2510.2717849987307,-0.24855237613866532,0.5047156116702874,0.5625976647195481,-0.28767636127160345,0.5841615875813513,0.651154704536514,-2.8421709430404007e-13,171.58494117363287
1516,252.1734716188719,2164.302553164551,-0.16289980541326612,0.5069683410666078,0.5324971788164782,-0.1885414414505395,0.5867689132715368,0.6163161791857387,-4.547473508864641e-13,175.03886584706092
1517,255.0696364632833,2653.3870397052992,-0.10482105474515181,0.006191523739137465,0.10500375461905358,-0.12132066521429614,0.007166115438816526,0.12153212340168244,1.1368683772161603e-13,173.85288893243253
1518,280.42587904680784,4269.83029823195,0.030802499488915492,0.3186528433584301,0.3201381398008941,0.03565104107513364,0.36881116129447933,0.3705302543991831,-4.263256414560601e-13,168.35476632164824
1519,277.66584675539457,4063.390561930868,0.1564494535123536,-0.16866891336644407,0.23005571899114158,0.18107575638003884,-0.19521864972968062,0.2662681932767842,4.547473508864641e-13,171.1662217808717
1520,280.759759829852,3948.0869375142806,-0.15299435060659433,0.33747948940412204,0.37053971053856083,-0.1770767946835583,0.3906012608844005,0.42886540571592685,2.2737367544323206e-13,172.2189280641977
1521,257.2964380596704,3146.4466335895913,0.1901360076333181,0.03832660083050125,0.1939603818565992,0.2200648236496737,0.044359491701969046,0.22449118270439722,-1.9895196601282805e-13,172.48646068786584
1522,257.22792017474194,2799.5935959810854,0.31066675768466206,-0.0939758707128716,0.32456940491448494,0.35956800657946997,-0.10876836888063843,0.37565903346583907,1.1368683772161603e-13,174.85119470941302
1523,275.1759611437484,4262.128874035321,-0.1800205811372102,0.12778142034829246,0.22076118549057913,-0.20835715409399327,0.1478951624401533,0.255510631354837,-2.5579538487363607e-13,169.82669727291488
1524,275.5478471361863,3942.7570383838224,-0.2716506950143923,0.002769036117236279,0.27166480755302286,-0.3144105266370281,0.0032049029134679154,0.31442686059377645,-2.4158453015843406e-13,172.54726166418428
1525,296.77190550492276,5308.217808154752,-0.060865109493098306,-0.28116929116628375,0.28768165017699215,-0.0704457285799749,-0.32542742033134703,0.33296487289003734,-3.979039320256561e-13,30.48413995093654
1526,298.7000637163859,5076.030847993016,0.04117195361753851,-0.07408041675439235,0.08475280473936658,0.047652724094373274,-0.08574122309536154,0.09809352400389652,4.263256414560601e-13,30.57441943516511
1527,233.11203185763708,1335.8416925668748,0.14200334428409306,-0.3269422262229167,0.35644939202566117,0.16435572255103365,-0.37840535442467205,0.4125571666963671,-1.4210854715202004e-13,40.523053884423604
1528,230.85966613230826,842.8384191241993,-0.03338410923717012,-0.019290307910472333,0.0385566431220372,-0.03863901532079875,-0.02232674526675035,0.044625744354209705,8.526512829121202e-14,40.568319290495694
1529,296.4055181670218,5365.273149044716,-0.09201798850187709,0.02215795491774913,0.09464821801845287,-0.10650230150680218,0.025645781154802202,0.10954654863246858,3.410605131648481e-13,28.82761479294542
1530,294.8540821333793,5538.53914200939,0.02474317024464465,-0.06306145637382203,0.06774194973384608,0.02863792852389428,-0.07298779672896073,0.07840503441417374,0.0,30.52269069750806
1531,235.35065189482853,1825.525095126819,-0.030692298202117007,-0.021104199741657583,0.037247878002155434,-0.03552349328948729,-0.02442615710839993,0.043110969909902104,8.526512829121202e-14,40.63287907044914
1532,233.5369456501943,1442.2742239964716,0.09484775929147433,-0.0013283229725442327,0.0948570602777297,0.10977749917994714,-0.0015374108478520972,0.10978826421033529,9.947598300641403e-14,38.27845154919477
1533,258.59635321178064,2601.994963025029,-0.0719154068522879,0.2397842367765566,0.2503363855879641,-0.08323542459755542,0.27752805182471835,0.2897411870231067,-2.2737367544323206e-13,176.85503182444654
1534,274.47630670411365,3593.389566004298,-0.09066339878621112,0.22087069482944935,0.23875450930592135,-0.10493448933589254,0.2556373782748257,0.27633623762259424,1.7053025658242404e-13,174.97058098659446
1535,234.70286539422085,1739.986029485668,0.20930020822571926,0.05587568861042482,0.2166302604462696,0.24224561137236014,0.06467093589169537,0.25072946810910823,5.684341886080802e-14,32.25867108304574
1536,232.64390913789313,1277.1689805643657,0.2772326216715684,-0.24762065853705492,0.3717175231990224,0.32087108989764856,-0.2865979844178877,0.4302286148136833,-2.842170943040401e-14,31.67321561367086
1537,232.76419605297792,1294.257484196467,0.24363949584602368,0.05842758260878359,0.25054737345582134,0.2819901572291941,0.06762451690831434,0.28998538594423773,-1.5631940186722204e-13,33.78200476921475
1538,295.40458458990565,5527.77330729239,-0.1881533897595068,0.15912084717448036,0.24641660269453683,-0.21777012703646617,0.1841676471926856,0.285204401266825,-1.4210854715202004e-13,24.351831272472168
1539,297.0650587913949,5306.631319071754,-0.21182389366751064,0.1545672013588227,0.26222200835239534,-0.2451665435966558,0.1788972237949337,0.3034976948523094,5.684341886080802e-14,25.50263679055137
1540,297.16765168893784,5303.450515748332,-0.09051726063332528,-0.11659931098865756,0.14761020898159793,-0.10476534795523758,-0.13495290623687217,0.17084514928425687,-5.684341886080802e-14,23.928380586938736
1541,232.68230880146777,1296.9649725332506,-0.06015176564393597,0.026643277488137846,0.06578829033644899,-0.0696200991249259,0.030837126722381755,0.07614385455607522,-2.842170943040401e-14,29.243913507870868
1542,230.75207586606905,851.762858968728,-0.06637925534541628,0.026110145832513285,0.07132983426033658,-0.07682784183497254,0.030220076195038515,0.08255767854205621,2.842170943040401e-14,30.717210157855625
1543,297.1345158058487,5318.782689601373,0.0868979012180921,-0.028263566146993425,0.09137874155105642,0.10057627455797698,-0.032712460818279415,0.10576243235075976,-5.684341886080802e-14,22.108037248587998
1544,298.78744341151184,5097.169793801188,0.09375357729458979,-0.042939002747662006,0.10311882084516069,0.10851108483170119,-0.04969791984683102,0.11935048708930639,-2.842170943040401e-14,23.226544021998713
1545,292.3460533527684,5033.769663386065,0.058153819699106386,-0.5417976046762781,0.5449096357916133,0.06730766168878055,-0.6270805609679144,0.6306824488328857,-2.842170943040401e-14,100.66990703225397
1546,295.68350678964623,4906.371530031855,0.09319111518911656,-0.0776935749053905,0.12132961522963269,0.10786008702444046,-0.08992311910346126,0.1404277954046675,1.1368683772161603e-13,101.58179160674732
1547,239.8042890872075,1755.1635732153993,0.07160511156229514,-0.5117749567664223,0.5167600007499827,0.08287628653043419,-0.5923321258870629,0.5981018527198874,1.4210854715202004e-13,114.70462040095535
1548,236.66174333811605,1223.413490663339,-0.11748027547953296,0.025966536524154513,0.12031573523777846,-0.13597254106427428,0.030053861717771444,0.13925432319187322,-2.842170943040401e-14,115.53921199018978
1549,238.3062695709359,1661.6798924396016,0.023434804107547842,0.4508804909178256,0.45148909968443157,0.02712361586521741,0.5218524200437796,0.5225568283384624,-8.526512829121202e-14,101.24762804881836
1550,235.45218329788372,1147.979843954172,-0.0696497426669283,0.087343966192639,0.11171416688956776,-0.08061312808672257,0.10109255346370255,0.12929880427033305,2.5579538487363607e-13,100.929615388119
1551,293.5688193759174,5110.063000274503,-0.14863461361034475,0.5011135039740624,0.5226920625265502,-0.17203080278975086,0.5799924814514612,0.6049676649612851,-1.4210854715202004e-13,83.98569507005647
1552,296.5487467505071,4960.405403406554,0.08358035216297448,0.0010660159143234124,0.08358715007473591,0.0967365187071464,0.0012338147156520792,0.09674438666057399,-2.8421709430404007e-13,83.44787649729957
1553,288.7995063881583,5167.998708309065,0.05376586461813612,-0.06610946949711606,0.0852128520548741,0.062229009974694584,-0.07651558969573624,0.09862598617462284,2.2737367544323206e-13,100.2340880766788
1554,243.1561687355615,2319.8544387859383,-0.094269818860573,-0.03714176291456115,0.10132279753543481,-0.1091085866441817,-0.042988151521482824,0.11727175640675325,1.7053025658242404e-13,114.24388548872051
1555,241.38142391387376,2219.0309995148014,-0.06519989508445412,0.12286703963825957,0.13909470064849153,-0.075462841532933,0.14220722180354112,0.16098923686167999,-8.526512829121202e-14,101.11576003341084
1556,290.3449290638296,5274.353720871712,0.06899788603122319,0.10022048298854062,0.12167519668048218,0.07985866438798979,0.11599592938488497,0.14082777393574325,1.4210854715202004e-13,83.97650622050756
1557,232.31470596485696,1275.140626095976,0.04126632142311352,-0.278159301336158,0.28120367388001044,0.04776194609156657,-0.3219436358057384,0.325467215138901,5.684341886080802e-14,8.193564347640304
1558,230.41203251184447,817.8490333763901,-0.06408434420368218,0.015406183246892803,0.06591019385689026,-0.07417169468018772,0.017831230609829652,0.076284946593623,-2.842170943040401e-14,8.73401621046137
1559,232.2279693303773,1250.8556204547967,0.21256880405109332,-0.17334591895489954,0.2742887239279638,0.24602870839246913,-0.20063185064224476,0.3174638008425506,-4.263256414560601e-14,10.391494651783432
1560,297.4490357094216,5339.5228021512985,0.04205382769739985,-0.26208118515600126,0.26543374321434116,0.04867341168680537,-0.3033347050416681,0.30721498057215413,-5.684341886080802e-14,6.2403555883443715
1561,297.52330846772753,5325.284782617997,-0.1955624133975739,-0.03532863526714169,0.1987278792814997,-0.22634538587682165,-0.040889624151784376,0.23000911953877282,-1.5631940186722204e-13,7.900351043309868
1562,299.0782885668107,5102.623411201097,0.03996481904712472,-0.04215232354710833,0.05808618718671011,0.046255577600838794,-0.04878741151285686,0.06722938331795152,0.0,6.649074605005384
1563,290.7112197805727,4913.223301942353,0.13504576783013972,-0.012097796637901103,0.13558656309651046,0.15630297202562465,-0.014002079442015177,0.156928892472813,-1.9895196601282805e-13,124.77200599831951
1564,294.6037009936231,4840.339934170509,0.1185087218380481,-0.012838388743915562,0.1192021030738458,0.13716287249774087,-0.014859246231383754,0.13796539707621042,-5.684341886080802e-14,122.79692995637073
1565,291.0726241470388,4929.929393652648,-0.5062803573507124,0.45568069513250614,0.6811495402300505,-0.5859726358225837,0.5274082119589192,0.7883675234144102,1.1368683772161603e-13,121.00366069659171
1566,241.70064041490787,1854.9631495295891,-0.19827183971946705,0.08680627988417516,0.21644179969005936,-0.22948129597160535,0.10047023134742498,0.250511342233865,5.684341886080802e-14,134.58637292260534
1567,241.31272535773365,1824.9117092083025,0.24062382185313802,0.21529799509383102,0.32288240945371116,0.2784997938115024,0.24918749432156365,0.37370649242327686,8.526512829121202e-14,131.44607241579143
1568,237.99186129229668,1307.7611368150876,-0.17947983406487955,0.08743745228042506,0.19964548303742888,-0.20773128942694388,0.10120075495419567,0.23107116092295008,0.0,133.01057938494745
1569,236.51309449970367,1531.4680579941792,-0.08918011028622215,0.050308533000256,0.10239160396878541,-0.10321772023868304,0.05822746875029627,0.11850880088979791,-8.526512829121202e-14,86.96779958227931
1570,234.30410192630256,1077.8018939058677,-0.09406474467514946,0.05202357360452329,0.10749245741625926,-0.10887123226290446,0.06021246944967972,0.12441256645400377,-1.4210854715202004e-13,88.36979645219304
1571,236.6961270600338,1537.0010199757942,0.295356830352746,-0.27613610977297315,0.40433501994827536,0.34184818327864125,-0.31960197890390407,0.46798034716235576,1.7053025658242404e-13,88.9519466257133
1572,294.93186057945707,5176.799061371679,0.11514318162553627,-0.02262348585060078,0.11734468197103594,0.13326757132585218,-0.026184590104862075,0.13581560413314347,-2.2737367544323206e-13,66.17466000662932
1573,294.8198512938307,5163.921412169222,-0.14709707485635887,-0.15337491995391433,0.21251215377518265,-0.17025124404671163,-0.17751726846517865,0.24596314094349842,1.1368683772161603e-13,68.5995013331849
1574,297.2472936578133,5005.457057955723,0.12133830713912994,-0.029862742384861914,0.12495906594615078,0.14043785548510412,-0.0345633592417384,0.14462854854878568,2.5579538487363607e-13,67.63483191891524
1575,287.44575281334915,5026.908674300256,-0.31981995389173623,-0.14072391293715455,0.34941096516803266,-0.37016198367099096,-0.16287489923281775,0.40441083931485255,1.4210854715202004e-13,119.43116468734038
1576,291.24689504676957,4948.325754199504,-0.34776259335468485,-0.1385380512592031,0.3743415726091259,-0.4025030015679221,-0.16034496673518878,0.43326570903834,-1.1368683772161603e-13,117.5917345329562
1577,244.72705845394526,2361.262146275006,0.3711477930555823,-0.34195613453217183,0.5046629392319334,0.4295692049254426,-0.3957825631159397,0.5841006241110343,-5.684341886080802e-14,130.05433482461245
1578,241.10387718860986,1819.401439854512,0.3781320836208086,-0.34399226185203774,0.5111893473826455,0.4376528745611212,-0.39813919195837705,0.5916543372484324,0.0,128.61031947011537
1579,233.1039610315521,1357.529734469975,0.0022483017225841243,0.33656070830664003,0.33656821780510265,0.0026022010678057026,0.3895378568363889,0.3895465483855355,2.842170943040401e-14,36.266116224883
1580,231.0025743826069,892.0650290493411,-0.06372889254610258,0.0694138118840137,0.09423188964157479,-0.07376029229872981,0.08034006005094181,0.10906468708515601,-1.4210854715202004e-13,35.63266475022757
1581,296.7750159883826,5330.603563773067,-0.09451269175950688,0.2902754259553711,0.3052744205091538,-0.1093896895364663,0.3359669281890869,0.35332687558929843,2.8421709430404007e-13,27.346247226642983
1582,298.57394747301345,5108.518709890364,0.04434298229181174,-0.001288192261144114,0.04436168975403891,0.0513228961710784,-0.0014909632652131135,0.05134454832643393,-5.684341886080802e-14,26.90477393016041
1583,239.20077799378384,2016.5156579506313,0.2412875650644631,0.0895577216532673,0.25737186047130645,0.2792680151209064,0.10365477043202233,0.29788409776771574,0.0,89.3889098711468
1584,236.96505920481704,1561.18177801102,0.24510695278636255,0.0897673238611347,0.261027950107658,0.28368860276199376,0.10389736558001698,0.3021156829949746,-1.5631940186722204e-13,90.79344940322173
1585,292.26297202036085,5327.596565207816,-0.29734136569130115,0.25410400751862144,0.39112751678728985,-0.3441450991797467,0.29410186055396,0.4526938851704744,-1.4210854715202004e-13,69.34551263164398
1586,294.61200996096755,5158.351505196288,-0.28354602261200934,0.2474924054177174,0.3763652981858687,-0.3281782669120478,0.2864495433075433,0.43560798401142214,2.2737367544323206e-13,70.88922920693307
1587,262.5799346323924,3209.425387334419,-0.25781582382461365,0.08690224038342209,0.2720680032602553,-0.29839794424145094,0.10058129674007187,0.31489352229196216,-2.5579538487363607e-13,176.1734518432923
1588,263.15711307430104,2922.753052896788,-0.10790931327388964,0.22214993371335567,0.24697168449053178,-0.12489503851144633,0.25711797883490245,0.28584685704922663,0.0,177.34183395634605
1589,264.4134011836818,3288.8820547828973,-0.1543215400299243,0.031081931335711088,0.15742053288172222,-0.1786128935531531,0.03597445756448043,0.1821996908353266,2.8421709430404007e-13,176.4340363516278
1590,233.9659634541033,1393.841645691609,-0.02754782708499518,-0.28671962178432064,0.2880399699577277,-0.03188405912615184,-0.33185141410222296,0.3333795948584811,1.4210854715202004e-13,56.32123663692874
1591,231.8903836603825,944.8226446186707,-0.10746272937449107,0.06750993083262306,0.12690874266826796,-0.12437815899825354,0.07813649401923967,0.14688511882901384,1.4210854715202004e-13,57.59356299170741
1592,234.16878259306657,1397.6916094632204,0.23068521618405188,-0.21123469247461452,0.3127870909592142,0.26699677799080085,-0.24448459777154455,0.362022096017609,-1.1368683772161603e-13,59.420829104781966
1593,234.2934259721081,1751.6285340248255,-0.06052348261989559,-0.004706419824899028,0.06070619685014872,-0.07005032710636065,-0.0054472451677071996,0.07026180190989437,-5.684341886080802e-14,7.764987315505236
1594,232.48725886803845,1319.231577128921,0.1771271161054368,-0.0832782901385927,0.1957275884187932,0.20500823623314443,-0.09638690988263042,0.22653656066989952,5.684341886080802e-14,6.118748430714473
1595,297.30127901135364,5363.626434069379,-0.14260817420245905,0.009688837419358,0.1429369263692824,-0.16505575717877205,0.011213932198331078,0.16543625737185463,2.2737367544323206e-13,4.673189534681196
1596,295.75466430417515,5586.809805941134,0.03928785488260638,-0.05010364237008938,0.06367032684089625,0.0454720542622759,-0.05799032681723303,0.07369250791770396,-5.684341886080802e-14,5.916311166596964
1597,228.898884573259,436.00698631528576,0.22253108791860896,-0.19638497805942473,0.29679478549604,0.2575591295354271,-0.22729742830951938,0.3435124832130093,-5.684341886080802e-14,27.339911100335907
1598,230.77336195536157,870.0205344992426,-0.07073532761444305,0.029042428562732227,0.07646534659271476,-0.08186959214634612,0.03361392194760671,0.0885015585563828,1.7053025658242404e-13,26.10504339487872
1599,228.8780485200487,434.23638719179854,0.2123733523437313,-0.1892329435922093,0.2844495521639767,0.24580249113857794,-0.21901961063913114,0.3292240187083064,3.410605131648481e-13,25.152554176962976
1600,300.37406661122844,4896.058345480979,-0.09422265982514776,-0.103544763942863,0.1399979562868999,-0.10905400442725435,-0.11984347678572105,0.16203467162835636,2.5579538487363607e-13,20.697162457114366
1601,300.3918732169352,4896.699048274652,-0.09566817931345985,-0.09937493215748332,0.1379412109358792,-0.11072705939057853,-0.11501728258967975,0.15965417932393425,8.526512829121202e-14,19.04750523551737
1602,298.76897391030127,5112.946720481017,0.07383148703330183,-0.01687804644677846,0.07573610056906963,0.08545310999224746,-0.019534775980067667,0.08765752380679351,1.1368683772161603e-13,19.757544675235707
1603,270.24427397748593,3690.030783579633,0.20586085119616127,-0.06732645950764726,0.21659072511315647,0.2382648740696311,-0.07792414294866581,0.2506837096217089,1.4210854715202004e-13,175.04629010640411
1604,268.60238341427925,3559.6172371078255,0.06903239757617073,-0.05531713543916047,0.08846161533856889,0.07989860830575315,-0.06402446231384314,0.10238612886408435,-8.526512829121202e-14,175.76296612296184
1605,270.1425713951167,3366.6087322481635,-0.04540385501520069,0.16533988381990086,0.17146074545451995,-0.05255075811944523,0.19136560627303337,0.1984499368686573,1.4210854715202004e-13,176.36178002267366
1606,242.0695946504926,1254.188528933958,-0.030138784815205242,-0.5151365970275301,0.5160174996521351,-0.03488285279537635,-0.596222913226308,0.5972424764492303,9.947598300641403e-14,174.21986995064876
1607,244.6598614619414,1731.2141059602086,-0.32819991400606513,0.3320910367484425,0.4669043159387627,-0.3798610115810938,0.38436462586625286,0.5403985138180123,1.1368683772161603e-13,169.54899769468364
1608,238.0051103432974,1002.1118134136027,0.38178668024717904,-0.32331121879771113,0.5002911286587273,0.4418827317675683,-0.3742027995343879,0.5790406581698232,-8.526512829121202e-14,169.83110308675862
1609,290.95135737982423,4304.410523225238,0.287360736983665,-0.6975739169552769,0.7544438764918983,0.33259344558294557,-0.8073772186982372,0.8731989311248823,-5.684341886080802e-14,170.83321916569733
1610,295.00887915702356,4559.14698737972,-0.25316732100430955,-0.2088325219570439,0.3281839646470229,-0.2930177326438768,-0.2417043078206526,0.3798425516747949,-2.842170943040401e-14,165.83049722802656
1611,288.15346700488465,4445.215091810457,0.219604705057325,0.12640784814115705,0.2533873922573744,0.2541721123348669,0.14630537979300592,0.29327244474233155,1.9895196601282805e-13,165.68386739212733
1612,298.101724468348,5104.646396269771,-0.19647446002655478,0.1770889723046933,0.2645046645234422,-0.227400995401105,0.20496408831561727,0.3061396580132433,2.842170943040401e-14,38.22597604459302
1613,296.3004281921679,5307.709113101723,-0.20811232783658534,-0.09231343272999125,0.22766754459069696,-0.24087074981086265,-0.10684425084489726,0.26350410253552886,2.5579538487363607e-13,37.40587281631305
1614,296.31822239773294,5288.027865281637,-0.13928988281110058,-0.09546482169167832,0.16886445343574846,-0.16121514214247748,-0.11049169177277583,0.19544496925433846,-3.410605131648481e-13,39.519545742898984
1615,231.6504921819998,959.0121392396538,0.10512463042965396,0.17224053248961854,0.20178698906341477,0.12167202596024759,0.19935246815928073,0.23354975586043375,-1.1368683772161603e-13,51.30292392118041
1616,233.78544536050225,1386.9977821828006,0.19061342998039163,-0.1584937738634887,0.24789868100169546,0.22061739581063844,-0.18344186789755632,0.2869197696778882,1.4210854715202004e-13,53.43855472383164
1617,233.7312771911114,1403.9704607851766,0.2542729280430242,-0.21892842343570937,0.3355359541444377,0.29429737042016685,-0.25338937897651553,0.3883517987782844,-1.1368683772161603e-13,50.2831592567651
1618,249.7402908209712,2366.8805081075975,0.0007118071216691914,0.7608173060440263,0.7608176390209864,0.0008238508352652695,0.8805755856991045,0.8805759710891047,-5.684341886080802e-14,169.0138336043047
1619,247.55301757186245,2231.9417626118375,0.4819212656346672,0.197860683465447,0.5209577298901834,0.5577792426327167,0.22900542067760069,0.6029603355210457,-1.1368683772161603e-13,165.71454494311365
1620,282.8726762439153,4434.341358456125,-0.3807783517586444,0.8154909746184676,0.9000098237531678,-0.4407156849058384,0.9438552946973008,1.0416780367513518,5.684341886080802e-14,165.2816004709708
1621,285.03707484755637,4570.946936580572,-0.6540885828454065,0.480955477017364,0.8118805608472913,-0.7570469708858872,0.5566614317330603,0.9396765750547355,1.7053025658242404e-13,161.41139685054412
1622,229.46940536998176,478.3252224421112,0.15834450022077154,0.15086017776291236,0.21870476443100967,0.18326909747774486,0.174606687225593,0.2531305143877427,-1.9895196601282805e-13,55.578459835684725
1623,229.80524989726263,490.4759704447412,0.1401758697289072,0.12596904890557434,0.1884608068974304,0.162240589964013,0.1457975103073777,0.21812593390906296,-2.5579538487363607e-13,58.94329475432498
1624,296.2554800678105,5278.942574656541,0.14271318429457674,-0.31912373577283754,0.3495811947246443,0.16517729663724162,-0.3693561756630064,0.4046078642646346,8.526512829121202e-14,41.37911343343554
1625,296.2063915675849,5267.522618085309,-0.16296719968369036,-0.0925257530623324,0.18740150253531992,-0.1886194440783453,-0.10708999197029212,0.2168998871936573,-2.2737367544323206e-13,43.31073079819207
1626,298.1371812218409,5077.710457283226,0.07607850874366485,-0.025227386595844583,0.08015210868789473,0.08805382956442692,-0.02919836411556084,0.09276864431469296,-2.842170943040401e-14,42.2731817510484
1627,297.42342014449775,5331.085054069783,0.046878614131936704,-0.010795461031380732,0.048105575995003695,0.05425765524529711,-0.01249474656409807,0.055677749994217235,-4.547473508864641e-13,10.973012201260888
1628,299.04579705327177,5101.963555585474,0.05130045586912211,-0.007754414942729313,0.05188321234738428,0.05937552762629874,-0.008975017294825577,0.06005001429095403,5.684341886080802e-14,9.997024080475697
1629,297.54621460463324,5318.507173901438,-0.2390705983977513,0.21432483818449052,0.32107613938296153,-0.2767020814788788,0.24806115530612333,0.3716159020636129,-5.684341886080802e-14,9.286621591992272
1630,232.34462363416384,1270.1681518272862,-0.09343320067879274,0.03373804971518616,0.09933790307666017,-0.10814027856341753,0.03904866865183583,0.11497442485724557,-5.684341886080802e-14,14.4609615074955
1631,232.20121993663724,1240.9795066234956,0.11395693984858177,0.11813166340134883,0.16413797256461668,0.13189460630622893,0.1367264622700797,0.1899745052831212,-2.842170943040401e-14,12.22724206062708
1632,230.44997838469288,821.5844706706132,-0.10291144704226193,0.05749467403294183,0.11788300757312954,-0.11911047111372909,0.0665447616122012,0.13643866617260364,-1.4210854715202004e-13,13.16674289525178
1633,291.47598139740126,4965.807619789663,0.261971012371107,-0.5788970665258474,0.6354137431272431,0.30320719024433684,-0.6700197529234344,0.7354325730639386,2.8421709430404007e-13,114.1164025234041
1634,295.0038901812046,4862.65307602915,0.1205014277501457,-0.03274351979872985,0.12487086200804974,0.13946924508118713,-0.037897592359641026,0.14452646065746497,-1.7053025658242404e-13,115.56208316870067
1635,240.8396804108184,1806.1024382276198,-0.05900353469615501,-0.44969805896325693,0.45355237993197794,-0.06829112812054978,-0.5204838645408068,0.5249448841805302,-1.1368683772161603e-13,125.73357716858419
1636,237.5226383455165,1275.8229614896813,-0.17518955837490635,0.05070858402334923,0.18238076065541506,-0.202765692563549,0.05869049076776527,0.2110888433511748,0.0,127.00744515263388
1637,271.6422659478591,3136.913321406701,-0.17098097270001614,0.05676293144831717,0.1801569410598715,-0.19789464432872242,0.06569783732444119,0.208514978078555,-1.9895196601282805e-13,177.29287468671922
1638,269.60508797714334,2981.8338407063306,-0.15932973261847078,0.06870388386309471,0.1735113464709066,-0.18440941275285969,0.07951838410080408,0.20082331767466044,1.1368683772161603e-13,177.86995336316485
1639,237.21587091699843,1579.9736377460524,-0.13235507443984065,0.42968406565783246,0.44960678599218257,-0.1531887435646304,0.497319520437306,0.520378224527989,4.547473508864641e-13,92.74930627505887
1640,234.6533367180353,1096.8470840219202,-0.07900785779203288,0.05417799116885567,0.09579925010133793,-0.09144427985188992,0.06270600829728665,0.11087876169136335,2.8421709430404007e-13,92.25155627149397
1641,294.4237166740203,5149.743212983246,-0.021472469115415217,0.39032130566603135,0.3909114843372447,-0.02485239480950835,0.45176077044679547,0.4524438476125517,-1.4210854715202004e-13,73.3333295770301
1642,297.05506797506143,4990.715114465101,0.11115843749264574,-0.009435639000687198,0.11155818889332024,0.1286555989498215,-0.010920878473017594,0.12911827418208366,2.8421709430404007e-13,72.52119907026386
1643,232.69430911438764,1309.2955203020053,-0.13942525096559294,0.3229227520660677,0.3517364132539331,-0.16137181824721403,0.37375318526165235,0.4071023301550151,-2.842170943040401e-14,27.050698756260438
1644,232.6379151212333,1305.3061057260124,0.15495507066787,0.09107832361126043,0.17973963101531634,0.17934614660633103,0.10541472640192176,0.2080319803418013,0.0,24.86475503295985
1645,297.12412003526777,5329.71572175592,0.0009025798965558999,0.23283064053400596,0.23283238997601935,0.0010446526580508095,0.2694799080254699,0.269481932842615,-5.684341886080801e-13,20.461114580294776
1646,297.1723454915459,5332.254560825244,-0.1834691706572215,0.15893231674748196,0.2427352835670385,-0.2123485771495619,0.18394944067995592,0.28094361523962785,-2.8421709430404007e-13,18.817268999935575
1647,300.06106398881866,4882.56398450104,-0.21950264439152486,0.19881648723403106,0.29615773920489036,-0.2540539865642649,0.23011167503938781,0.3427751611167713,8.526512829121202e-14,41.26810192683339
1648,300.0780891355007,4875.269519496845,-0.22674262783925545,0.20035987986295442,0.30258271718349783,-0.26243359703617536,0.23189800910064168,0.35021147822164106,1.7053025658242404e-13,43.19351943647381
1649,235.29036405046662,1843.9547950894384,-0.04571621807349885,0.08222306820216162,0.09407765696232566,-0.05291228943691997,0.09516558819694629,0.10888617703972876,1.1368683772161603e-13,36.356305653058335
1650,294.90246820673184,5563.750094437008,0.04130331065665988,0.045620234441343464,0.06153998100165204,0.04780475770446745,0.05280119727007345,0.07122682986302319,1.1368683772161603e-13,27.389020583070185
1651,261.7957228626868,2522.003527837847,0.10656623453360314,-0.007148776042580547,0.1068057458266075,0.12334054922870732,-0.00827404634557931,0.12361776137338829,1.7053025658242404e-13,178.47587983622884
1652,264.0767017864291,2629.384967327386,0.0999549002816392,0.0049166931104786685,0.10007575111611736,0.11568854199263794,0.005690617026016997,0.11582841564365433,-3.979039320256561e-13,178.5950387459231
1653,236.04790708723493,1897.581469999185,-0.057784541725556374,-0.04179685290752915,0.07131640887906648,-0.06688025662680137,-0.048375987161492086,0.08254213990632699,-8.526512829121202e-14,49.96506239836745
1654,295.91203949039266,5555.099416024111,-0.161417820735914,-0.0347060817026174,0.16510670779311307,-0.18682618140730786,-0.04016907604469608,0.19109572661239935,-1.9895196601282805e-13,8.866729136762423
1655,234.10964116757725,1698.6297606857588,0.20308527586051145,-0.18549346913370215,0.27504809827118554,0.23505240261633267,-0.21469151520104415,0.31834270633239065,-5.684341886080802e-14,11.672073983431872
1656,290.325761498203,4896.289880401249,0.3353943058280351,-0.6331635712188741,0.716509210199358,0.38818785396763317,-0.7328282074292525,0.8292930673603681,3.126388037344441e-13,128.52808839229698
1657,289.9968690390325,4876.554824758051,-0.31482290337960395,-0.19574177610234406,0.37071323607886414,-0.3643783603930602,-0.22655298159993528,0.4290662454616484,5.684341886080802e-14,132.40442090338956
1658,294.1137236348994,4816.398721552383,0.15265201440214685,-0.022071375980713657,0.15423936961332302,0.17668057222470693,-0.025545574051751927,0.178517788904309,-3.126388037344441e-13,130.45255305448435
1659,242.10881685308271,1887.552534547217,-0.07144498739558043,-0.4822901957883603,0.4875532988069402,-0.08269095763377365,-0.558206245125417,0.5642977995450698,-2.5579538487363607e-13,137.7284606420403
1660,238.53855127464516,1348.5079662733551,-0.1934054895392111,0.07556040598126454,0.20764165847911015,-0.22384894622593876,0.08745417358942652,0.24032599361008117,0.0,139.4121820181863
1661,242.46265417496002,1910.419817238467,0.4169168443352936,-0.3804605735548483,0.5644199705185702,0.4825426439065898,-0.4403478860588522,0.6532638547668635,-1.7053025658242404e-13,140.98532043244506
1662,236.35032211797878,1528.770032500249,-0.1532065768310654,0.40321133482143395,0.43133703262388173,-0.1773224268878072,0.4666797856729559,0.4992326766480113,2.842170943040401e-14,85.04305952284366
1663,236.14161309831738,1516.6103378341472,0.19444225275818092,0.10628548978171197,0.22159511500891602,0.22504890365530197,0.12301561317327779,0.25647582755661574,0.0,83.10386193014064
1664,233.9866540670293,1064.7451654309718,-0.08809171778768969,0.047844565153672435,0.10024596329793022,-0.10195800669871491,0.055375654113046825,0.11602542048371552,0.0,84.54173348199502
1665,295.02438631064786,5190.03163811771,-0.01508419838061722,0.3558540539317247,0.3561736103930619,-0.01745856294052919,0.41186811797653317,0.41223797499196974,2.842170943040401e-14,63.8674385728206
1666,297.3983830934711,5021.637056679387,0.10085214280367082,-0.01620193452265734,0.10214527590823026,0.11672701713387827,-0.018752239030853397,0.11822369896785911,2.8421709430404007e-13,62.92935795383242
1667,295.16234760737956,5199.504171193012,-0.26428784535225136,0.23090312671242924,0.3509477441536157,-0.3058887098984391,0.26724898925049684,0.4061895186963145,0.0,61.59601996137219
1668,294.29676551376895,5531.860493516771,0.046591841894151345,-0.053714863296344215,0.07110616196951249,0.05392574293304554,-0.06216998066706505,0.08229879857582463,5.684341886080802e-14,37.09860544419125
1669,288.1575596691787,5070.228156657111,0.08570340144199175,0.014411236525220918,0.08690659789056901,0.0991937516689719,0.0166796719041909,0.10058634015112151,-1.7053025658242404e-13,112.54197771823044
1670,243.95782600057447,2312.164775736407,-0.18385396859971911,0.0972080606127368,0.2079704037067679,-0.2127939451385638,0.11250932941288985,0.24070648577172213,1.4210854715202004e-13,124.3490303646158
1671,239.72620409876365,2048.1048668430467,-0.08743160771128039,0.06393356180464675,0.1083133710675086,-0.10119399040657452,0.07399717801463744,0.12536269799480163,-1.4210854715202004e-13,93.2930019336884
1672,291.8429106169408,5300.187353575648,0.13079939664965243,-0.01708518282383874,0.1319105213242564,0.15138819056672734,-0.0197745171572208,0.15267421449566712,8.526512829121202e-14,74.17632193485531
1673,231.32355470706372,1040.1929795041715,0.18812646890950063,0.19919011055113137,0.2739858909610662,0.21773896864525535,0.23054410943417983,0.3171132997234562,2.842170943040401e-14,4.810822281924123
1674,230.78376722278617,911.0854514984583,0.1531679741584206,-0.005631732099471252,0.15327147390899198,0.17727774786854233,-0.006518208448462092,0.1773975392465185,-4.263256414560601e-14,3.006361904491118
1675,229.96598967403946,713.4638109602143,-0.05499527095926447,0.07787329604654915,0.0953348313316618,-0.06365193398063018,0.09013112968350599,0.11034123996720119,5.684341886080802e-14,4.731462726020969
1676,298.2977548675939,5219.38306951934,-0.24871956563978034,0.23949336533279034,0.3452803127467107,-0.2878698676386347,0.2771913950611,0.3996299916049894,-1.1368683772161603e-13,3.6853799128309688
1677,299.4602331875259,5049.9046061997615,-0.011422961042580582,0.004447463577831449,0.0122582205583213,-0.013221019725209024,0.005147527289156782,0.014187755275834858,1.7053025658242404e-13,3.625605253220831
1678,298.7599729989377,5152.80069192964,-0.14733369677308017,-0.007841553672583624,0.1475422250368414,-0.17052511200587986,-0.009075872306231034,0.1707664641630109,-1.7053025658242404e-13,2.3223118113439725
1679,231.80996068076857,614.0986482237469,0.26266074523762234,-0.23748866967514182,0.3541066722230065,0.304005492173174,-0.2748711454573401,0.4098456854432946,1.7053025658242404e-13,85.92575922369767
1680,231.67192702526677,606.3490962812022,0.2512816185326819,-0.23199316815665338,0.34199895012085274,0.29083520663504847,-0.26851061129242293,0.3958321181954314,-2.5579538487363607e-13,84.07685653765725
1681,299.67002098554553,4848.5664112418135,-0.14658968603126873,-0.1396495103756474,0.20246116121099375,-0.16966398846211658,-0.1616313777495919,0.23433004769790944,8.526512829121202e-14,64.23886551633345
1682,299.7126387199971,4852.089506030834,-0.14029304515313198,-0.13759718514875177,0.19650731253365256,-0.16237620966797683,-0.15925600132957374,0.2274390191361719,-2.2737367544323206e-13,61.95780025021493
1683,298.09248131571775,4750.028100563597,-0.4696859918564624,0.4271196350739078,0.6348512531387625,-0.5436180461301648,0.4943514294836896,0.7347815429846788,7.673861546209082e-13,128.45425467420392
1684,297.9725586572631,4743.33276048507,-0.48913049801235914,0.4273769311483393,0.6495380553621095,-0.5661232615883788,0.4946492258661335,0.7517801566691084,-5.115907697472721e-13,132.34531934862653
1685,234.74969247772907,797.4380770749905,0.2328281028620025,0.23330499359268653,0.3296060459360579,0.26947697090509554,0.27002892776931314,0.38148847909265965,5.684341886080802e-14,137.79618862556617
1686,234.899089596382,807.5482910850393,0.2636474654027369,0.22045591263265257,0.34367251188883746,0.3051475294013159,0.2551573062877923,0.39776911098245077,-1.9895196601282805e-13,141.060585037865
1687,227.0,0.0,0.5033725629304295,-0.11629008375599958,0.5166307392046341,0.5826071330213305,-0.13459500434722174,0.597952244449808,-3.3013252685582586,53.360894577566306
1688,229.31621919347538,468.76640502811307,0.15277060295952977,0.1273649314990759,0.19889867496889613,0.1768178274994557,0.14741311516096747,0.23020679973251862,-2.7000623958883807e-13,52.54334210545133
1689,300.00836482568866,4900.067162969074,-0.197653059063606,0.17072992043579974,0.26118085207230607,-0.2287651146569514,0.19760407457847187,0.3022926528614654,-1.4210854715202004e-13,37.167888646738064
1690,300.0943997886431,4884.644138410085,-0.21005254605606719,0.17747393205340975,0.2749892155396908,-0.24311637275007775,0.20540964358033537,0.3182745550227903,2.842170943040401e-14,39.2849958123385
1691,302.0,4680.0,-0.4472530193973523,0.12501517534358608,0.4643964442437474,-0.5176539576358243,0.1446934899810024,0.5374958845413742,2.6660811735973766,40.17145593001003
1692,248.38837710275493,1648.480553955127,0.38442550703792827,-0.08415759833562604,0.3935295056523574,0.44493692944204666,-0.09740462770327087,0.45547396487541375,4.547473508864641e-13,176.39739550702265
1693,284.681873536235,3913.1947313852697,-0.49681916992781416,0.010335855567725706,0.49692667217415404,-0.5750221874164517,0.011962795795978838,0.5751466113126784,2.984279490192421e-13,173.4326735017076
1694,229.3671480279637,492.2971366725525,0.15719842838694684,0.11059319412442493,0.1922035391816935,0.18194262544785514,0.12800138208845477,0.2224577999788119,1.7053025658242404e-13,49.51658913993288
1695,299.9609844712432,4869.302474740802,-0.2407477774533341,0.22029662394774413,0.326328201158732,-0.27864326094135894,0.2549729443839632,0.377694677267051,1.4210854715202004e-13,49.11737888312175
1696,297.8935270791911,5055.740974712143,0.08666485350700177,-0.015176681243314222,0.08798368307221086,0.1003065434108817,-0.017565603290872953,0.10183296651876259,-2.2737367544323206e-13,50.11715708770207
1697,299.9295925981185,4866.254419357989,-0.24371194048980496,0.21668371485168395,0.32610940222451745,-0.2820740051965336,0.25079133663389347,0.3774414377598583,0.0,51.11646155468862
1698,230.76340153389134,551.3732994468008,0.14454848869027925,0.11998939470716168,0.18786090712235695,0.16730149153967508,0.1388766142444001,0.21743160546569096,5.684341886080802e-14,69.41793422853276
1699,230.92466122083056,560.3467014148988,0.15755609646175725,0.11583671102849442,0.19555579038771898,0.18235659312703387,0.1340702673940908,0.22633772035615626,-1.9895196601282805e-13,72.97472634826705
1700,232.92426989440105,1001.659326377677,-0.10096141881602975,0.045546253561434734,0.11075951111678073,-0.11685349400003446,0.05271557125166054,0.12819387860738513,-1.9895196601282805e-13,70.68563300772776
1701,295.90540038866374,5246.755710119437,0.179613282698241,-0.3364824298787545,0.3814201842309203,0.20788574386370484,-0.38944725680411396,0.44145854656356515,1.9895196601282805e-13,49.08116716826162
1702,295.798873594508,5239.019235664285,-0.15459793125259524,-0.1086671199108128,0.18896841878285678,-0.17893279080161487,-0.12577212952640368,0.21871344766534345,1.7053025658242404e-13,51.07854699151107
1703,234.89824842412077,1439.9094275220896,-0.04019480872347301,-0.2736723858559114,0.2766083827876217,-0.04652176935587154,-0.31675044659249013,0.320148591189377,-1.1368683772161603e-13,68.67861379243375
1704,235.10932983844276,1451.9917052788728,0.23456612673572338,-0.21787083294997664,0.32013898179090294,0.271488572610791,-0.25216531591432484,0.3705312289246562,-5.684341886080802e-14,71.6847937608992
1705,297.3630237302756,5334.365947029801,0.12943149243834978,-0.2600665315754405,0.29049459905564196,0.14980496809994184,-0.3010029300641673,0.3362206007588449,1.1368683772161603e-13,12.504124637224184
1706,297.3155177463148,5334.837310590196,-0.11782332657318748,-0.08325119933548915,0.1442674546651785,-0.13636959094118925,-0.09635555478644578,0.16697622067728998,2.8421709430404007e-13,14.097376674569633
1707,298.893704750677,5116.148987343905,0.06167579147820499,-0.0165140239901623,0.06384838480972467,0.07138401791458909,-0.019113453692317466,0.07389859352977389,-8.526512829121202e-14,13.280243296175351
1708,232.41515903253148,1281.6191898917584,-0.015086216541546668,-0.2512368651757972,0.2516894045304651,-0.017460898774938276,-0.29078340876828385,0.2913071811695199,-5.684341886080802e-14,16.489542733447678
1709,230.62760097421824,856.3441116981288,-0.08412011737450127,0.03131727416664385,0.08976060276272997,-0.09736124696122832,0.0362468451002822,0.10388958653093747,8.526512829121202e-14,17.515405405708425
1710,232.47064378067986,1288.5171751392181,0.2094136485023956,-0.18738058610482292,0.28100811416767285,0.2423769079888838,-0.2168756783620636,0.32524087287925096,-1.7053025658242404e-13,18.6012168517967
1711,227.0,0.0,0.5122282137852636,-0.1498335585053015,0.5336926439927792,0.5928567289181292,-0.17341847049224712,0.617699819436087,-3.0500846871458123,47.97091849002115
1712,229.3097807311098,488.71741734886933,0.168538051709119,-0.14829363890599948,0.2244907085246261,0.19506718947814702,-0.17163615614120314,0.2598272089405395,-4.263256414560601e-14,46.84101423751768
1713,227.0,0.0,0.4665774618691481,-0.12736347263194323,0.48364861426982725,0.5400202104966991,-0.1474114266573417,0.5597784887382259,-2.840160355893829,38.022210533630044
1714,229.1787243279734,478.14004965811597,0.12791999086688133,0.07770923581658372,0.14967380998217564,0.14805554498481632,0.08994124515808302,0.17323357636825884,-1.4210854715202004e-14,39.31942478033858
1715,229.14823359736488,476.2374280681434,0.19214058250379135,-0.1658960095312532,0.25384934394890585,0.22238493345346216,-0.1920092702908023,0.2938071110519743,6.679101716144942e-13,36.89213426476056
1716,302.0,4680.0,-0.4041325966324596,0.11122912706108332,0.4191599627441353,-0.4677460609171986,0.12873741557995755,0.4851388457686751,2.429800659589773,28.776384772041848
1717,300.16164223197734,4907.474126867188,-0.11859298802569859,-0.07507109610281966,0.1403565683498363,-0.13726040280752153,-0.08688784271159682,0.16244973188638462,8.526512829121202e-14,27.878704614262745
1718,300.13660035992893,4905.911514051367,-0.1366648599466827,0.12398343427702825,0.18452418789788122,-0.15817692123458646,0.14349934522804197,0.21356966191884402,-3.126388037344441e-13,29.69345672135438
1719,302.0,4680.0,-0.4224540454124299,0.11152715210836603,0.4369275982845785,-0.4889514414495717,0.1290823519772755,0.5057032387552992,2.5784156778246086,36.25320994952051
1720,300.04018710994256,4902.052873506518,-0.11477016090321202,-0.06314932919402984,0.13099628854057327,-0.13283583437871763,-0.07308950138197898,0.1516160746997376,-2.842170943040401e-14,35.24558330243548
1721,227.0,0.0,0.4500106238432398,-0.12713617618154083,0.46762503019603824,0.5208456294481942,-0.14714835206196855,0.5412326738380072,-2.7034236123924984,28.643816589876877
1722,228.91925309727895,437.2779822141302,0.1476136748659788,0.09696221378828614,0.17661106395173606,0.17084916072451248,0.11222478447718302,0.20441095364784265,8.526512829121202e-14,29.63254252122601
1723,302.0,4680.0,-0.3437463262890398,0.06531688841930353,0.34989688874008407,-0.3978545443160183,0.07559825048530501,0.40497325085657876,2.314769928512561,21.693120947355375
1724,300.35669454632813,4894.9743286312005,-0.16029589088539598,0.13148848643725286,0.20732581773696782,-0.18552765148772685,0.15218574819126487,0.23996043719556462,-1.4210854715202004e-13,22.425030545128415
1725,294.234447886134,5456.594036402523,-0.15295865913198753,-0.09189467146823484,0.1784404159592506,-0.17703548510646702,-0.10635957345860513,0.20652825921209553,-4.547473508864641e-13,44.250038887249815
1726,296.1476770455692,5257.3292665664685,-0.2444472013852024,0.2202680121412364,0.32904776467514496,-0.2829250016032435,0.25493982886717176,0.3808423202258622,0.0,45.185572703481895
1727,236.38963609684765,1848.3426480537726,0.2317890587471573,-0.20931080287563325,0.31230942982134774,0.2682743735499506,-0.24225787369864957,0.36146924747841175,-2.842170943040401e-14,60.95240424305654
1728,234.38474179910966,1403.734421930162,0.16284629537974588,0.11961738946888958,0.20205750612699214,0.18847950854137258,0.13844605262602963,0.2338628543136483,8.526512829121202e-14,62.47800846268604
1729,231.95690564135438,623.2680137643016,0.19266125180531934,0.11959314059688696,0.22676171904671089,0.22298755995986033,0.13841798680195253,0.2624556933411006,0.0,87.79063880067699
1730,231.395966225949,590.9164845690608,0.17231477351429245,0.11813000957975972,0.20891883671559158,0.1994383952711718,0.13672454812472193,0.24180420916156434,-1.4210854715202004e-13,80.6968040109027
1731,231.2454624720662,581.5250503267748,0.23790154686198808,-0.2187391373775532,0.3231779018126128,0.2753490125717455,-0.25317029789068657,0.3740484974683019,-8.526512829121202e-14,79.50390612318984
1732,233.75427340845025,745.706571865388,0.2088095539458565,0.15399015880027297,0.2594501856357032,0.24167772447437091,0.17822935046327892,0.3002895667079898,2.842170943040401e-14,114.31383893600531
1733,233.61611148545265,737.085267870338,0.23217236374835462,-0.2030974854128307,0.3084681427141436,0.26871801359763264,-0.23506653404262812,0.35702331332655507,1.8474111129762605e-13,111.76471849506696
1734,234.18067758490693,759.2728843165656,0.19148754291155234,0.21678730563841475,0.28924767064968226,0.22162910059207447,0.2509112333777948,0.33477739658528033,-1.1368683772161603e-13,125.52681697223451
1735,234.0465942121371,750.9060818557288,0.3114232869408044,-0.2554467481217605,0.40278717056901997,0.36044361914444956,-0.29565595847425985,0.4661888548252546,7.105427357601002e-14,122.65936002193247
1736,234.6111112627853,788.7906092624992,0.37358061066022075,-0.32391443578068835,0.49445225691504846,0.43238496604192217,-0.37490096733875966,0.5722827047627876,-2.8421709430404007e-13,134.5658355619231
1737,298.80725066859685,4805.012352897965,-0.20222820035542238,-0.11584933015795612,0.23306074812597677,-0.2340604170780351,-0.13408487286800477,0.26974623625691746,0.0,96.83370303750142
1738,298.72654007899513,4799.9760121068175,-0.32840208744373456,0.29131819962005656,0.4389922829245104,-0.3800950086154335,0.3371738421528432,0.5080929200515166,-1.4210854715202004e-13,99.98021768755913
1739,298.19763590859026,4756.589747158841,-0.3034807464226657,-0.18471315227026716,0.35527385503422176,-0.3512508639151224,-0.21378837068317955,0.4111965914747937,2.842170943040401e-14,124.58851679071266
1740,298.6012593621864,4779.117187216793,-0.27524547809953065,-0.15562866203505804,0.3161967009016089,-0.3185711552077901,-0.18012576624428014,0.36596840382130663,-2.8421709430404007e-13,110.19951679438208
1741,298.51270512748135,4773.5914029711985,-0.4217530675619647,0.38378268302949237,0.5702322314559595,-0.4881401244930146,0.44419292017302353,0.6599910086295826,-2.8421709430404007e-13,113.68485629480935
1742,299.61831162908373,4845.339747398597,-0.25633090170196304,0.22516722154447344,0.3411829550628217,-0.29667928437727215,0.26061021012091834,0.39488767947085857,3.126388037344441e-13,66.61516420299324
1743,299.8386449758831,4861.739638561263,-0.15044701772789223,-0.12006506675971354,0.19248357176453057,-0.17412849274061604,-0.13896419763855736,0.22278191176450302,8.526512829121202e-14,55.30414734939258
1744,299.79381841785107,4858.942461340065,-0.24869645719451297,0.22450281257500845,0.3350394613701371,-0.28784312175290855,0.2598412182581117,0.3877771543635847,-1.1368683772161603e-13,57.490641175698045
1745,299.4752266137083,4833.664181552265,-0.14581258136067377,-0.15819372048877448,0.21514312000420466,-0.168764561760039,-0.1830945838990445,0.2490082407456072,1.7053025658242404e-13,73.99491950323755
1746,299.4160883147299,4829.9739516960135,-0.26114456054999,0.21679420175177505,0.3394056679226744,-0.30225064878471064,0.2509192149904804,0.39283063416976205,-1.4210854715202004e-13,76.59095747131063
1747,299.104849696205,4823.582532218869,-0.19392208369682654,-0.1332288309417796,0.23527791213675855,-0.22444685613058626,-0.15420003581224492,0.27231239830643356,8.526512829121202e-14,84.98647494523803
1748,299.03411410211015,4819.16863114735,-0.23554450195742566,0.20961817097265956,0.31531094177699387,-0.272620951339613,0.24261362381094853,0.3649432196492985,-1.9895196601282805e-13,87.84216730228084
1749,232.51222210810835,655.1727004016777,0.20491529333444258,0.12306141024966609,0.2390280070095914,0.2371704783963456,0.14243218778896538,0.2766527858907308,1.2789769243681803e-13,95.5973627119177
1750,232.37000537563978,646.2983762956391,0.28196096384081465,-0.2535792705879642,0.3792155476796345,0.326343708149091,-0.2934945261434771,0.4389068838884658,-1.7053025658242404e-13,93.55495422514981
1751,233.20042447820964,711.1463986109965,0.17938085538889162,0.11416703931746695,0.21263020516042988,0.2076167307741801,0.13213777698780896,0.24609977449123824,-1.4210854715202004e-13,104.53159625677029
1752,233.05956463414952,702.3567443416451,0.2658344782735218,-0.23308503251079443,0.3535485853733736,0.30767879429805767,-0.2697743431837899,0.4091997515895528,-5.684341886080802e-14,102.25157835423327
1753,294.4199492453065,5479.869055797883,0.06291620256461593,-0.01748077660864267,0.06529951068724063,0.07281967889423142,-0.020232380334077187,0.0755781373694915,-1.9895196601282805e-13,40.51788278594733
1754,236.0033852492047,1836.094102682898,-0.10911851061367188,0.04469010504800667,0.11791545635644164,-0.12629457246952766,0.05172465862037808,0.13647622263477044,-2.2737367544323206e-13,55.09562576146233
1755,299.9990861152617,4871.680017327558,-0.1578663851942057,-0.1019018838378823,0.18789834885914933,-0.18271572360440472,-0.11794199518273416,0.2174749408092006,1.9895196601282805e-13,47.09465463608362
1756,230.55374123704308,538.2904969234696,0.20345075067169985,-0.19131985897325543,0.27927673799732144,0.23547540587002297,-0.22143502195978637,0.3232369652746776,1.1368683772161603e-13,65.9590793979396
1757,286.70949183556485,4980.563308161622,0.1144919501237145,0.017718537020490522,0.11585487990273705,0.13251383116170665,0.020507565995938146,0.13409129618372348,-1.4210854715202004e-13,126.58791818347267
1758,245.51475434919325,2410.011689014462,-0.18787143722453115,0.10314972048794593,0.2143257841734221,-0.2174437930839481,0.1193862505647522,0.24806225020072004,1.7053025658242404e-13,136.02560232076266
1759,231.0854565640975,570.3803308347568,0.2264303093126757,-0.21237024180772687,0.3104380849395035,0.2620721172600413,-0.24579889098116534,0.3593033390503512,-1.4210854715202004e-13,76.97790979289951
1760,299.88833587597475,4863.679999896217,-0.14540226750426943,-0.1179695841995967,0.1872395315941825,-0.16828966146327484,-0.1365388706013851,0.21671242082660014,-1.1368683772161603e-13,53.218331476044284
1761,236.03742180268438,879.3729253675999,0.3750188352527767,0.2905496095962497,0.4744029958072381,0.434049577838862,0.33628427036602976,0.5490775414435627,5.684341886080802e-14,159.7197525447635
1762,235.6654364238498,856.1610377283221,0.36729901791216796,0.2230005393122686,0.42969501869675625,0.42511460406500934,0.2581024760558665,0.4973321975656903,-1.1368683772161603e-13,155.52719501426304
1763,297.3020139960249,4702.283478224347,-0.5622576858900274,0.47386511558285904,0.735310718750084,-0.6507612105208652,0.5484549948875684,0.8510540726274122,1.1368683772161603e-13,149.38707655620212
1764,296.9483333151529,4680.2138037379345,-0.6041836275537709,0.5430471414166776,0.812365714198266,-0.6992866059650126,0.6285267840470806,0.940238095136882,-1.1368683772161603e-13,154.25621751170095
1765,238.69508386006186,1985.019922931329,-0.09327011847469155,0.05598959953638031,0.10878488064307115,-0.10795152601237448,0.06480277724118091,0.12590842667022123,1.4210854715202004e-13,85.58666579084104
1766,292.65962551041713,5352.407321909326,0.11361860067237471,-0.013414919264095883,0.11440780776507675,0.13150301003747072,-0.0155265269260369,0.13241644417254253,-2.842170943040401e-14,64.76424018928125
1767,233.29837464046898,1025.0746108701796,-0.09466117776863629,0.047153083987358436,0.10575515073065822,-0.10956154834332905,0.05457532868907224,0.12240179482715073,5.684341886080802e-14,76.77068190844656
1768,297.7342525561798,5045.873392807169,0.08437767039747583,-0.013479600303596866,0.08544759145844778,0.09765934073781926,-0.015601389240274143,0.09889767529912939,5.684341886080802e-14,54.19871445501761
1769,288.8506787248882,4805.287422283356,0.41010461143105786,-0.6897423167852488,0.8024526502425556,0.4746581150822428,-0.7983128666495933,0.9287646414844393,2.5579538487363607e-13,144.4110633219783
1770,288.3223043296267,4771.577475435287,-0.2912537363780829,-0.2527126104338971,0.3856065383606824,-0.33709923191907737,-0.2924914472614549,0.44630386384338233,2.5579538487363607e-13,148.65413976268752
1771,292.9547899749521,4747.193888765549,0.1863120134114752,0.001929728252793653,0.18632200673180652,0.21563890441142963,0.0022334817740668205,0.21565047075440566,-5.115907697472721e-13,146.87032739978036
1772,243.67310846344213,1986.2070379573413,-0.0896568039975502,-0.5224908418387936,0.5301273642328477,-0.10376944907123865,-0.604734770646752,0.6135733382324627,2.5579538487363607e-13,151.153123487728
1773,239.78918291039298,1429.660007936353,-0.20890243834154512,0.11118930565107858,0.23665014353727326,-0.24178522956197354,0.12869132598504468,0.2739006290940663,1.9895196601282805e-13,153.317808521308
1774,244.22044705275994,2019.6215813631309,0.4589513592536252,-0.44396184148219564,0.6385440210768654,0.531193702839844,-0.5138447239377265,0.7390555799500758,8.526512829121202e-14,154.77415260506035
1775,227.0,0.0,0.42969515269348457,-0.11283210724710997,0.4442623196649704,0.497332352654496,-0.1305927167211921,0.5141924996122342,-2.6501694056132976,24.110890593495075
1776,228.86096960700746,433.1706630180248,0.1405469607595243,0.10197809539761199,0.17364613476741633,0.1626700934716716,0.11803020300649535,0.2009793226474726,-5.684341886080802e-14,22.906543346288053
1777,302.0,4680.0,-0.3466373652656639,0.07365655199006288,0.35437656616851254,-0.40120065424266665,0.0852506388773876,0.41015806269503774,2.2692872216043156,18.26836096546313
1778,300.4064786694723,4897.610428512965,-0.1750314275787584,0.15194905377697,0.23178549476611918,-0.20258267080874817,0.17586696039001157,0.26827024857189724,1.7053025658242404e-13,17.352750755295396
1779,300.4599443580778,4897.1735649151115,-0.18032976116329102,0.15848544693729075,0.24007594559247786,-0.2087150013464016,0.18343223025149394,0.27786567776907156,1.7053025658242404e-13,12.46879117714752
1780,300.43285210705625,4898.918745410913,-0.17907144536354067,0.15539261839138854,0.23709375444140074,-0.2072586173189128,0.17985256758262563,0.27441406764051013,3.694822225952521e-13,14.065455969721848
1781,228.79851069778005,425.50010451342996,0.11774662536411339,0.11465492373374295,0.16434725224665997,0.13628081639364975,0.13270245802516548,0.19021672713733795,-1.7053025658242404e-13,16.437810275025782
1782,228.83015271086418,430.9103030928806,0.12730485914304457,0.10706404814748934,0.16634072732544586,0.1473435869711164,0.12391672239292749,0.1925239899600068,-1.4210854715202004e-13,18.552132621230395
1783,236.67537722488657,919.1364668247679,0.538759755904325,0.21186155535936887,0.578919159487211,0.6235645322966724,0.24521013351778806,0.6700453234805682,-1.4210854715202004e-13,164.3846687864349
1784,296.32597192200916,4641.33357591482,-0.7402547355738629,0.5394476115419824,0.9159589505746856,-0.8567763143216006,0.624360661506924,1.0601376742762563,0.0,159.62529692380147
1785,238.2265325114794,1958.8954343300215,0.1970328741970176,0.10668914691720405,0.224063668595019,0.22804730809840004,0.12348280893194916,0.25933294976275356,0.0,81.6648330235434
1786,235.90514952264317,1497.5091551366093,0.254924038090916,-0.23767352010281914,0.34853259152429916,0.29505097001263425,-0.27508509271159626,0.403394203153124,1.7053025658242404e-13,81.19248381225471
1787,293.0129006081884,5377.564803559124,-0.2778455489917236,0.2365463809269858,0.3649004513893713,-0.3215804965181986,0.2737805334803076,0.42233848540436497,0.0,60.30354552410348
1788,295.32872613543293,5205.54033577269,-0.15000796640060446,-0.1309624135299428,0.1991319756875641,-0.17362033148218106,-0.15157686751150787,0.23047682371245842,-2.5579538487363607e-13,59.427607431649975
1789,285.8508312737576,4930.128017194631,-0.29660485537747466,-0.19508831161586396,0.3550125202899485,-0.3432926566868921,-0.22579665696280551,0.41089412070595904,1.4210854715202004e-13,134.1953074042426
1790,289.7134768286215,4854.897103639418,-0.5143927424757052,0.4599055591730295,0.6900094324499731,-0.5953619704579922,0.53229810089471,0.7986220282985801,2.2737367544323206e-13,136.28239725969155
1791,246.41706317648175,2469.460887924835,0.40792435368559793,-0.3735038920184784,0.5530889943605495,0.4721346686175902,-0.4322961713176832,0.6401492990284137,-2.842170943040401e-14,142.419258613603
1792,242.77167718045004,1925.7288055930983,0.2870655786731563,0.2228006530890403,0.363382412171884,0.33225182716800494,0.2578711262604633,0.4205814955693101,3.694822225952521e-13,144.25730098264808
1793,296.03330151560743,5251.53251979048,0.0802053029131894,-0.014350749979262412,0.08147904417924752,0.09283021170508034,-0.01660966432785004,0.09430444928153649,8.526512829121202e-14,47.14620002459045
1794,298.04242505175176,5064.781124406138,0.07013826598107863,-0.015243509129448643,0.07177562904922614,0.08117854858921136,-0.017642950381306314,0.08307364473290062,-8.526512829121202e-14,46.15877189352456
1795,234.64843942700008,1421.2978207869521,-0.10508853988882814,0.05448881749112886,0.11837496545954036,-0.1216302545009585,0.06306576098510283,0.137008061874468,-1.1368683772161603e-13,65.6381363085037
1796,232.46829317168462,973.1869145006549,-0.10695288799996427,0.06239820322805789,0.12382429494094814,-0.12378806481477347,0.072220142625067,0.14331515618165294,1.7053025658242404e-13,64.17450025804395
1797,297.5172805967256,4716.455498691821,-0.5229130842032315,0.47908110416916644,0.7091944712156768,-0.6052234770870734,0.5544920187143131,0.8208269342774038,2.8421709430404007e-13,144.934122192119
1798,235.42949130738964,842.1774470288516,0.3035457125160765,0.2524658406550298,0.39481514697962566,0.3513260561528663,0.2922058340914696,0.45696197567086305,-5.684341886080801e-13,151.71813847092113
1799,297.6907223624047,4727.278264870198,-0.32020611921672143,-0.22177753647508572,0.389508965838774,-0.37060893427861274,-0.25668696351283066,0.4508205623133958,-5.684341886080802e-14,140.5562705198955
1800,235.23287415029674,829.9085364262545,0.4488590075723948,-0.39788457966282564,0.5998220964688935,0.5195127402458273,-0.46051455979493705,0.6942385375797379,-2.842170943040401e-14,147.99457139493197
1801,235.52056708671267,1477.3117077643442,-0.15883407691728774,0.384012591838718,0.41556459748257757,-0.18383573717278673,0.4444590183318495,0.48097754338261284,2.5579538487363607e-13,76.99614543629347
1802,235.3057093016893,1462.7442311441137,0.17199215493219847,0.11194295031216836,0.20521336575090315,0.19906499413448894,0.12956359989834304,0.2375154696191009,5.684341886080802e-14,74.48050821997418
1803,295.561680632899,5223.877193038431,-0.020504810447445947,0.33562596492301916,0.33625174435531685,-0.023732419499358736,0.38845597792016107,0.3891802596705056,4.547473508864641e-13,55.16133062491447
1804,295.6926594559499,5230.8899207660415,-0.25519478734765677,0.22768326008018525,0.34200006785110004,-0.29536433720793603,0.2635222917594737,0.3958334118646991,1.1368683772161603e-13,53.08047257906815
1805,232.06185967622946,623.9288757575194,0.19798691912373254,0.12072002971851005,0.23188821815552715,0.22915152676357928,0.13972225661864593,0.26838914138371195,-1.1368683772161603e-13,89.71151533202625
1806,299.6099740916838,4838.931215285468,-0.26504738649685816,0.22477002233327928,0.34752220077071017,-0.30676780844543766,0.2601504888116658,0.40222476941054414,-1.1368683772161603e-13,69.05052399008882
1807,299.55538369261365,4835.524774383491,-0.13877830838769187,-0.15567019965417775,0.20854886702957864,-0.1606230421153841,-0.18017384219233534,0.24137600350645677,-2.2737367544323206e-13,71.53376367973213
1808,232.20788170029005,633.0406500589,0.2632936835732325,-0.24302898635126535,0.35831083156455795,0.3047380596912413,-0.2812835490176682,0.4147116106071272,0.0,91.62933634781915
1809,234.27652623907278,762.0669630292201,0.21560311439035604,0.20709091124889428,0.29895041136736766,0.24954064165550469,0.23968855468622027,0.346007420564083,-8.526512829121202e-14,128.38893832083917
1810,234.410095109427,770.4016605393238,0.3488211004680535,-0.3154704774398986,0.47031668295724044,0.4037281255417286,-0.36512786740729003,0.5443480126819913,1.1368683772161603e-13,131.42823933153323
1811,298.4600434680669,4767.118438112993,-0.43103446134631135,0.37770314973805147,0.5731059031192662,-0.49888247841008254,0.43715642330793,0.6633170174991506,-1.9895196601282805e-13,117.15064897199471
1812,298.36592911251154,4761.24570232634,-0.27450940326238144,-0.19661046559884357,0.3376552793345053,-0.3177192167388673,-0.22755840925792067,0.3908047214519736,0.0,120.81683302129802
1813,245.54406057349757,3029.1493797862486,0.8997779413921755,-2.7188985481053476,2.863915092789119,0.3786362936887894,-0.1686771749529958,0.414508663659165,-1.0913936421275139e-11,98.30993831063853
1814,242.93113455907414,2562.031556528712,0.26253770893354395,0.10865015981505029,0.28413184587425294,0.30386308904345366,0.12575249978593786,0.32885630309520014,-2.842170943040401e-14,97.78680323552325
1815,243.26578971968974,2582.9140385511255,0.21241567923657487,-0.21814029046507502,0.3044759548958222,0.24585148059788756,-0.2524771880382813,0.35240272557386826,3.979039320256561e-13,99.83842273606137
1816,244.09832508842322,2938.935485517609,0.8178968431171134,-2.4248815684874017,2.559102551124292,0.34648756970861355,-0.14895727313962406,0.37714971189671337,-1.0913936421275139e-11,90.453391705516
1817,241.66102331991567,2482.1411068323714,0.22840122707521146,0.10775878577463131,0.25254519682838,0.2643532720777911,0.12472081686878626,0.2922976815143287,-1.4210854715202004e-13,89.91133462407919
1818,241.9626469542868,2500.9624216171305,0.2771440815256712,-0.25778211587068695,0.37849763696419053,0.32076861287693437,-0.29835893040588773,0.4380759687085539,2.2737367544323206e-13,91.818249324712
1819,287.24808226200366,5631.480333149028,-0.1767631883557214,-2.007909068882124,2.015674590219552,-0.3091769534832241,0.029383689303970943,0.3105701044245566,1.8189894035458565e-11,70.95914408074542
1820,289.48661406008836,5466.457969017026,-0.13189935723711674,-0.16104406379085512,0.20816491280193586,-0.1526612930985147,-0.18639359235052674,0.24093161203927754,5.684341886080802e-14,72.50152811905978
1821,289.74715489004086,5482.715716806062,-0.29796656608147615,0.25297402679991904,0.39087073660962757,-0.34486871074244924,0.2927940124999063,0.45239668589077264,1.1368683772161603e-13,70.15423946648096
1822,285.92336952476717,5548.818258345471,-0.16871637686907837,-2.29940426234424,2.305585647402995,-0.3259589491241773,0.020328300131245036,0.3265922171460367,-3.637978807091713e-12,80.71883869820016
1823,288.3401102316222,5395.551638494804,-0.11711739293166228,-0.13986247175159577,0.18242257188071684,-0.13555253811534987,-0.16187786082360622,0.2111372359730519,2.8421709430404007e-13,82.49034973316097
1824,288.6372419516107,5414.092657822087,-0.31866172929765685,0.2704162124491802,0.4179356716940219,-0.3688214459463621,0.3129817273717363,0.4837218422384513,-2.2737367544323206e-13,79.92999197260212
1825,288.40774793551583,5703.843471176187,-0.18398234990163745,-1.741369990278427,1.751062234221736,-0.29260773067897694,0.03579829835560503,0.29478942012605813,0.0,61.987714417558465
1826,290.4838730621679,5528.746509668788,-0.13471352274683812,-0.14239044374815743,0.19601727393691623,-0.1559184291051367,-0.16480375433814518,0.22687184483439377,0.0,63.3393689299665
1827,290.71097384744735,5542.917598670226,-0.2769740254393023,0.23252178366221962,0.36163654495295594,-0.32057178870289615,0.2691224347942357,0.4185608159177731,5.684341886080802e-14,61.17842073557377
1828,276.23305290313414,4944.14250115557,-0.2113383556932512,-4.141263080587384,4.146652119870105,-0.5512204846082782,0.06219138819706418,0.5547177583399173,-1.0913936421275139e-11,145.19812388448634
1829,279.94587243564627,4869.450320378514,-0.2612070884228728,-0.23060038738500538,0.3484331811186602,-0.30232301900795466,-0.2668985965104229,0.4032791448132641,2.842170943040401e-14,147.61572660760967
1830,280.5696384176771,4908.373317657238,-0.5339799138280165,0.4520872255402119,0.6996552064184346,-0.6180323076713152,0.5232491036345045,0.8097861185398547,-1.9895196601282805e-13,143.6906736706601
1831,289.4152997404668,5766.71470380513,-0.19537058202887514,-1.492062018121686,1.5047985679962816,-0.281755308486059,0.04514862357549922,0.2853497013680519,-1.0913936421275139e-11,53.704182440261235
1832,291.36852320766354,5581.615977637578,-0.14052193801264226,-0.12169578315006672,0.1858931916433115,-0.16264113195907667,-0.14085160086813278,0.21515415699457346,5.684341886080802e-14,54.8720347865142
1833,291.56437858810534,5593.837353377146,-0.1472261557561779,-0.11556512239352389,0.1871652704231544,-0.170400643236317,-0.13375592869620823,0.21662647039716945,5.684341886080802e-14,52.87308670883114
1834,290.66556569428366,5844.7312993233,-0.2104792122889952,-1.1545355083656366,1.1735645439782572,-0.26428603991907007,0.05316047776331872,0.2695795750648194,-1.4551915228366852e-11,42.35546817826402
1835,292.4161250193839,5651.813228035969,-0.1465603982008609,-0.10284863095674894,0.17904689667925677,-0.1696300905102557,-0.11903776731105199,0.20723020448988053,2.842170943040401e-14,43.28810538006166
1836,292.5701049850282,5661.421577892172,-0.23636592048252453,0.19816324661334836,0.30844370746360483,-0.2735716672251442,0.22935560950619022,0.3569950317865797,-1.4210854715202004e-13,41.48383110197044
1837,289.8656076135749,5794.813915087075,-0.19960044986322342,-1.3760760352559651,1.3904767507554296,-0.2748846857547093,0.047389871597382824,0.27893976122539743,1.0913936421275139e-11,49.790439000484824
1838,291.74611393550157,5606.679191706891,-0.14118724998018842,-0.11478069970438225,0.18195727130729286,-0.16341116895855137,-0.13284803206525725,0.2105986936427001,-8.526512829121202e-14,50.87873227639081
1839,291.9275549986349,5618.00111404641,-0.255846314877789,0.2185910629247043,0.336510608491169,-0.296118419997441,0.25299891542211145,0.38947987093885295,0.0,48.951624930589745
1840,277.4743949213132,5021.602243089944,-0.23681226835920827,-3.8993880762241275,3.906572336389579,-0.5504637905703408,0.07667912956210533,0.5557787991993488,-7.275957614183426e-12,137.4562867108965
1841,281.184935572743,4944.071029000746,-0.5330622140548472,0.4622878906874472,0.7055957893364336,-0.6169701551560731,0.5350554290363972,0.8166617932134649,1.4210854715202004e-13,139.73218909606516
1842,281.71834032265036,4977.355485394968,-0.29306604858657354,-0.21670029194726526,0.36448144721532516,-0.33919681549371944,-0.2508105230871126,0.42185352686958943,2.2737367544323206e-13,135.88869105458957
1843,274.92075281994994,4862.254975964876,-0.1483824108481744,-4.394666319009665,4.397170612483336,-0.5284029673962924,0.040872461015631315,0.5299813713921289,-1.8189894035458565e-11,152.89470927571594
1844,278.4381267615904,4774.7725121037365,-0.5633516407292403,0.45085604905885796,0.7215512789021237,-0.6520273619551391,0.5218241308551598,0.8351287950256061,-1.7053025658242404e-13,155.3688467595449
1845,279.2438153661904,4825.047481030776,-0.2419295374908475,-0.2466463678905965,0.34549143535572463,-0.28001103876255506,-0.28547033320670895,0.39987434647653325,-8.526512829121202e-14,151.57122174389764
1846,284.4188381855025,5454.935502775357,-0.20770897173793842,-2.5740185163332536,2.5823853971409605,-0.3986458814996344,0.060712083218096756,0.4032424777789434,-1.0913936421275139e-11,91.3755361371465
1847,287.19619022997153,5312.5805353687865,-0.17655196386449776,-0.12240885648130256,0.214836040015336,-0.20434255076909458,-0.14167691722372985,0.24865282409182404,-4.831690603168681e-13,93.06168843118078
1848,287.52936221419503,5333.3704671843325,-0.26877187628529764,0.22623488395838467,0.35131260182575735,-0.3110785605153907,0.2618459305073897,0.4066118076687006,0.0,90.2670746250552
1849,278.6474216941812,5094.799113716908,-0.2403779789304624,-3.6782945741679356,3.6861406032743744,-0.532790700986556,0.07844216022629785,0.5385342176303322,-3.637978807091713e-12,129.9419925715873
1850,282.1835727287393,5010.360034723905,-0.27760624403495465,-0.21739491470150726,0.3525986041737409,-0.32130352318860506,-0.25161448460822605,0.40810023631220027,-3.694822225952521e-13,132.0486440609207
1851,282.66988080653306,5040.705658778235,-0.5167266477414045,0.43283372905137724,0.6740559809767959,-0.5980632497006997,0.5009649641798349,0.7801573853898102,8.526512829121202e-14,128.3564327481005
1852,280.80103105106895,5229.184337586702,-0.24003389869514793,-3.265014759092514,3.273826148349167,-0.4969493801430751,0.0834351771365159,0.5039048672203795,0.0,115.86345258987416
1853,284.0386612422676,5126.520239092963,-0.2784362039432615,-0.19320421423255976,0.33890203313576384,-0.32226412493433054,-0.22361598869509233,0.3922477235367638,2.842170943040401e-14,117.68194856271818
1854,284.4646736322213,5153.103412226074,-0.4826464543353254,0.4022899504964599,0.6283190305512841,-0.5586185814066267,0.4656133686301619,0.7272211001750973,-2.5579538487363607e-13,114.31909791399127
1855,282.71771416024336,5348.785363599186,-0.23901042874569944,-2.889241102613781,2.8991102314472452,-0.46420573420770883,0.08798668444639057,0.4724707613294041,1.0913936421275139e-11,103.0477693815414
1856,285.67411265960357,5229.200652955058,-0.27664530082899874,-0.16801343650383413,0.32366825194417065,-0.32019132040393367,-0.19445999595351174,0.37461603234279006,0.0,104.59830414332302
1857,286.051862231204,5252.7722262229245,-0.34838466508280846,0.3070104282658006,0.4643568433099817,-0.4032229919939912,0.35533614382615814,0.5374500501272936,-1.7053025658242404e-13,101.54044976469801
1858,273.537824629936,4775.960256908005,0.00619957849345193,-4.666114666644071,4.666118785140859,-0.43323982472772143,-0.012609580735506143,0.43342328877949327,-1.4551915228366852e-11,159.9334943433421
1859,276.3416471947987,4648.959323067045,-0.16709467006116077,-0.16519709541164232,0.234969591852417,-0.19339660886708418,-0.19120034191162308,0.2719555461254826,1.4210854715202004e-13,162.2926732410732
1860,277.4113022984724,4715.705801536282,-0.48186160499971586,0.4069227151228593,0.6306954117923025,-0.5577101909718934,0.4709753647255316,0.729971541426276,0.0,159.05410690436747
1861,247.16152587561544,3130.0792146384033,0.9797285085276194,-3.0200818862538776,3.1750216613592626,0.4012932737247954,-0.1702796396918338,0.4359259653087257,3.637978807091713e-12,106.87610537186067
1862,244.18506692943183,2628.686441416309,0.21265994259066898,0.0987563356963202,0.23447188535692484,0.2461341928132742,0.11430131446333354,0.27137949694088515,0.0,106.09117559863905
1863,244.55190052821953,2651.576857980662,0.22109564146071564,-0.2238140266613404,0.3146045155481537,0.25589773317212455,-0.2590440123395144,0.36412559669925204,-2.842170943040401e-14,108.34685827415463
1864,253.20526930967713,3507.208804923853,1.2981298037691893,-4.131039290914659,4.330199373067541,0.5089283285841154,-0.2055176236562684,0.5488583945506718,0.0,138.6622000025207
1865,249.36769970264166,2962.6495578950003,0.2866715654128431,0.19682142569835734,0.34773446770515,0.33179579330190184,0.22780257603976548,0.40247044873281257,1.7053025658242404e-13,137.42202346593365
1866,249.87404782518306,2994.2456807415833,0.3941055245920982,-0.3816618090415789,0.5486209082735578,0.45614065346307664,-0.4417382049092348,0.6349779030943956,2.842170943040401e-14,140.5263082784104
1867,250.97330829974695,3367.9344379042095,1.1691334384732988,-3.7120595319212195,3.891819492921477,0.45540317912788064,-0.17760303722017792,0.4888096709248012,0.0,126.90644178575202
1868,247.48028420949515,2845.277512246676,0.2435191266636018,0.18822354983667913,0.30778185418267295,0.2818508410458354,0.2178513308294898,0.3562289978966123,-3.410605131648481e-13,125.72446905975912
1869,247.93099579350675,2873.401915089,0.3613852700019396,-0.3566464424194488,0.5077361502442228,0.41826998842817087,-0.41278523428176944,0.5876575813011838,0.0,128.51118637332607
1870,248.96546945411325,3242.6452939366663,1.0516849374693154,-3.3312009814693417,3.4932708435851554,0.40652167405144735,-0.15192501062173383,0.43398281109509984,-3.637978807091713e-12,116.35675458602871
1871,245.78161403139572,2739.908738554651,0.1975270984866914,0.14907201531738676,0.2474659984469751,0.2286193269521891,0.1725370547654939,0.2864189796839989,1.4210854715202004e-13,115.22726929706519
1872,246.18862255384747,2765.30607035564,0.3259156142555491,-0.3249081863148439,0.4602024740806738,0.3772171461291077,-0.37605114156810643,0.5326417524081872,-1.7053025658242404e-13,117.72574139342284
1873,255.68444063237587,3661.909095460254,1.4190794243127647,-4.591730556285605,4.806014556161348,0.5567209670458522,-0.23940449480747453,0.6060138177323112,-3.637978807091713e-12,151.5740571814045
1874,251.54279982881076,3097.098589708607,0.3313730341768966,0.2004024432554645,0.3872586048654857,0.383533604371408,0.23194727228641723,0.44821597785357126,-8.526512829121202e-14,150.381132266744
1875,252.1822600478933,3137.0009073793576,0.40806621309610835,-0.3956854247433281,0.5684056558699134,0.4722988577501253,-0.45796924160107416,0.6578769165161035,-2.2737367544323206e-13,153.72167344305106
1876,258.43052222946625,3833.2645871186937,1.3639469348665454,-5.024567990499276,5.20640324334197,0.4823174856436485,-0.25181593048920337,0.5440968845764093,0.0,164.09485062873213
1877,254.75766714766507,3302.118968150075,0.3174537828439223,0.194717191527371,0.3724133307471995,0.3674233597730582,0.22536711982334606,0.43103394762407354,-8.526512829121202e-14,163.45608787735983
1878,255.8421415153503,3369.7901686936334,0.2921642420369028,-0.24568323473826523,0.381733147835573,0.33815305791308187,-0.2843555957618811,0.4418207729578391,4.547473508864641e-13,166.18393436434545
1879,257.02392412028365,3745.4928651057,1.4347470311411095,-4.823565338683563,5.032423036661138,0.5502366579547708,-0.2525968328046546,0.6054465622168302,0.0,158.12764633155186
1880,252.89973868412847,3181.177096081598,0.4022489210526965,-0.40485697242573615,0.5707130299982573,0.46556588084802836,-0.4685844588260835,0.660547488423909,-5.684341886080802e-14,157.09291745500198
1881,253.71964689110615,3232.3393681970056,0.3760135443732798,0.19200534696302046,0.4221992880317852,0.4352008615431479,0.22222841083682926,0.4886565833701218,1.1368683772161603e-13,160.32837827880007
1882,254.4124234716548,3582.5352246312586,1.3675482178871985,-4.36035232880337,4.569776861023679,0.5404522958761551,-0.22584571113903673,0.5857430916004935,3.637978807091713e-12,145.00255823558382
1883,250.36108942500076,3020.663029382262,0.42091615449022163,-0.39708639207816954,0.5786605325097728,0.48717147510442316,-0.45959073157195546,0.669745986701126,0.0,143.76733794515616
1884,250.9122967599514,3055.0583670831825,0.31769543839269193,0.20989840973496746,0.3807725488855427,0.3677030536952452,0.2429379742302864,0.4407089686175262,-3.126388037344441e-13,147.02093828359415
1885,240.23554873528832,2697.898241081991,0.6162313569749761,-1.5283157322200824,1.6478744074323828,0.2803549662584336,-0.09532927311756834,0.29611919461408,-7.275957614183426e-12,58.04664547155932
1886,238.11414628146198,2264.453926763541,0.14275723427818138,0.12215551413375716,0.1878871937414525,0.16522828041456178,0.1413836969140708,0.2174620297933478,2.2737367544323206e-13,56.65686265437794
1887,238.3330382680988,2278.1127867296777,0.22543176036996349,-0.20733032309958888,0.3062765767408284,0.2609163893170874,-0.23996565173563525,0.35448677863521805,-5.684341886080802e-14,59.46098473320008
1888,241.16067903971518,2755.626372078227,0.6582640230096893,-1.7728322629961497,1.891096442995161,0.29066955668161276,-0.1102446984052971,0.3108740656728384,-1.4551915228366852e-11,69.24773470860944
1889,239.0104779058675,2315.9755034511045,0.16683211830187386,0.11181932585688696,0.2008395312984451,0.19309272951605774,0.12942051603806362,0.23245316122505222,5.684341886080802e-14,68.09920482825247
1890,239.24796305524,2330.794576771949,0.22761206936071735,-0.21495409877666755,0.3130695109708982,0.26343989509342286,-0.24878946617669853,0.36234897103113217,2.842170943040401e-14,70.82472903661615
1891,242.81208921363117,2858.6743669305847,0.7464948563365336,-2.1522077392648913,2.277993135083729,0.3201235252897509,-0.13221093012023674,0.346350691477866,0.0,82.86735275289564
1892,240.52437327074125,2411.2737226888407,0.1987472588634559,0.10723212247326858,0.2258300267808947,0.23003154961048142,0.1241112528625794,0.2613773458112208,8.526512829121202e-14,82.25679458391055
1893,240.79538794112443,2428.1850381207514,0.2560930957809931,-0.24039326994727708,0.3512443564566374,0.29640404604281606,-0.2782329513278671,0.40653281997296,1.1368683772161603e-13,84.1868998257824
1894,241.67542063395294,2787.7462475586635,0.6850072256140654,-1.8963435859452884,2.016272277024935,0.29925469463690074,-0.11748179395624841,0.3214892598103444,0.0,74.37103342510048
1895,239.4824856973585,2343.9272369988003,0.23483442003478303,-0.22002252031861758,0.32180291216896934,0.27179909726248036,-0.2546556948132148,0.3724570742696405,-1.4210854715202004e-13,73.4560271294981
1896,239.72761327975994,2359.22319814065,0.23485863967309722,-0.22318396843368668,0.3239902226841214,0.27182712925126995,-0.25831477827973,0.3749886836621776,-2.842170943040401e-14,75.86747917197694
1897,228.85864107333745,416.0959389583529,0.17440536786500913,-0.1525626701631777,0.23171663873672885,0.20185806465857536,-0.1765771645407149,0.2681905540934362,-1.7053025658242404e-13,34.408689804097364
1898,300.40897815514904,4880.836972863822,-0.09253938984365186,-0.0972592894069286,0.13424942476068966,-0.10710577528200446,-0.11256862199875993,0.15538127865820558,-1.7053025658242404e-13,26.02003781951293
1899,228.70828882630548,366.40482363705047,0.11866119999493387,-0.10491571239504087,0.15839124689071876,0.1373393518459883,-0.12143022267944545,0.1833232024198134,1.1368683772161603e-13,44.244119722714146
1900,228.67945283353177,364.6054576879711,0.10086851511075394,0.1098521193908632,0.14913733762982648,0.1167459665633726,0.127143656702388,0.17261265929378067,5.684341886080802e-14,41.729739307022825
1901,300.5654965530192,4850.246205407132,-0.10833414672989604,0.09140138655249253,0.14174096377340184,-0.12538674390034263,0.10578864184316264,0.16405204140440025,2.2737367544323206e-13,31.50730175263801
1902,300.5440386365918,4848.90723142206,-0.07727872329644019,-0.09588038944220692,0.12314645814605076,-0.08944296677828725,-0.11097267296551726,0.1425306228542254,1.1368683772161603e-13,33.37369508076737
1903,243.1905115322842,1953.3961583244854,-0.20449201847173137,0.09543232851596808,0.22566416406825116,-0.23668057693487424,0.1104540839305186,0.26118537507899436,-2.842170943040401e-14,147.69708123159427
1904,239.09110006324352,1385.3069336649341,-0.17842435775940801,0.07876205568798476,0.19503515800504903,-0.20650967333264816,0.0911597866759084,0.2257351365799179,-5.684341886080802e-14,146.13766076867833
1905,289.3154241749271,4831.590707233181,0.1678511249088068,-0.006145948737090971,0.16796360563833707,0.19427213531111898,-0.0071133665938552535,0.1944023213406679,2.2737367544323206e-13,140.34491161291749
1906,293.6107129679432,4787.330778927651,0.14676549187573412,-0.01533254434330081,0.14756421152015642,0.16986746744876635,-0.017746000397338927,0.17079191148166253,3.979039320256561e-13,138.4290796067627
1907,299.76077285925413,4855.093076320474,-0.25421070505115356,0.222263631562139,0.33767470215844547,-0.2942253530684647,0.25724957356729056,0.39082720157227485,-1.4210854715202004e-13,59.67987487434311
1908,231.52624584803124,597.258590821705,0.18308195312342548,0.11364820227658579,0.2154876224756028,0.21190040870766835,0.1315372711534558,0.2494069704578736,1.1368683772161603e-13,82.23520657327994
1909,235.05054682665653,816.9992222541699,0.40847986284467735,-0.37960366430451575,0.557633159257071,0.4727776190331913,-0.43935609294504135,0.6454087491401284,-1.1368683772161603e-13,144.5066613028467
1910,297.8491351154299,4735.631131474676,-0.2954471814426706,-0.22153157248962133,0.3692766911573796,-0.3419527562993874,-0.2564022829740988,0.42740357772844867,-2.2737367544323206e-13,136.43508144330903
1911,299.47691971953964,4818.883485498505,-0.2793779745881247,0.2241279779491485,0.3581695173860233,-0.3233541372547739,0.2594073818855886,0.41454805253011956,-3.979039320256561e-13,79.41090981572786
1912,299.4163929549563,4815.106615388504,-0.15577279736819136,-0.15998490311394198,0.22329427584308784,-0.18029258954651778,-0.18516771193743278,0.25844244889246276,2.2737367544323206e-13,82.13352892966756
1913,232.54362003329058,642.2455850728453,0.1963048508633392,0.1408225075184639,0.24159174881660522,0.22720468849923522,0.16298901333155538,0.2796200796488486,-1.5631940186722204e-13,97.83340338751484
1914,232.68323650098688,650.9576526570944,0.2411088592634725,-0.21879719877441953,0.32558515968462975,0.27906117970309324,-0.2532374985815041,0.37683467556091405,0.0,99.98993341683047
1915,233.6250055731618,709.6811429521,0.19980263512633736,0.17569703960617572,0.26606492202055193,0.2312530499147423,0.20335305509974042,0.30794551159786104,8.526512829121202e-14,117.01374801256217
1916,233.75607813063306,717.8600705383072,0.2985354387197799,-0.25723643350707254,0.3940735856347771,0.3455271281478934,-0.2977273535961487,0.45610368707728827,1.1368683772161603e-13,119.71460863531769
1917,298.92778476987695,4784.574564820731,-0.3334495933678068,0.28244662932997616,0.4369951140882706,-0.3859370293608874,0.3269058209837686,0.5057813820466094,-1.1368683772161603e-13,103.29218525925921
1918,298.84886824256154,4779.650173516249,-0.22581549267599374,-0.18985054604822674,0.2950184173357854,-0.26136052393054837,-0.21973442829655868,0.34145650154604795,0.0,106.60113703721187
1919,228.83596044767728,414.6806679171582,0.13816187924015072,0.11018190493116047,0.17671660094464603,0.15990958245387815,0.1275253529295839,0.2045331029451922,1.4210854715202004e-13,32.05709531003643
1920,300.4281458345791,4882.033036060257,-0.1644354278750592,0.1322564124540338,0.21102314701393612,-0.19031878226279994,0.153074551451428,0.24423975348835197,0.0,24.251607363830615
1921,235.70908440918177,1487.0620342219054,-0.09439572366516677,0.04951728659642713,0.10659509518802086,-0.1092543097976467,0.057311674301420264,0.12337395276391301,-1.4210854715202004e-13,79.1487967440778
1922,233.6500020463945,1046.3891696694154,-0.09580959786421099,0.04952692570238048,0.10785358321553781,-0.11089073826876271,0.057322830674051466,0.12483053612909467,-1.1368683772161603e-13,80.80138363247858
1923,295.449884764325,5214.887976378698,0.09458132047899516,-0.013668972162244693,0.09556394185843638,0.10946912092476292,-0.01582056963222767,0.11060641418800508,1.4210854715202004e-13,57.245219449721404
1924,297.5658912890213,5034.740658404103,0.1012143618572962,-0.018206658054138642,0.10283885182011722,0.11714625214964836,-0.02107252089599382,0.1190264488658764,-2.2737367544323206e-13,58.46733419796273
1925,273.9229469600578,3279.2278165679018,0.10841923500133667,-0.012821586707829269,0.10917473885465195,0.12548522569599152,-0.014839799430357957,0.12635965145214348,9.947598300641403e-14,176.6800624737161
1926,259.44499986867396,2375.3184130114473,-0.18226675692959962,0.048937582940162434,0.18872217067864344,-0.21095689459444397,0.0566407209955584,0.21842843828546693,-2.842170943040401e-14,178.32842048971327
1927,302.0,4680.0,-0.352988350707584,0.08822715819076737,0.3638472305483154,-0.4085513318374814,0.10211476642449926,0.42111947980129094,2.201663628562102,11.593603072058908
1928,300.46910514484705,4897.745198009514,-0.10815221846596086,-0.08202601455933603,0.1357393436833895,-0.12517617878004725,-0.09493751685108337,0.15710572185577484,-1.7053025658242404e-13,10.823583353655525
1929,227.0,0.0,0.39213606480886254,-0.08416983094854713,0.40106764238179005,0.45386118612136866,-0.09741878582007771,0.4641986601641089,-2.571149720140596,15.27667482723314
1930,228.78781086925574,424.83243521351307,0.1773022798335988,-0.1441425912909424,0.22850204607018168,0.20521097202962824,-0.1668317028830352,0.26446996072937695,0.0,14.259546790945066
1931,247.37327253778471,2527.851136010797,-0.18685395955681947,0.1061125852215864,0.21488202098935583,-0.216266156894467,0.12281549215461386,0.24870604281175443,1.1368683772161603e-13,149.08391717978157
1932,284.9348552260326,4871.693895760207,0.14564284653876375,0.01784836310872812,0.14673241909535498,0.16856810941986541,0.020657827672139032,0.16982918876777192,-2.2737367544323206e-13,142.0666367895759
1933,232.84289323146797,618.3601551173165,0.1703863015739963,-0.15379559274181268,0.22953120944845457,0.19720636756249574,-0.17800415826598684,0.2656611220468224,-9.947598300641403e-14,109.31424537616437
1934,232.71905051605927,610.6323696758137,0.14795013432937953,0.15568226986568742,0.21477013618893612,0.17123858139974482,0.18018781234454564,0.24857654651497238,3.410605131648481e-13,106.90448093873871
1935,299.556315996884,4781.2777356799115,-0.1377179035863885,-0.16759812033826274,0.2169224536767658,-0.15939572174350522,-0.19397930594706334,0.2510676547184789,2.8421709430404007e-13,93.77508558600742
1936,299.6158995592897,4784.995749974027,-0.20443009060883258,0.16646248092461435,0.26363121875436735,-0.2366089011676303,0.19266490847756293,0.30512872541014746,0.0,90.77832915043936
1937,293.9806496216944,5437.431680006674,0.07176754225336512,-0.0022753574260023644,0.07180360278220455,0.08306428501546889,-0.002633515539354606,0.08310602173866267,0.0,48.05589759538867
1938,236.8431138608996,1872.230143855273,-0.10332267057463738,0.05525750858877577,0.11717067256832515,-0.11958642427620067,0.06395544975552749,0.13561420436148744,-5.684341886080802e-14,66.89278444463562
1939,288.9297974663362,5736.419361899379,-0.1913464009195785,-1.612454551947877,1.6237681876555856,-0.28902011419493856,0.04274583800960645,0.2921640516497518,1.8189894035458565e-11,57.7659752564191
1940,290.96468019268906,5554.4030190424555,-0.2737686303358795,0.23728291485186784,0.3622877925580466,-0.3168618406665272,0.27463300330077295,0.4193145747199613,-8.526512829121202e-14,59.023356639224694
1941,291.1754225594008,5567.553342725267,-0.14690278037987956,-0.12257667344367222,0.19132555437226828,-0.17002636618041608,-0.1418711498190651,0.22144161385679195,3.694822225952521e-13,56.94638089066762
1942,242.22559694296083,2822.077249240756,0.7160662139523685,-2.023879841701232,2.1468210070727096,0.3108542054932331,-0.12630171130921514,0.33553309725340885,7.275957614183426e-12,78.85605076385369
1943,239.9688107316773,2372.260764675784,0.24466812199278215,-0.2295931058431855,0.33552270291322334,0.2831806967509053,-0.26573276139257584,0.3883364617051196,-1.9895196601282805e-13,78.1425986243965
1944,240.22542513062248,2388.2735031699626,0.19096503070148646,0.11109301750062824,0.22092827227001655,0.22102434108968347,0.1285798813664679,0.2557040188310377,0.0,80.23298813750705
1945,230.26005084896818,518.8555498311675,0.20852463190773995,-0.20999476064249492,0.29593972631189136,0.24134795359692127,-0.24304949148436913,0.34252283137950396,0.0,62.53808854163296
1946,300.0433873339914,4873.1041270826645,-0.1512028689003297,-0.10245000787421847,0.18264257903653713,-0.17500332048649267,-0.11857639800256767,0.21139187388488093,2.2737367544323206e-13,45.137802096448894
1947,292.5120519634228,5959.9520425175815,-0.23009878905523098,-0.5006602472656548,0.551004660521842,-0.20606916627963706,0.03818846750858121,0.2095778145268212,1.4551915228366852e-11,19.295396246556514
1948,293.9843315791149,5752.276333151655,-0.09946117700570783,-0.09847009855693369,0.1399603016614818,-0.11511710301586554,-0.11397002147793252,0.16199108988597427,2.2737367544323206e-13,20.171209336048147
1949,294.0543196271758,5756.643587350656,-0.18710264744085442,0.15826826590620816,0.24506375634176278,-0.21655399009358148,0.18318086331737052,0.28363860687704023,-2.842170943040401e-14,18.643095926615512
1950,292.1262775578079,5935.879719607213,-0.2087362107954836,-0.6886787478137579,0.7196174145944372,-0.2048152675292629,0.028006162033158533,0.20672116225706325,-3.637978807091713e-12,25.504324578127736
1951,293.65311337822857,5729.609189307651,-0.07995374885258137,-0.08385963174303616,0.11586647397612174,-0.09253906117196914,-0.09705975896184742,0.13410471525014087,1.4210854715202004e-13,26.519056393051706
1952,293.746071556428,5735.409779627294,-0.1920992473607443,0.16534920558664915,0.2534610041499489,-0.22233709185271325,0.191376395354918,0.2933576436920704,-2.842170943040401e-14,24.928675562464882
1953,291.62992835749725,5904.907529507828,-0.21959505116976968,-0.8552319335620295,0.8829743182462905,-0.2404439854262591,0.05190819969365853,0.2459832744783674,7.275957614183426e-12,31.988645899359142
1954,293.3552359258807,5688.829974830727,-0.10741978236522177,-0.056821486576269196,0.12152238880193539,-0.12432845181159928,-0.06576560946327455,0.14065091296520302,2.842170943040401e-14,32.9399569186949
1955,293.4698378641367,5695.981135777901,-0.14624509682900322,0.1295989552420285,0.1954060325229235,-0.16926515836690187,0.14999879078938483,0.2261643894941244,2.2737367544323206e-13,31.27382420074824
1956,292.66487060347185,5969.487925656644,-0.24480572542320508,-0.4057091417340709,0.473845703670064,-0.21111997579199898,0.04710562485078767,0.21631131285949282,0.0,16.274207790881373
1957,294.1451509490176,5757.4549709602425,-0.19136207173883518,0.16509141023787535,0.2527342798959206,-0.2214838793273555,0.19107802110865202,0.2925165276573155,1.1368683772161603e-13,17.075133632371653
1958,294.20369949028367,5761.108399935246,-0.11347492531424312,-0.0854210143348213,0.14203277215158056,-0.13133671911370734,-0.09886691473937652,0.1643897825828479,-2.842170943040401e-14,15.571848100780292
1959,292.967967472547,5988.401170286933,-0.27194774875181493,-0.1474397304334427,0.30934455250006665,-0.20527100781026048,0.050650088143301235,0.211427571703324,1.0913936421275139e-11,7.4455043149104005
1960,294.4153451995231,5774.315092191781,-0.11578738321601005,-0.08495273768001986,0.1436094904640408,-0.1340131750185302,-0.09832492787039336,0.16621468803708433,5.684341886080801e-13,8.194958393341894
1961,294.4416687018328,5775.9576787359065,-0.15269794869246345,0.12640225154136772,0.19822762857284398,-0.17673373691257344,0.1462989022469534,0.2294301256630139,8.526512829121202e-14,6.7403429908519845
1962,292.7915717853517,5977.394079405947,-0.2562834186027765,-0.31572538703148906,0.40664937067074075,-0.2122307821102886,0.051718804501198326,0.21844161603086984,0.0,13.297611717455336
1963,294.2634635734627,5763.680356273619,-0.11432841998818914,-0.08230389345509505,0.14087199329484695,-0.1323245601715152,-0.09525913594339705,0.1630462885357025,1.9895196601282805e-13,14.05047165792923
1964,294.31100830333514,5766.6471474176615,-0.1917843253898857,0.16779983801761345,0.25482938037830505,-0.2219725988308862,0.1942127754833489,0.29494141247489003,2.2737367544323206e-13,12.56765857899389
1965,237.901747249922,2552.2690283951333,0.444099140443461,-0.6312752235732274,0.7718370646969793,0.2510820332249893,-0.07788846233238164,0.2628855263663206,1.0913936421275139e-11,21.495173742074478
1966,236.1046848282954,2135.729885031009,0.20833934936651907,-0.18836096262154914,0.2808649795438746,0.2411335062112489,-0.21801037340457072,0.32507520780541044,1.1368683772161603e-13,20.561705186429478
1967,236.17306874100044,2139.997041183803,0.14388258399480333,0.10044060709149406,0.1754722585764756,0.16653076851250384,0.11625070265219219,0.20309289187092083,2.2737367544323206e-13,22.55817414793311
1968,237.54778478090634,2530.1817703285556,0.388703601112756,-0.32455066876625704,0.5063828848950656,0.2417577228879675,-0.06943440561723173,0.2515311775096549,-7.275957614183426e-12,9.790362571554756
1969,235.8267679256163,2118.3878703038868,0.11973862484370572,0.08420863914035297,0.14638453875096197,0.1385863713468816,0.09746370270874184,0.16942654948028002,3.979039320256561e-13,8.856387669654376
1970,235.85750930865885,2120.306132605741,0.21204490069613294,-0.20139179254970865,0.29244092397887433,0.24542233876867234,-0.23309235248808874,0.3384732916422157,2.2737367544323206e-13,10.782813334963452
1971,237.7537831247873,2543.0360669867277,0.422153347473834,-0.5252365809781279,0.6738597144665625,0.24461011123967868,-0.07206671429578199,0.25500532902290074,7.275957614183426e-12,17.544972332009117
1972,235.97935904599962,2126.752233760215,0.13137865594418022,0.09984239870774607,0.16501168388152343,0.1520586295650234,0.11555833183766905,0.19098574523324466,8.526512829121202e-14,16.57664793259538
1973,236.03488568828865,2130.217096239051,0.20291280121943614,-0.18435126173501262,0.2741514045231385,0.23485277918916223,-0.21336951589700537,0.3173048663462252,-1.1368683772161603e-13,18.54295194000145
1974,238.08021185337955,2563.405219650884,0.4678818319911846,-0.7398978955824687,0.8754212155270129,0.2589471709564538,-0.08487597285749765,0.27250241854863894,0.0,25.512934626510518
1975,236.27916125833013,2151.4737051400953,0.15050647498925587,0.09543961479492051,0.17821593387207083,0.17419730901534247,0.11046251712375059,0.20626844198156347,-5.684341886080802e-14,24.64300984649212
1976,236.36092684193997,2156.575877557349,0.22457816623013402,-0.1989832519818334,0.30004947478133587,0.2599284331367292,-0.23030468979378863,0.3472794847006202,8.526512829121202e-14,26.677987742011712
1977,238.53072663207308,2591.51734184136,0.5223820713352489,-0.9665940197305326,1.0987206321132477,0.2803300525900157,-0.10299423727011393,0.2986515549866993,3.637978807091713e-12,33.82725591054833
1978,236.63953629554612,2171.9619793506267,0.18245506394560912,0.08895388725843842,0.20298434525298567,0.21117484252964014,0.10295588803060002,0.23493558478354817,1.9895196601282805e-13,33.045928523118505
1979,236.74843815131533,2178.757455150625,0.16882983176983057,-0.16283185884768125,0.234558577654326,0.19540489788174836,-0.18846279959222365,0.2714798352480625,-8.526512829121202e-14,35.19187665961977
1980,239.11036812134427,2627.686970771882,0.5719604495323588,-1.1923197859040833,1.3224088731128572,0.29295398809576156,-0.10883115065965097,0.31251601318190925,0.0,42.7160210651278
1981,236.9663174913337,2170.1614645169698,0.1491805451315998,0.062220467336314624,0.1616360776600035,0.17266266797638868,0.0720144297874012,0.18707879358796703,-5.684341886080802e-14,41.69958881396334
1982,237.10372481453402,2178.735681484669,0.15286225316816884,-0.1489774372279035,0.21345056862572015,0.17692390412982506,-0.17242758938414754,0.24704926924273166,-2.842170943040401e-14,44.02951752196866
1983,281.7391403256854,4678.796296614868,-0.5553308443109896,0.399784733382007,0.6842661614375498,-0.6427440327673489,0.4627138117847302,0.7919747238860528,-5.684341886080802e-14,158.15833149109858
1984,286.58544272420363,4662.557956152251,-0.19660248362392765,-0.3132417209178998,0.36982821997611837,-0.2275491708610274,-0.3625482880994211,0.4280419212686555,-1.7053025658242404e-13,157.2913462469283
1985,250.63048810696284,2737.6163982022376,0.4052261296631758,0.1387131269453281,0.42831010698878874,0.4690117241471941,0.1605476006311668,0.4957292904962832,3.694822225952521e-13,162.80857447109048
1986,245.99122195865792,2129.4785804040816,0.4038632999610742,-0.4495660088268525,0.6043303412438881,0.4674343749549469,-0.520331028734783,0.6994564134767222,1.4210854715202004e-13,162.17978866313936
1987,302.0,4680.0,-0.30642558688653465,0.04747405924492201,0.3100813225590145,-0.3546592440816373,0.054946827829770846,0.3588904196284889,2.157030422479494,1.8473120094073658
1988,300.9610340654435,4831.649158839972,-0.07868082834144417,0.06344547359067593,0.10107423444004393,-0.09106577354333815,0.07343226110031936,0.11698406763893972,1.1368683772161603e-13,1.2488172903891974
1989,300.960023039122,4831.586070797509,-0.07411150676445814,-0.07080714429678049,0.1024995956985364,-0.08577720690330803,-0.08195271330645888,0.11863379131775044,5.684341886080802e-14,2.8605946694253515
1990,227.0,0.0,0.28009839158918703,0.02211426114298474,0.28097001533393146,0.3241879532282257,0.025595209656232337,0.3251967770068651,-2.519022540125775,2.377301697513482
1991,228.21450555561242,292.265779826894,0.04725442033923381,-0.04730390524216222,0.06686284239214227,0.054692616133372444,-0.05474989032657664,0.07738754906497945,-5.684341886080802e-14,3.7185698116869323
1992,228.21332483998177,292.19210317154125,-0.005573223544822253,0.09788916684249056,0.09804769148632474,-0.006450490213914675,0.11329764680843817,0.11348112440546845,-8.526512829121202e-14,1.5852328487740426
1993,293.6725014586736,5419.905902632198,-0.1477846067998705,-0.10783181008714722,0.1829425846369918,-0.1710469986109612,-0.12480533574901294,0.21173910258911086,2.2737367544323206e-13,51.98592343634595
1994,283.6954228309968,4796.455667228882,-0.2829426758652334,-0.22780954346513754,0.36325438183120784,-0.32747994891809423,-0.26366845308465,0.4204333123046387,5.684341886080802e-14,150.1626687926469
1995,248.64553621065292,2609.34274212754,0.43844738261356764,-0.4114462824206082,0.6012687840212786,0.5074622483953329,-0.4762109750238522,0.6959129444690726,0.0,155.98069996689082
1996,237.31314483949313,1903.082049592974,0.2322182159434025,-0.21571436313884396,0.3169510786861811,0.26877108326782706,-0.2496694017810694,0.3668415262571541,2.2737367544323206e-13,72.55916201158422
1997,287.6305020627442,4727.814535768125,-0.24563641841656422,-0.2433335808155898,0.3457578366502408,-0.2843014102043568,-0.28163608890693265,0.40018268130814905,-2.2737367544323206e-13,152.87881378684645
1998,291.722029777981,4669.485390999856,0.19000338970925046,0.08049078370491954,0.20634935028353601,0.21991133068200283,0.09316062928810127,0.23883026653187037,0.0,156.03812381026412
1999,244.92943789331537,2063.2681316149556,0.4108491762320493,-0.40286309880403226,0.575409177880003,0.4755198798982052,-0.4662767347268892,0.665982844768522,-8.526512829121202e-14,158.39193431176696
2000,241.0579852008794,1508.049009406814,-0.24928480402251227,0.21983711861322303,0.33237218932501955,-0.2885240787297596,0.2544411095060452,0.38469003394099494,-3.410605131648481e-13,161.1942505550431
2001,240.68075961421053,2725.679399926737,0.638365308757692,-1.6534139891786297,1.7723679321847632,0.2876180202891548,-0.1059672370040806,0.3065178313138269,0.0,63.68918127446014
2002,238.517540810696,2282.1927033975962,0.23154685043533318,-0.2153507455524789,0.3162117764355576,0.2679940398557097,-0.24924854809314687,0.3659858523559694,1.4210854715202004e-13,62.37886296985734
2003,238.75060348310484,2296.7358141559075,0.16436995638211252,0.11434613788969085,0.2002311709283691,0.1902430050718895,0.132345067001957,0.23174904042635314,1.1368683772161603e-13,65.23258520041233
2004,290.2819760066956,5820.7953028178035,-0.2070096839989664,-1.261162919087347,1.2780394820780265,-0.2718185831744383,0.05296101217094864,0.2769299748476687,7.275957614183426e-12,46.012209068867186
2005,292.12538455677037,5627.141457823823,-0.25309560278616117,0.22229241069629488,0.33685501332600126,-0.2929347254469457,0.2572828827503413,0.38987848764583477,2.842170943040401e-14,47.02276737776481
2006,292.2923655729465,5637.561073233213,-0.153169299873122,-0.10194566546643645,0.18399389427645946,-0.1772792822605578,-0.11799266836393107,0.2129558961533095,2.2737367544323206e-13,45.16083583802359
2007,293.37529615333546,5397.845584466164,0.09360958784387596,-0.006019766000856152,0.09380294515102068,0.10834443037485648,-0.0069673217602501955,0.10856822355442212,0.0,56.062999818802325
2008,237.74400194565067,1926.452825911351,-0.09858379626776945,0.05319383027263656,0.11201941111092817,-0.11410161605065909,0.06156693318592194,0.12965209619320392,1.1368683772161603e-13,77.48718194811431
2009,228.6634965219716,396.8349654648506,0.17235362394428574,-0.1407098445409083,0.22249726298868228,0.19948336104662703,-0.16285861636679203,0.2575199803109749,-5.684341886080802e-14,12.022264616452212
2010,300.5755542873887,4884.147370023311,-0.09521916283670612,-0.09350832689431968,0.13345597090388314,-0.11020736439433577,-0.10822723020175885,0.15446292928690175,2.842170943040401e-14,9.133696150685418
2011,227.0,0.0,0.4112525323667249,-0.09935158212105438,0.4230831859670161,0.4759867272763019,-0.11499025708455368,0.48967961338775007,-2.606152258664679,19.660322253067037
2012,228.84406644847823,431.77852031999714,0.13132565059614446,0.10871835796063979,0.17048785253547663,0.15199728078257457,0.1258314328248146,0.1973239033975424,0.0,20.760279745524887
2013,302.0,4680.0,-0.3504717191080832,0.08204150109896295,0.35994615402466285,-0.40563856378250374,0.09495544108676267,0.41660434493595244,2.2316275405510737,14.90571567607942
2014,300.4209430990695,4898.175623312542,-0.17694860449996805,0.15614152833142003,0.2359893758289931,-0.2048016255786667,0.18071936149469905,0.2731358516539272,8.526512829121202e-14,15.732680271488292
2015,234.55675818225347,1732.8680675706503,-0.06785016030227346,0.028680041747851045,0.07366267065279866,-0.07853027812763134,0.03319449276371649,0.08525772066296143,2.842170943040401e-14,27.965461724060116
2016,295.52932844262045,5537.556451810491,0.08277837046485184,-0.02334991104186677,0.0860085865625017,0.09580829914913407,-0.027025360002160607,0.09954697518808066,1.1368683772161603e-13,21.141155391713838
2017,276.74743608724805,3383.8721132515893,0.07994933639944908,-0.08671404973225719,0.11794584694545479,0.09253395416602901,-0.10036348348640876,0.1365113969276097,3.126388037344441e-13,176.2765155203876
2018,256.59151682152765,2126.14275106705,-0.15138503245562154,-0.03115474548347728,0.15455758220718205,-0.17521415793474712,-0.03605873319846906,0.17888609051757176,-2.842170943040401e-14,178.37156421413525
2019,295.61380040541303,5549.552739654202,-0.1892348505240721,0.15949012963475104,0.24748117121061472,-0.21902181773619459,0.18459505744762852,0.2864365407530263,-1.1368683772161603e-13,17.92739305648801
2020,295.7410136802485,5551.477034678598,-0.11503225358922042,-0.08299475748311104,0.14184692148754985,-0.13313918239493103,-0.0960587470869341,0.16417467764762714,-5.684341886080802e-14,14.83112721144071
2021,234.30938260297657,1718.1432554609528,0.208911420019304,-0.18872011578656958,0.28153021776885384,0.24179562502234256,-0.21842605993815925,0.32584515945469195,-1.7053025658242404e-13,19.57687000808931
2022,234.45798129032102,1733.429626881704,0.1524584700903113,0.09125848006979771,0.17768425728501672,0.17645656260452697,0.10562324082152513,0.20565307556136192,-2.842170943040401e-14,23.687797215677488
2023,267.554341798493,4402.590928225963,0.6266033093647264,-5.181885677636706,5.219633213493382,-0.06187547712663812,-0.09717019699398965,0.11519818511374158,-1.4551915228366852e-11,173.3404525775106
2024,267.63534105532085,4111.997442976237,0.010480937831518164,-0.018481191383997574,0.021246281858247455,0.012130715082775642,-0.021390267805552744,0.02459060400260121,-8.526512829121202e-14,174.16749390158887
2025,268.60498617777796,4172.50329861756,-0.1214117273584648,0.0875268864174147,0.14967218641448787,-0.14052283259081574,0.10130426668682257,0.17323169723899057,4.831690603168681e-13,173.6355110263777
2026,270.60357977483693,4592.863377949824,0.41915002998711653,-5.0499046142229185,5.067269813261193,-0.16973645658739966,-0.09193480751950339,0.19303490235834128,3.637978807091713e-12,169.41860848232895
2027,271.58704931282097,4351.971152798513,-0.037517542158213284,-0.03786221843319325,0.05330209709079137,-0.04342308120163576,-0.043822012075455156,0.061692242003230764,-8.526512829121202e-14,170.95083740140564
2028,272.72318604908025,4422.866085141092,-0.27971316778633754,0.222353038520405,0.3573238446736021,-0.3237420923452981,0.25735305384306134,0.413569264668521,-3.694822225952521e-13,169.44826915955952
2029,261.40121454006817,4018.6357873002535,1.0270342840583502,-5.216658844763278,5.3167968668436245,0.2172660032812856,-0.18640067783719563,0.2862686306251343,-7.275957614183426e-12,171.76434096241775
2030,259.5153908612211,3598.6996654136587,0.2119272986880949,0.08892811746609934,0.22982904517335784,0.2452862253334432,0.10292606188205942,0.266005839321016,4.263256414560601e-13,171.96342271706453
2031,260.67043353842837,3670.774328471394,0.04718936549840192,-0.04649974094167591,0.06624999716063946,0.054617321178705956,-0.05381914460842119,0.07667823745444384,-5.115907697472721e-13,173.05731778679166
2032,264.4700612096212,4210.131819480362,0.8084710774105998,-5.241379058387246,5.3033649616738465,0.06784689999347303,-0.13576093807862408,0.15177033355274783,-7.275957614183426e-12,174.10964511307773
2033,263.6856536591882,3863.671833400284,0.07260608122396173,0.03579392136161144,0.08094966236582925,0.08403481623143719,0.04142814972408731,0.0936917388493394,-1.9895196601282805e-13,174.6256434301654
2034,264.6644556585234,3924.7490781588035,-0.046371743971081625,0.014668699322817289,0.0486365025340306,-0.05367099996652966,0.016977661253260744,0.056292248303276164,-8.526512829121202e-14,174.77094690071533
2035,266.01346372234775,4306.440136274499,0.720522248155896,-5.222251216178891,5.271722685704316,0.005045420876478842,-0.11717877168619877,0.11728734290496612,0.0,174.05279526725334
2036,265.67828933792464,3981.7964970432895,-0.10029193555142095,0.030692652192485865,0.10488332200716795,-0.11607862911044092,0.035523903000562344,0.12139273380459253,-2.842170943040401e-14,174.75449598231975
2037,266.63412511615314,4041.440649604748,0.06793595448483267,-0.035535487493741844,0.07666853841820084,0.0786295769500378,-0.0411290364510901,0.08873673428032505,1.1368683772161603e-13,174.56192193446816
2038,293.018155768388,5991.532919947411,-0.2803602737102892,-0.06479270029913672,0.2877498515846047,-0.2020206426013285,0.04945226717556494,0.20798525612614263,7.275957614183426e-12,4.553741881249311
2039,294.30466869610024,5800.732528255718,-0.14977629132872405,0.12452206202877457,0.19477854444492804,-0.17335218903787508,0.14412275697774837,0.22543813014459266,2.842170943040401e-14,5.177931939577448
2040,294.3203280822118,5801.709673949079,-0.11846752225535391,0.11685288418887856,0.16640057203201628,-0.13711518779554852,0.13524639373712796,0.1925932546666855,1.1368683772161603e-13,3.7320732116938204
2041,237.48917390441662,2526.524451635597,0.3468564776146982,-0.19888301543127254,0.39982980115333,0.21035550893059454,-0.03735904967246849,0.21364722963305519,1.4551915228366852e-11,5.961098061980352
2042,235.968471626319,2160.553831102154,0.09063810771373282,0.09537930447521888,0.13157689117813484,0.10490521726126484,0.11039271351298481,0.15228806849321164,1.7053025658242404e-13,4.873151741257675
2043,235.98675903747514,2161.694965558297,0.09275575451624139,0.11093230682007577,0.14460154457093696,0.10735619735676086,0.12839387363434696,0.1673628988089548,0.0,6.787516448554738
2044,290.05276318220047,5494.386282039095,-0.2888613902143226,0.25360364882666914,0.384390053792696,-0.3343303127480585,0.29352274169753373,0.44489589559339804,-8.526512829121202e-14,67.88506582035245
2045,290.2953126348415,5509.5213678838945,-0.1401416803325419,-0.1446667120593617,0.20141536223559176,-0.162201018903405,-0.1674383241427798,0.2331196322171201,1.9895196601282805e-13,65.63285319538241
2046,241.3155804855896,2453.186081769675,0.22471113152387653,0.10570629516001802,0.24833226424932742,0.26008232815263493,0.12234524902779864,0.28742160214042534,2.2737367544323206e-13,88.04865070365321
2047,241.0301671058515,2435.376286874017,0.27469038862369005,-0.254306469730098,0.37433486365661844,0.3179286905366783,-0.2943361918172431,0.4332579440470121,5.684341886080802e-14,86.1629440644659
2048,248.7789789874773,2918.794209993227,0.26429880069183925,0.20796647211614203,0.3363092469314197,0.3059013896896287,0.24070193531960868,0.3892468135780319,-1.4210854715202004e-13,134.29300145633007
2049,248.3055449043411,2889.2519232055283,0.3844223693993476,-0.3656310981136316,0.5305343136898768,0.4449332979159116,-0.42318414133522175,0.6140443445484685,3.126388037344441e-13,131.35114200849694
2050,283.2410833334233,5069.229521177421,-0.5172093779339478,0.44895845130625117,0.6848862910163473,-0.5986219652013285,0.5196278371600129,0.7926924664541057,-1.9895196601282805e-13,124.61878345291595
2051,283.6920677824712,5097.370950798009,-0.3101951567685466,-0.17726249042180117,0.3572716414623505,-0.3590221721858178,-0.2051649194696773,0.4135088442851279,-1.9895196601282805e-13,121.09408497829878
2052,237.6359056402863,2535.680511953865,0.4016944178615297,-0.42092225546479556,0.581836704313748,0.23917801718289297,-0.06674127082034403,0.24831536628701567,3.637978807091713e-12,13.647669182691843
2053,235.8459430152555,2111.3774442354506,0.20966230080050452,-0.19806796999264162,0.28842538222903896,0.24266470000058388,-0.2292453356396315,0.3338256738762025,-8.526512829121202e-14,12.612778420444908
2054,235.888521657208,2114.034351493287,0.12684457516747333,0.10343637841243807,0.16367232700886816,0.14681085088827928,0.11971803056995144,0.18943556366767145,-8.526512829121202e-14,14.555780650520186
2055,292.89250987783464,5983.692616376881,-0.2726144808213689,-0.2224649871304734,0.35186549369392023,-0.21872346915846555,0.061292126628060516,0.22714902761690273,-3.637978807091713e-12,10.357421561424683
2056,294.38879064079424,5764.451136067628,-0.19728571022568261,0.17521271308690511,0.2638581935178935,-0.22833994239083635,0.20279249199873278,0.30539142768274713,0.0,11.042968844228435
2057,294.42524980547034,5766.726187943417,-0.12752097845252888,-0.07490730958122964,0.1478942357706632,-0.14759372506079735,-0.08669827497827505,0.17117388399382316,-2.2737367544323206e-13,9.576485284401969
2058,300.4994428591168,4898.270656550739,-0.08643864421039431,-0.058950870926219354,0.10462716853614508,-0.10004472709536379,-0.06823017468312424,0.12109625987979754,-2.2737367544323206e-13,4.2268405967879845
2059,228.75238019917816,421.2539465721902,0.10802805289755427,-0.10768924129542595,0.15253534968531476,0.12503246863142858,-0.12464032557340966,0.1765455436172625,-2.842170943040401e-14,5.527060382013563
2060,234.1708827187491,1701.2939110232912,-0.08712259029989426,0.03161726558521484,0.09268223790807621,-0.10083633136561836,0.03659405739029496,0.10727110868990303,0.0,15.529615602240954
2061,295.85960131572824,5550.669951473056,0.054766660020620264,-0.009706358250353911,0.05562014419523218,0.06338733798682901,-0.011234210937909628,0.06437516689262983,4.547473508864641e-13,11.778510208574271
2062,287.8476962246133,5668.896244415869,-0.17864574064393623,-1.8727885200449983,1.8812897547859435,-0.2987657282684095,0.03166902645079259,0.30043949078657106,3.637978807091713e-12,66.38134336057273
2063,243.43594131136507,2897.60273782918,0.7890021888385864,-2.294398938077534,2.4262709949722017,0.34192490635374456,-0.14979886967245795,0.3732992672644336,0.0,86.67368951703256
2064,252.05989382649898,3435.737374773536,1.2331727535325117,-3.915654563949077,4.105248555718666,0.4825410512968923,-0.1902543791848997,0.5186931607277482,-7.275957614183426e-12,132.62712580471538
2065,279.75527723400523,5163.929299401926,-0.2569791528709379,-3.4506735567652984,3.460229223674284,-0.5335359725490821,0.09955290699290843,0.5427443369530756,-2.546585164964199e-11,122.73974189370037
2066,289.2709022573049,5444.400780266855,-0.13326027032559032,-0.16792746481574283,0.21437801446671706,-0.15423642398795176,-0.19436049168488753,0.24812270192907068,1.4210854715202004e-13,75.04817293078202
2067,288.99363081001513,5427.099041955974,-0.3052952561753729,0.2684913006269329,0.4065621378775065,-0.3533509909437187,0.3107538201700612,0.4705580299508178,-2.2737367544323206e-13,77.50103109111161
2068,242.5405513471536,2528.4268834729464,0.26077352574123336,0.10297217547887136,0.2803677953160191,0.3018212103486497,0.11918075865610113,0.3244997630972443,-7.105427357601002e-14,95.84355776549465
2069,242.22366876300606,2508.6534102221394,0.30260988473348327,-0.2777003278539101,0.4107191430023456,0.3502429221452353,-0.3214124164975811,0.475369378474937,1.1368683772161603e-13,93.87450669359906
2070,246.50150678739288,2775.5826792596977,0.3436717408367384,-0.3295247559900774,0.4761269056250385,0.39776821856103983,-0.381394393507034,0.5510728074363872,1.4210854715202004e-13,120.22865164214667
2071,246.92701597712212,2802.1344526988023,0.21980137912762085,0.2021698382185537,0.2986390626688349,0.2543997443606723,0.23399286830851124,0.3456470632741145,1.4210854715202004e-13,122.86362771536035
2072,284.99558417831776,5177.613108451925,-0.49082078900152887,0.42451186474923963,0.6489340260989248,-0.5680796168999177,0.49133317679310134,0.7510810487256074,1.4210854715202004e-13,110.85084222582321
2073,285.3939106623503,5202.468681055558,-0.31338557023122443,-0.14596805331261445,0.345712580356897,-0.36271478036021343,-0.16894450614885936,0.4001303013390011,2.8421709430404007e-13,107.64772911969456
2074,297.27707505151886,5333.595808886926,-0.11112598141651701,-0.0854024024209475,0.1401518964732677,-0.12861803404689473,-0.09884537317239296,0.16221284314035617,0.0,15.625504872291273
2075,232.51554906462783,1292.4765873131098,0.2115155799817943,-0.19006160493460958,0.2843628918219718,0.24480969905300265,-0.2199787094150574,0.32912371738654145,1.1368683772161603e-13,20.627563036687107
2076,253.71695788339022,2923.3883330520225,-0.10127286965684176,0.26126932325827124,0.28021037347744054,-0.11721396951023352,0.30239505006744355,0.32431756189518574,-1.4210854715202004e-13,168.7469646176437
2077,278.69674507493886,4482.127053774724,0.032746321714327876,0.16220042044860908,0.16547295241073032,0.037900835317509075,0.18773196811181606,0.19151962084575266,-1.7053025658242404e-13,165.18249359739514
2078,253.11283942140938,1909.07328129967,0.17311838141321415,0.13586196435456485,0.2200646435514168,0.2003684970060349,0.15724764392889454,0.2547044485548806,-2.2737367544323206e-13,177.8160243815816
2079,280.1057833445393,3593.4329821065635,-0.4104817639476801,0.20133269432609582,0.45719813247453683,-0.47509463419870385,0.23302395176631455,0.529164505178862,-4.547473508864641e-13,175.28804295903873
2080,292.6932414501904,5674.2754625562275,-0.23492070502654658,0.20178996430822774,0.3096884359250205,-0.2718989641510956,0.23355319943081915,0.358435689728033,3.126388037344441e-13,39.62765035188001
2081,244.06365484041817,2690.4734492886864,0.17083916161351578,-0.17015927257883637,0.24112278445922047,0.19773051112675438,-0.19694360252180135,0.2790772968278015,1.4210854715202004e-13,101.69171009858664
2082,244.42484604934407,2713.011780725663,0.15211764205876674,0.1450936123228323,0.21021877499977834,0.17606208571616522,0.16793242166994474,0.24330876736085455,0.0,103.83663892738596
2083,287.55111373824366,5404.090884513568,-0.11757401245946829,-0.15667012363886654,0.19588051471965487,-0.1360810329391994,-0.1813311616190585,0.22671355870330423,3.410605131648481e-13,84.82638707812305
2084,287.2240782626299,5383.683870835271,-0.20618649215279414,0.1714093218418917,0.26813061212881206,-0.2386417733249932,0.1983904187984857,0.31033635663056947,5.684341886080802e-14,87.49630703629404
2085,245.47051579368514,2768.3336722172953,0.1914152971709321,-0.18866914681146682,0.2687673026050659,0.22154548283672698,-0.2183670680688273,0.31107326690401144,0.0,110.58951654633088
2086,245.86841992677597,2793.1628901221634,0.16401061925467528,0.16505569267360273,0.23268619407318702,0.18982710561883712,0.1910366813351884,0.26931272462174427,1.7053025658242404e-13,112.96377023561394
2087,286.2797522320309,5314.830025970919,-0.15120306649644932,-0.16476089617269987,0.2236258487419575,-0.1750035491857053,-0.1906954816813656,0.2588262138217101,-8.526512829121202e-14,95.85670498107807
2088,285.91228510205394,5291.900077060359,-0.26613607259385225,0.23767103370162437,0.3568135779317806,-0.3080278617984401,0.2750822149324356,0.41297867816178313,-1.1368683772161603e-13,98.7806447009537
2089,267.6948663371737,2862.6360103722263,0.07445675132945746,-0.035917178118196884,0.08266711258118882,0.0861767955202054,-0.04157080800717232,0.09567952845045002,5.684341886080802e-14,178.21175687256545
2090,237.93117404709528,2257.4569248709563,0.133552003800041,0.13295188972694294,0.1884471880951567,0.1545740784722697,0.1538795019987766,0.21811017140643138,-2.8421709430404007e-13,53.81352160126232
2091,228.7568860761708,421.53511329652997,0.12227231441814969,0.09800321027175915,0.15670082353561993,0.141518882428414,0.11342964151823974,0.1813666939069675,5.684341886080802e-14,7.6672921555640094
2092,228.65639843260368,396.39204468829183,0.11256886258035394,0.10867924702929102,0.15647021300390776,0.13028803539392816,0.12578616554316094,0.18109978356933773,-3.126388037344441e-13,9.866917159155228
2093,300.4955845910031,4898.029900620442,-0.15204179582354715,0.12470927418555565,0.1966446306033737,-0.1759743007216981,0.14433943771476349,0.22759795208723807,-1.1368683772161603e-13,5.8437388135032995
2094,300.5816319984183,4884.526619191559,-0.15006298465888088,0.12174723795293355,0.19323894357478708,-0.17368401002185288,0.14091115503811755,0.2236561846930406,1.4210854715202004e-13,7.5054951220030315
2095,293.96330864725553,5739.382773964834,-0.09796599449354841,-0.10251248688584963,0.1417961425590677,-0.11338656770086622,-0.11864871167343706,0.16411590573966167,5.684341886080802e-14,21.80954131624306
2096,293.8822981291929,5734.327717637727,-0.19148259286648966,0.16829401617216166,0.2549283414025001,-0.22162337137325192,0.19478474094000192,0.2950559506973381,-1.7053025658242404e-13,23.367362351145815
2097,236.48026202751404,2152.4406648946147,0.18294991280429668,0.08592713960421014,0.2021240804942874,0.21174758426423226,0.09945270787524323,0.23393990797949932,-2.8421709430404007e-13,30.948831516623148
2098,236.38554506833196,2146.5303266416527,0.2431839315918083,-0.21553244328355645,0.324950240332622,0.2814628837868152,-0.24945884639300514,0.37609981519979396,-2.842170943040401e-14,28.86415949345786
2099,286.6072349198295,5591.491458997362,-0.16687951971422693,-2.1550040710671254,2.161455833556618,-0.3106219387507866,0.01979397051173847,0.3112519720450249,0.0,75.73388155022168
2100,244.80054752323218,2982.754165449688,0.8699488750933384,-2.582068807399597,2.7246817009372197,0.37626958995803045,-0.17359952111706947,0.4143858082261749,0.0,94.31106037536536
2101,249.9427064911049,3303.6248850449456,1.1064075355689023,-3.5126711966014317,3.682797383809892,0.42750059916299055,-0.15931517975344914,0.4562215347663783,-7.275957614183426e-12,121.4886951156181
2102,281.7875938761767,5290.745857873425,-0.2622599994255404,-3.0505705565102352,3.061823154191935,-0.5065730518176648,0.11137978030326898,0.5186730302302858,1.8189894035458565e-11,109.30446583905368
2103,227.0,0.0,0.40164565670582797,-0.09865641096354272,0.4135847204320576,0.46486765822433795,-0.11418566083743371,0.4786860190185852,-2.5275967712113356,6.650022527275111
2104,302.0,4680.0,-0.33107986177840704,0.07118660598604426,0.3386464347177177,-0.3831942844657489,0.08239190507644012,0.39195189203439545,2.1643723520925278,5.0756235582587665
2105,275.17871518618637,4564.561450604965,-0.03268191735985113,-0.2138308948625431,0.2163140294110211,-0.037826293240568444,-0.24748946164646196,0.25036345996645964,-1.1368683772161603e-13,165.34715143460835
2106,257.0312869969408,3432.161931601805,0.18691898098573917,-0.23394624610637674,0.29944874606518646,0.21634141317793884,-0.27077111817867683,0.34658419683470654,1.4210854715202004e-13,168.72101592284648
2107,291.01744653687734,5866.688663901146,-0.21905595294166516,-1.0467646761562512,1.0694399458444044,-0.26272933170739005,0.058563439383717386,0.269177224467194,1.4551915228366852e-11,38.80579106793073
2108,292.8342598705106,5683.075011984209,-0.18242262067152643,0.16240448865883916,0.24424010823205644,-0.21113729244389629,0.1879681581699527,0.28268531045376893,1.7053025658242404e-13,37.87469043536511
2109,237.78291893527077,2302.4945449844104,0.11630273239206239,-0.11215309980664503,0.1615693144074671,0.13460964397229444,-0.12980682847991326,0.1870015213049388,3.552713678800501e-13,46.40078235986394
2110,292.7767763724816,5733.995975036094,-0.07848111619861657,-0.09249106598879935,0.12130079508199933,-0.09083462522988027,-0.10704984489444368,0.140394438752314,-2.842170943040401e-14,34.60206763246295
2111,269.62662726912686,3999.7191753303296,0.03909492326085096,0.051211026909162294,0.06442811732359383,0.04524875377413306,0.05927202188560451,0.074569580235641,-5.684341886080802e-14,173.9286331204874
2112,262.8729276003696,3575.953075719326,-0.06464647610761706,0.08317407880413318,0.1053427465848924,-0.07482231030974194,0.09626629491219117,0.12192447521399581,-1.7053025658242404e-13,175.1002867616879
2113,246.33046575178636,3078.221062911469,0.8878552024161257,-2.819181128350483,2.9556842008078066,0.33085853924829295,-0.11485960330377716,0.35022864169655693,-2.546585164964199e-11,102.48924038577452
2114,285.1945814390041,5503.341881793855,-0.1573295484931238,-2.4690554038551835,2.4740628880720745,-0.32635036700469633,-0.0008940225348516088,0.32635159157018495,-7.275957614183426e-12,85.92789202525057
2115,248.03916171735332,3184.8436911628473,0.9831771045640844,-3.1463647762324642,3.2963993271530954,0.36732446019872944,-0.1314710723867539,0.3901434376416077,-7.275957614183426e-12,111.49215501676824
2116,283.59398279303866,5403.464526285612,-0.16977937282809372,-2.7835465046035885,2.788719451420088,-0.3691612699446965,0.00975861194820477,0.36929022967624897,0.0,97.0769172027203
2117,293.14598647850937,5755.690720089738,-0.10893729983728045,0.09496996968808784,0.14452207595517672,-0.12608483777463017,0.10991894639824981,0.1672709212444175,-1.4210854715202004e-13,29.60572565142239
2118,293.2539927097585,5762.430308919684,-0.07363042040556753,-0.0959463017453054,0.12094267909924027,-0.08522039398792539,-0.1110489603533627,0.1399799526611577,1.9895196601282805e-13,27.981054988229506
2119,237.21485754325406,2265.5882745308254,0.1337719369694982,-0.12551273561806514,0.1834349419355585,0.154828630751734,-0.1452693699283161,0.21230896057356302,-8.526512829121202e-14,37.17881740505079
2120,237.34187988159755,2273.5144684434595,0.10360618922521354,0.10235356582534944,0.14563823290240407,0.11991457086251565,0.11846477526082112,0.1685627695629677,-1.7053025658242404e-13,39.40126682151107
2121,292.3326880980932,5948.759737321014,-0.21830204967666703,-0.5943386332591853,0.6331620613061323,-0.20421939998238764,0.032472323636402865,0.20678494899656918,-1.0913936421275139e-11,22.369381501314145
2122,238.2896764708429,2576.4758117805964,0.5043260665384461,-0.8619490138705835,0.9986495300667861,0.2806880853702618,-0.10525121657461217,0.2997726135911339,7.275957614183426e-12,29.615972925551414
2123,239.8254412888456,2672.307536423966,0.5900917333997536,-1.3994364922658573,1.5187596089283164,0.2695047643960364,-0.08146676821386903,0.2815486678273853,7.275957614183426e-12,52.6076053617352
2124,237.74328210524962,2245.732467699787,0.12122647462552395,0.10689958134362786,0.16162728309779792,0.14030841970546754,0.12372636729586556,0.18706861469652536,1.4210854715202004e-13,51.17327429412413
2125,297.23734541849484,5331.454065393516,-0.10744143192677667,-0.09342993987578206,0.14238263573788917,-0.12435350917451007,-0.10813650448585889,0.16479471728922362,1.4210854715202004e-13,17.241188580701074
2126,232.561967844415,1295.7105047776324,0.21951939542451737,-0.1988845787912855,0.2962158683266861,0.2540733743339322,-0.23019048471213596,0.3428424401929238,1.4210854715202004e-13,22.771434912282146
2127,232.2411156501728,1263.0456165707853,-0.2316043603203271,0.04026256801808939,0.23507797451654033,-0.2680606022226008,0.046600194465381245,0.27208098902377353,-5.684341886080802e-14,0.24516047219485676
2128,231.3163685582496,1039.839141674697,-0.00043371049783823284,-0.1217347799506303,0.12173555254905741,-0.0005019797428683291,-0.14089673605397027,0.14089763026511273,1.7053025658242404e-13,1.6664586417780916
2129,233.06089593030026,1460.6976496906586,-0.027892979798478035,0.1374918610234946,0.14029265900161084,-0.03228354143342365,0.15913409840682244,0.16237576273334586,5.684341886080802e-14,1.6642093521731562
2130,297.512050434753,5335.951947128591,0.2138863403043395,-0.06841129598447432,0.2245606198492048,0.2475536346115041,-0.0791797407227712,0.25990812482546855,0.0,0.23640338696231677
2131,296.81007535178725,5438.646445591157,0.006780914980437856,0.10242759464984831,0.10265180443482502,0.007848281227358653,0.11855045677065779,0.11880995883660304,1.1368683772161603e-13,1.3083329689856953
2132,298.30390825501064,5219.861618752296,0.0501337211004794,-0.14103883916189375,0.14968414793663085,0.058025140162591915,-0.16323939717811775,0.17324554159332273,0.0,1.3100842955670966
2133,266.00294520600266,2749.582556708776,0.1189541671847222,-0.052903486844559665,0.130187836647374,0.1376784342415766,-0.0612308875515737,0.1506803664900162,-2.2737367544323206e-13,178.4552255398886
2134,233.29855925836256,1516.4490429815928,0.21701954727434705,-0.08987322478919661,0.2348929126925119,0.2511800315675314,-0.10401993609860717,0.27186679709781475,-8.526512829121202e-14,4.392390899349994
2135,296.6065651119002,5466.868608241266,-0.1676722591900611,0.013728573193344128,0.16823335051001045,-0.19406511480331146,0.0158895523071113,0.19471452605325285,2.8421709430404007e-13,3.369107652933114
2136,265.10224702261826,3648.338501635113,-0.08013001750797105,0.006228547717628014,0.08037172707176646,-0.09274307581941096,0.0072089672657731545,0.09302283225898897,-2.2737367544323206e-13,175.52485745505632
2137,267.48817151937476,3799.0853062899914,0.034159134830843395,-0.04278772682376319,0.054750671768816886,0.03953603568384651,-0.04952283197194812,0.06336883306576027,4.831690603168681e-13,175.11286752010847
2138,298.829174837568,5115.895443332743,0.07049597749844805,-0.01791631713558917,0.07273704189176722,0.08159256654912969,-0.020736478166191192,0.0841863910784343,0.0,16.4929753068037
2139,230.70298181609735,864.8209988001911,-0.07799739444200274,0.030290565150007633,0.08367264712466205,-0.09027476208565131,0.0350585244791755,0.09684334157946996,2.2737367544323206e-13,21.773347964885716
2140,272.09289586390406,4685.796701907613,0.23720002771645113,-4.9026674619915225,4.908402193791691,-0.27655159594701945,-0.07107368884877735,0.2855385341200314,-2.9103830456733704e-11,165.53394223760048
2141,273.95516513252477,4488.211927256481,-0.3710957742348273,0.23907186176201442,0.441437910403379,-0.42950899795697606,0.2767035437060352,0.5109235074113182,-4.547473508864641e-13,167.65560719467496
2142,259.8955608946055,3924.6829998233848,1.209822129128304,-5.167993762970565,5.307714114214442,0.3599401054375903,-0.24002731819654513,0.43263147479471387,-3.637978807091713e-12,168.7366647136306
2143,258.27338996252075,3509.669156653993,0.3345965368823855,0.041635119397003276,0.3371769945605546,0.38726451028053877,0.04818879559838344,0.39025115111175307,-2.2737367544323206e-13,170.5827348935075
2144,227.0,0.0,0.38223875303023647,-0.07730433744847894,0.3899774671778594,0.44240596415536626,-0.08947261278759136,0.45136280923363353,-2.54504358266297,10.944903217839013
2145,302.0,4680.0,-0.3271222394490745,0.0652625335208001,0.3335688202211519,-0.3786137030660584,0.07553533972314826,0.386075023404111,2.179311363496595,8.320677709576858
2146,239.4505610365768,2648.9150086823925,0.5552750681276236,-1.2709937415004056,1.3869951305672767,0.25086975269947365,-0.06754717555423127,0.2598042604439912,7.275957614183426e-12,47.50285250213439
2147,237.9468458244086,2312.7235828666107,0.10531487517793921,0.11775018796006473,0.15797572502880147,0.12189221664113335,0.13628493976859343,0.18284227433889058,0.0,48.87414255112678
2148,291.33860200133483,5886.7287648832935,-0.18066175566843842,-0.9891292214693322,1.0054925592592567,-0.20683448026427703,0.009487069488244336,0.2070519420668842,3.637978807091713e-12,35.3524757628285
2149,292.643358000516,5725.670668625441,-0.13402947958655942,0.11899202589463924,0.17922891403106378,-0.1551267124844437,0.13772225219286952,0.20744087272113856,0.0,36.310331952544196
2150,302.0,4680.0,-0.35202540026836615,0.06685274045286546,0.35831713793811426,-0.4074368058661645,0.07737585700563132,0.41471890965059516,2.368269795127958,25.191742323265924
2151,227.0,0.0,0.43110703259158367,-0.10069679389579217,0.4427110997601172,0.4989664729069256,-0.11654721515716687,0.5123971062038394,-2.7664230056492443,33.27504680742281
2152,238.8040363225612,2608.571866527818,0.5065764967935406,-1.0393945223356895,1.1562701761115575,0.23997661324077235,-0.06107534031262735,0.24762667888742215,-3.637978807091713e-12,38.17861676693205
2153,291.89224311521525,5921.275970389432,-0.1923230890178669,-0.7941749290704473,0.8171303375431758,-0.19737982032981866,0.012935832039161507,0.19780325888108338,-1.0913936421275139e-11,28.708219092133586
2154,293.04321507633097,5993.096620763052,-0.2857859919032691,-0.003627623898527868,0.28580901459415964,-0.1458008356394696,-0.0049204441792094844,0.1458838388721943,2.546585164964199e-11,1.674088782017567
2155,294.0478476022108,5843.669479429694,-0.06934815821800451,0.06878250704288745,0.09767394905159843,-0.0802640720115793,0.0796093831514901,0.11304855214305375,0.0,2.5894494870241567
2156,294.0541493872248,5844.062710814566,0.0022467833202936553,-0.0729885262245863,0.07302309905588418,0.002600443657747254,-0.084477460908086,0.0845174757591252,2.842170943040401e-14,1.1480252925889571
2157,237.45990915298415,2524.698331146211,0.3409692995329354,-0.09785602977144656,0.3547335137629526,0.21604026537462268,-0.04219245402726368,0.22012178320189063,-5.4569682106375694e-12,2.1485193294627822
2158,236.27932026903198,2238.913373839549,0.09115708619569098,-0.08482585058701199,0.1245192326168882,0.10550588680056827,-0.09817806780904165,0.14411948219547246,-5.684341886080802e-14,1.4520525979748626
2159,236.28667963205964,2239.372598092475,0.09565881614651864,0.09014058607204582,0.13143794872092823,0.11071622239180395,0.10432938202783083,0.1521272554640373,2.842170943040401e-14,3.3603766154886716
2160,227.0,0.0,0.41247451035689336,-0.06307770548338426,0.41726971927424533,0.4774010536538118,-0.07300660356873177,0.482951063974821,-2.929513155159384,42.90695809388027
2161,302.0,4680.0,-0.3474711701988863,0.046065031612011864,0.35051134255084965,-0.40216570624871095,0.05331600881019891,0.4056844242486685,2.4999234535356436,32.45927623691981
2162,262.8870072374527,3874.3446000063655,0.10200565837501525,0.029241808766112574,0.10611426728029656,0.11806210460071212,0.033844686071889556,0.12281743898182475,-1.1368683772161603e-13,174.188978867799
2163,261.8957756309574,3812.491747761061,-0.051605474698213805,-0.008607472438542938,0.052318386831096596,-0.05972855867848819,-0.009962352359424711,0.060553688461917346,-5.968558980384842e-13,173.6460806959546
2164,270.32011466657315,4338.640627806764,0.030480440905872857,-0.06000262128252685,0.06730060801055776,0.03527828808550102,-0.06944747833625793,0.07789422223444187,-2.8421709430404007e-13,171.914985001699
2165,269.34179904025865,4277.593732724739,-0.14545147506238054,0.06862240869112986,0.16082651078847282,-0.16834661465553305,0.07942408413325215,0.18614179489406577,-1.1368683772161603e-13,172.85039065785395
2166,265.8047662440417,3369.487431839204,-0.10839846051156168,0.0623466369954858,0.12504930781865,-0.12546118114764085,0.07216045948551598,0.14473299516047453,2.5579538487363607e-13,176.38833815037634
2167,262.9300188256414,4114.033174720024,0.8774689788219353,-5.228761983195324,5.301877373695426,0.10233250230094566,-0.14312253613143036,0.1759431765538682,-3.637978807091713e-12,173.4308763468786
2168,269.0869058553552,4498.222925374165,0.5547886740330884,-5.1534438525633135,5.183220428879906,-0.0902522092796392,-0.11850238993182306,0.14895730159817488,-3.637978807091713e-12,171.88505088421303
2169,235.722370358316,2104.27591035892,-0.18788602213052638,-0.09798357999858688,0.2119007769248903,-0.21746067376218334,-0.11340692129466073,0.2452555288482527,-7.105427357601002e-14,0.24500290689841253
2170,234.5418085906019,1818.4926451055137,-0.006033810703577656,0.06836878701515645,0.06863452418084089,-0.006983577203214902,0.07913054052680145,0.07943810669078807,-9.947598300641403e-14,1.4553342398108569
2171,294.53106372791115,5773.938376621657,0.25320884355668627,-0.13746192612219943,0.2881154275434404,0.2930657911535721,-0.1590994515303234,0.33346693002713007,-2.842170943040401e-14,0.2362843332064662
2172,295.5419748154072,5624.903017533148,0.02644216660661124,0.06790227958098576,0.07286911380788257,0.030604359498392675,0.07859060136688169,0.08433925209245671,2.984279490192421e-13,1.150523459314437
2173,267.2305665632847,3465.9349468383434,-0.16233719820900086,0.07955850214032233,0.18078418400169882,-0.18789027570486205,0.09208159969944715,0.20924095370566992,-5.684341886080802e-14,176.14578920006076
2174,295.3377061975623,5653.077857398686,0.045532538968374454,-0.05373308443599927,0.07043050807649172,0.05269969788006304,-0.06219106994907322,0.08151679175519876,5.684341886080802e-14,3.2072051948257507
2175,234.7803575399602,1874.2993011653177,-0.0227486982534939,-0.026854356820359842,0.03519459834212807,-0.02632951186746978,-0.031081431505046112,0.04073448882190747,-1.1368683772161603e-13,4.178177199307104
2176,266.7549904728391,3119.7865322919574,-0.042986966852444,0.1955944594180921,0.20026250741022092,-0.049753433856995384,0.22638247617834734,0.23178530950257054,2.2737367544323206e-13,177.2528986817004
2177,229.9613896264611,713.2713458478524,-0.030253949677090452,-0.055034027688676816,0.06280163751608686,-0.03501614545959546,-0.06369679130633892,0.07268708045843388,1.2789769243681803e-13,1.5846224092721422
2178,299.4641721250246,5050.244973757832,0.017722516050132805,-0.06712474720144164,0.06942491816347111,0.020512171354320385,-0.07769067963129819,0.08035291454105453,0.0,1.2483045358490126
2179,296.32975490737255,5508.558238911417,-0.10963919644340245,0.0098600879997122,0.11008167300744053,-0.12689721810578988,0.011412138888555775,0.12740934375861174,0.0,2.22321205984283
2180,233.62182358536973,1595.5833244189464,0.15460178322262721,-0.035468426465674316,0.1586181599047447,0.17893724910026296,-0.0410514195204564,0.18358583322308417,0.0,2.8753953433742554
2181,300.50292947202786,4898.582799054539,0.14906393020364633,0.07941688793642981,0.16889966659903446,0.172527696994961,0.09191769437086784,0.19548572523036392,1.1368683772161603e-13,0.23628950704956656
2182,228.74830838301085,421.0944430998771,-0.29124483867883155,0.17366407254199637,0.339091088277074,-0.337088933656055,0.20100008396064395,0.3924665373577245,0.0,0.24504902384002475
2183,237.4676160355404,2759.179240617721,-0.1999489065567474,0.25021054244608254,0.3202887459534003,-0.0023142234555179097,0.0028959553523852143,0.0037070456707569473,-1.604855950453066e-11,0.24501407059336927
2184,237.46926479316573,2759.2821230935488,0.05589474899360749,0.06308330203931328,0.08428360434415233,0.0006469299652037905,0.0007301308106401996,0.0009755046799091702,1.2732925824820995e-11,1.2035518342796165
2185,237.47738507889983,2993.7888289233565,-0.12532927431604496,0.1261158595211487,0.1777994291985904,-0.0014505703045838533,0.0014596743000132948,0.0020578637638725738,1.8189894035458565e-11,0.8842773560265669
2186,237.4806072094368,3227.989889868857,-0.050709642075342454,0.002021176596214798,0.05074990595304023,-0.0005869171536497969,2.339324764137503e-05,0.0005873831707527804,-3.637978807091713e-12,0.2451012547074061
2187,237.48225819874207,3228.0929116015122,-0.01377766520769268,-0.04875889904692465,0.05066807964432296,-0.00015946371768162828,-0.0005643391093394057,0.0005864361069944788,2.000888343900442e-11,0.5647204065653124
2188,293.03661569846366,6226.684819584132,-0.04339314396205626,0.25589836338996175,0.25955141557805583,-0.0005022354625237993,0.002961786613309742,0.003004067309931202,0.0,0.23632330061170498
2189,293.0282504992606,6460.162831153868,0.020854898019945226,0.10693170371039175,0.10894639062322957,0.00024137613449010676,0.0012376354596110156,0.001260953595176268,-7.275957614183426e-12,0.7191896810915012
2190,293.03520387284675,6226.5967216656445,-0.18312492542624773,0.1285791209599396,0.22375729856073873,-0.0021195014516926817,0.001488184270369671,0.002589783548156698,1.8189894035458565e-11,0.9603322733081183
2191,293.0254913996123,6693.990663335807,0.08510294000194671,-0.04203495596917827,0.09491811165581465,0.0009849877315040128,-0.00048651569408771143,0.0010985892552756325,0.0,0.23641970704160914
2192,293.02407766297574,6693.902446169694,0.04858620169603269,-0.07491651265135794,0.0892922329381937,0.0005623402974077857,-0.0008670892667981242,0.0010334749182661306,-3.092281986027956e-11,0.47782950065547014
2193,237.47783942878777,2759.817180356364,0.007995885075639505,-0.03649767350880439,0.03736327541447773,9.254496615323497e-05,-0.0004224267767222731,0.00043244531729719606,-1.0913936421275139e-11,2.632342145379176
2194,237.4858967834333,3462.319959286238,0.023154311659957096,-0.09953897469006409,0.10219652455340957,0.00026798971828654043,-0.0011520714663201862,0.0011828301452940922,-1.8189894035458565e-12,0.2450598415694844
2195,237.49084352702215,3228.628636086189,0.08733741223340001,0.058915206276882646,0.10535096158210651,0.001010849678627315,0.0006818889615379935,0.0012193398331262328,1.0913936421275139e-11,1.0411771822826894
2196,293.0278614411413,6226.138553927223,-0.04570278842322311,-0.03469690109696852,0.05738135424849009,-0.0005289674586021193,-0.00040158450343713554,0.0006641360445427092,-7.275957614183426e-12,2.0395225443859903
2197,293.0209619550207,6927.708025993292,0.012069463390118643,-0.10779806933353761,0.10847163545629611,0.00013969286331155835,-0.001247662839508537,0.0012554587437071307,3.637978807091713e-12,0.23639131291863916
2198,293.01672607497255,6693.443707078294,-0.12069156952534164,0.07113074120030273,0.14009295948831554,-0.0013968931658025652,0.0008232724675960964,0.0016214462903740225,-3.637978807091713e-12,0.8376994251762764
2199,245.75340805244548,3276.2126624726016,2.388844130922045,-0.18267513547558348,2.395818542160846,0.027648658922708853,-0.002114295549485921,0.027729381275009797,-1.0913936421275139e-11,74.58277816975917
2200,245.37073299240316,3252.3337387259608,-3.70846373018489,0.875668413730058,3.8104459593204236,-0.04292203391417697,0.010135051084838639,0.04410238378843083,2.000888343900442e-11,73.04958983592113
2201,245.58217143384707,3967.527497472057,0.8167125789588894,-5.1564969512203565,5.220773912417058,0.009452691886098256,-0.05968167767616153,0.06042562398630853,-7.275957614183426e-12,0.24844553681192902
2202,245.38960828391464,3721.511556916277,2.1557769378397853,-0.3616317471592056,2.1858983796771754,0.024951121965738253,-0.004185552629157476,0.02529974976478212,-7.275957614183426e-12,24.521703725828466
2203,245.77265653224356,3745.4137676120017,-4.129009485409482,1.1510516431590438,4.286448321841827,-0.04778946163668382,0.01332235698100745,0.04961167039168781,1.8189894035458565e-11,25.033497636585153
2204,245.1950785700343,3475.372902770147,-2.539463469344814,5.691438141116343,6.232282312788041,-0.029391938302602005,0.06587312663329101,0.07213289713875047,-3.637978807091713e-12,48.28699052269263
2205,244.99869015888626,3229.118265914506,-3.736528613291417,1.018176138771987,3.8727675798464993,-0.04324685895013214,0.011784446050601702,0.04482369884081596,1.4551915228366852e-11,71.54848330434866
2206,245.01720944181727,3698.273869169401,2.1340401207013757,-0.21972572515974778,2.1453220343482515,0.024699538434043697,-0.0025431218189785614,0.024830116138289938,3.2741809263825417e-11,24.020465098340708
2207,246.1469252532684,3300.768135803955,2.4184979095690546,-0.33093873360695786,2.4410351459967274,0.027991873953345535,-0.0038303094167471967,0.028252721597184338,1.0913936421275139e-11,76.15108102858245
2208,245.96094766898796,3523.163134544859,-2.726942031487146,6.14577798222895,6.723600214910267,-0.031561829068138265,0.07113168960913138,0.0778194469318318,-7.275957614183426e-12,50.3334009480747
2209,246.16656478456974,3769.993642557159,-4.1063117967225224,1.0034645960102473,4.227142979288559,-0.04752675690651067,0.011614173564933421,0.04892526596398795,1.8189894035458565e-12,25.556902634250473
2210,240.81101485845545,2967.8073271676235,1.483733096836293,-0.07629924052939653,1.4856936012357256,0.01717283676893857,-0.0008830930616828297,0.01719552779208015,-1.8189894035458565e-12,48.869696865801686
2211,241.05100448740922,2982.7826800143384,1.5011696491685287,-0.19319070231411253,1.5135497887566776,0.017374648717228335,-0.002236003499005931,0.01751793736986895,-9.094947017729282e-13,50.941970219940174
2212,240.9396018346751,3209.8311544837334,-1.6751486242288913,3.764641271370922,4.1205153579819624,-0.019388294261908464,0.04357223693716345,0.04769114997664309,3.637978807091713e-12,33.34448207847891
2213,240.82649296474625,3436.7731610001697,-2.5096318100463537,0.7053350872094716,2.6068658207213753,-0.02904666446812909,0.008163600546405919,0.030172058110201103,-5.4569682106375694e-12,16.44678767179798
2214,241.0665214061071,3451.7509357410872,-2.4927424576542374,0.5878136043216681,2.5611110467173654,-0.028851185852479592,0.006803398198167452,0.02964248896663616,-2.7284841053187847e-12,17.131762274000216
2215,238.2465806727781,2807.7866339813568,-0.9436057723364097,0.15633801903667569,0.9564692518753043,-0.01092136310574548,0.0018094678129244874,0.011070245970778981,-1.0913936421275139e-11,21.50729521341105
2216,238.2018650535281,3038.996379340161,-0.7320956494927033,1.5930160906794744,1.7531868996686744,-0.008473329276535917,0.01843768623471614,0.02029151504246151,-7.275957614183426e-12,13.910061791742903
2217,238.14174420375474,2801.244838314299,-0.9614442415219969,0.2618399460230675,0.9964613323602531,-0.011127826869467554,0.0030305549308225414,0.011533117272688112,1.8189894035458565e-12,19.967777637147282
2218,238.89038050271142,2847.959743369196,0.9797634790893871,0.0004592056584850624,0.9797635867020047,0.011339855082053091,5.314880306541825e-06,0.011339856327569498,-9.094947017729282e-13,29.551154662873763
2219,239.04368501846335,2857.5259451521165,0.999573075921819,-0.11233295942087392,1.0058653129917834,0.0115691328231692,-0.0013001499932971518,0.011641959641108602,-1.3642420526593924e-11,31.254947689815175
2220,238.9752481444173,3087.255484211646,-1.0903300547499803,2.4315427005489387,2.6648113503368154,-0.01261956081886551,0.02814285533042753,0.030842723962231658,-2.1827872842550278e-11,20.357540064931356
2221,238.2605372116853,3276.6575220091654,0.6150895516398768,-0.10432071800709221,0.6238733595386646,0.007119092032868943,-0.0012074157176746793,0.0072207564761419514,7.275957614183426e-12,7.337075045233017
2222,238.1555712937925,3270.107648732655,0.5995460773647756,0.0010188092897314152,0.5995469429960079,0.006939190710240458,1.1791774186705775e-05,0.0069392007291204615,2.8194335754960775e-11,6.823407275287618
2223,238.905111345864,3316.878947981916,-1.5964644413040086,0.4550303783585841,1.6600455890056984,-0.01847759770027788,0.005266555305076205,0.019213490613491882,-1.8189894035458565e-12,10.022255519448878
2224,239.0585863014381,3326.455785209742,-1.5797579666510155,0.3426925816647519,1.616500367684896,-0.018284235725127496,0.003966349324823514,0.018709494996352962,1.3642420526593924e-11,10.59129838228285
2225,244.2857084502587,3184.628207296147,2.137738996064402,-0.1566966610470273,2.1434742496418577,0.02474234949148613,-0.0018136187621183698,0.024808729741225197,7.275957614183426e-12,68.62667429232083
2226,244.63707904857662,3206.5537326311846,2.164325224832815,-0.2939656879759997,2.1841976798254357,0.025050060472602022,-0.0034023806478703654,0.025280065738720322,-3.637978807091713e-12,70.07572586097979
2227,244.4713845573262,3430.2143963771614,-2.437157844982208,5.4906527547901245,6.007246127390046,-0.028207845428034808,0.06354922169895978,0.06952831165960702,-3.637978807091713e-12,46.320064612678884
2228,244.30356601308713,3653.7425192166406,-3.6853639549769834,1.0283745375334015,3.8261549459072657,-0.042654675404826196,0.011902483073303261,0.04428420076281557,9.094947017729282e-12,23.044150423019598
2229,244.65525913593265,3675.688170082201,-3.6645080930602494,0.8916307152620205,3.7714221318360437,-0.04241328811412325,0.010319799945162285,0.04365071911847272,-3.637978807091713e-12,23.528490625716746
2230,237.51248185860558,2761.9788679769936,0.2571462339365396,0.10105071267552714,0.2762886754102989,0.00297622955945069,0.0011695684337445268,0.0031977855950266077,5.4569682106375694e-12,5.250511484202198
2231,237.5418165192938,2763.809350803937,0.2720104871071331,0.0021067270202654175,0.27201864530762915,0.0031482695267029295,2.4383414586404924e-05,0.003148363950319782,1.1823431123048067e-11,6.686923622017906
2232,237.53439337247855,2997.34614644267,-0.24794240221242977,0.5177031860148241,0.5740139576915965,-0.0028697037293105294,0.005991935023319722,0.006643680065874958,-1.4551915228366852e-11,4.06158306941657
2233,237.67416060173633,2772.0676215483504,0.42864582708240034,0.07500223206548222,0.43515810907066815,0.004961178554194448,0.0008680813896467856,0.005036552188317918,9.094947017729282e-12,11.028908918316322
2234,237.7331582477757,2775.7490746612066,0.44457067591799765,-0.02571811374315808,0.44531394236054556,0.005145493934236085,-0.00029766335350877383,0.005154096555098908,-1.2732925824820995e-11,12.49089819350668
2235,237.71102509149654,3008.3679657093894,-0.44877967573821625,0.9746564269249548,1.0730136755427764,-0.005194209209933058,0.011280745682001792,0.012419139763226577,3.637978807091713e-12,7.923234683514121
2236,237.68740813112214,3240.894267382025,-0.6015684799185436,0.18203984861725955,0.6285086654264219,-0.006962598147205365,0.002106942692329391,0.007274405849842845,-5.4569682106375694e-12,3.8416261041850444
2237,237.74647899630827,3244.5802893696396,-0.5869308328839491,0.081339398132127,0.592540209840938,-0.006793180936156817,0.0009414282191218386,0.006858104280566411,1.8189894035458565e-12,4.329259180823942
2238,237.52552871644025,3230.792991905877,-0.2881235412604837,0.09641391544952736,0.3038269542367666,-0.003334763209033376,0.0011159017991843438,0.00351651567403665,2.7284841053187847e-12,1.9143688852779737
2239,237.55489974116122,3232.6257438484636,-0.27388642046596773,-0.0026029638896139244,0.2738987892208936,-0.0031699817183561073,-3.0126896870532166e-05,0.0031701248752418233,3.637978807091713e-12,2.3934445206683623
2240,243.2912691188638,3122.575193017104,-3.097911580375414,0.7223687577809882,3.1810175702190238,-0.03585545810619691,0.008360749511354024,0.0368173329886461,2.2737367544323206e-11,64.35266271626807
2241,243.14454893629392,3347.4198536247472,-2.132857664623948,4.773183347841338,5.228036064303207,-0.02468585259981421,0.05524517763705252,0.060509676670176,-3.637978807091713e-12,42.50258245455094
2242,242.9791349544719,3103.0980211590504,-3.1218216200347695,0.8506467568108101,3.2356406061534804,-0.03613219467632835,0.009845448574199193,0.037449544052702316,-2.7284841053187847e-12,62.9186951617199
2243,242.3829949594033,3065.8988854667696,1.7946904059511062,-0.11793733886207582,1.7985613331523655,0.02077187969850817,-0.0013650154960888376,0.020816682096670897,6.366462912410498e-12,59.941831474004275
2244,242.67642280387042,3084.208782961518,1.817336820173302,-0.24240434139837544,1.8334320229248722,0.021033990974228027,-0.002805605803221935,0.02122027804311194,-7.275957614183426e-12,61.455412742127244
2245,242.53878721869705,3309.620322446703,-2.0399372788272805,4.591560508070735,5.024318063262321,-0.023610385171612045,0.05314306143600387,0.05815182943590649,3.637978807091713e-12,40.537827012014276
2246,239.93824752223048,2913.3466453871874,1.283331070041626,-0.04213191622083368,1.2840224817730506,0.014853368866222518,-0.0004876379192226121,0.01486137131681771,1.4551915228366852e-11,40.54460545799392
2247,240.14330610902147,2926.142301202943,1.300265463138708,-0.1602147805818729,1.3100988705239833,0.015049368786327639,-0.0018543377382161223,0.01516318137180536,-6.366462912410498e-12,42.579344892833745
2248,240.04937818276986,3154.281198604846,-1.4398984634120453,3.2282497792893206,3.534813180695398,-0.016665491474676452,0.03736400207510787,0.04091218959138192,7.275957614183426e-12,27.79764811735135
2249,243.30825594281148,3591.63517083144,1.8093313039175183,-0.3035435330531722,1.8346167021463282,0.020941334536082386,-0.0035132353362635677,0.021233989608175095,-2.7284841053187847e-11,21.613032678786098
2250,242.99586321467854,3572.1418645959443,1.7900141466566264,-0.17563853756717143,1.7986104472924604,0.020717756327044288,-0.0020328534440644847,0.020817250547366443,0.0,21.13163664360318
2251,242.39925574203033,3534.9135583026964,-3.0748667341790306,0.8600116175819125,3.1928710301759256,-0.03558873534929434,0.009953838166457325,0.03695452581222136,1.0913936421275139e-11,20.130518653744254
2252,242.69290867454464,3553.237501291589,-3.0562239077547773,0.7357897208714107,3.143547532274947,-0.03537296189530992,0.008516084732307989,0.03638365199392299,-1.0913936421275139e-11,20.639711280900496
2253,237.95537785120405,2789.615577915136,0.6049470240730118,0.049789690219267414,0.6069925165823082,0.007001701667511711,0.0005762695627230019,0.007025376349332271,3.637978807091713e-12,16.937952761597654
2254,237.87371773493362,2784.5199866598614,-0.6239108964903615,0.0723139881692005,0.6280876687567921,-0.007221190931601403,0.0008369674556620422,0.00726953320320361,-3.637978807091713e-12,15.44408784415605
2255,238.74538364993447,2838.9119397559143,-1.2739624881364044,0.24215965523720365,1.2967735807778087,-0.01474493620528246,0.0028027737874676347,0.015008953481224638,-3.637978807091713e-12,27.885081313131195
2256,240.5797233152052,2953.374734868808,-2.170271567098176,0.4787210742638682,2.2224429220790185,-0.02511888387845111,0.005540753174350324,0.025722719005544188,-3.637978807091713e-12,46.7654066559831
2257,237.49049858327948,2760.6071115966447,0.018903771590188082,-0.1427633775718034,0.14400949467324473,0.00021879365266421394,-0.0016523539070810577,0.0016667765587181102,7.275957614183426e-12,3.8177662989218244
2258,243.61297146717743,3142.6494195518753,2.0193277886134537,-0.14379306187455823,2.0244409506107512,0.023371849405248304,-0.0016642715494740586,0.023431029520957766,-2.1827872842550278e-11,65.77397080954614
2259,239.95375267994513,3382.314167228581,-2.140337445405624,0.6046929059702344,2.224117328455538,-0.024772424136639166,0.006998760485766596,0.025742098708976133,-1.0913936421275139e-11,13.689130751159325
2260,240.1588220246989,3395.110494341215,-2.12356860848957,0.48727363084566516,2.178756348534605,-0.024578340376036695,0.005639741097750756,0.025217087367298677,2.2737367544323206e-11,14.364730685706872
2261,237.57852309939466,2766.09984140223,0.3424160525646627,0.08790623890511406,0.3535198154169138,0.003963148756535448,0.0010174333206610427,0.004091664530288354,0.0,8.128061121995744
2262,238.04469919074853,2795.189229502712,0.6221058246262829,-0.05383198949340049,0.6244305727034553,0.007200298896137532,-0.000623055433951394,0.007227205702586286,7.275957614183426e-12,18.44529475280094
2263,238.60859678469626,2830.37643936505,-1.2932148083950286,0.35227928107197654,1.3403377307696664,-0.014967763986053569,0.004077306493888616,0.015513168180204472,-3.637978807091713e-12,26.251614456807218
2264,238.47992573995205,2822.3473661730113,0.806559753570814,-0.08256132818856689,0.8107743267965953,0.009335182332995533,-0.0009555709281084142,0.009383962115701337,1.4551915228366852e-11,24.64644393344128
2265,239.20539835721115,2867.6168574899793,-1.6393223195985298,0.4467344641262421,1.699102512790816,-0.018973637958316317,0.005170537779238913,0.019665538342486296,-7.275957614183426e-12,33.002330713357814
2266,241.29970987986914,2998.3018965038377,1.5843539647214684,-0.09115050711838969,1.5869738184597046,0.018337430147239216,-0.0010549827212776588,0.0183677525284688,-1.4551915228366852e-11,52.94992895322098
2267,242.09872230813778,3048.160272027801,1.7090964249859657,-0.22593263312362336,1.7239652388055806,0.01978120862252275,-0.002614961031523417,0.01995330137506459,-2.1827872842550278e-11,58.35332179595662
2268,243.94439674558333,3163.3303569244035,2.044532347340646,-0.2763281828990392,2.0631213691846964,0.023663568834961176,-0.0031982428576277718,0.0238787195507488,5.4569682106375694e-11,67.19533950801531
2269,237.799661792233,2779.8988958353425,-0.6404301413129057,0.17434292987776343,0.6637365615215355,-0.007412385894825295,0.0020178579846963367,0.007682136128721474,7.275957614183426e-12,13.962195468200958
2270,239.5544523458882,2889.39782638343,1.180947385423941,-0.0262670004366003,1.1812394687156278,0.013668372516480795,-0.0003040162087569465,0.013671753110134579,0.0,36.653240206898715
2271,239.37562188470716,2878.238805605734,-1.6194481802271585,0.3312361711086614,1.6529760462546883,-0.018743613197073593,0.0038337519804243227,0.019131667202021856,-3.637978807091713e-12,34.7996763536185
2272,239.74197312048238,2901.099122718106,1.199852451248486,-0.1438591445856152,1.2084458441518617,0.013887181148709326,-0.0016650363956668432,0.013986641714720619,1.8189894035458565e-11,38.56776846427739
2273,240.35714184677093,2939.4856512385095,-2.1862904288155223,0.5957989087695256,2.2660190155471596,-0.02530428737055002,0.006895820703350988,0.02622707193920323,-3.637978807091713e-12,44.65971540766613
2274,239.48115763254688,3586.824236270925,0.4100999443020972,-2.413151970941091,2.447750885848774,0.004746527133126123,-0.02792999966367004,0.028330450067694142,7.275957614183426e-12,0.2461073991464558
2275,239.39084430118947,3347.18868439423,0.9918795431068557,-0.16714041594728066,1.0058632842871316,0.011480087304477495,-0.0019344955549453803,0.011641936160730688,-1.8189894035458565e-11,11.775004685158724
2276,239.5698060399237,3358.3558968912453,-1.9561998944269756,0.5540940650861227,2.0331596739852418,-0.022641202481793698,0.006413125753311603,0.023531940671125483,-3.2741809263825417e-11,12.393456447004638
2277,237.6226275375739,2768.851958344614,0.35778946920906485,-0.011789170350491445,0.35798364322194565,0.004141081819549361,-0.0001364487309084648,0.0041433292039577034,3.637978807091713e-12,9.575015194351707
2278,238.35928166169032,2814.8191756894794,0.7880088999153236,0.02511042532561048,0.7884088785685963,0.00912047337864958,0.00029062992275012,0.009125102761210604,-2.1827872842550278e-11,23.0660056758027
2279,241.82348618156567,3030.985537729703,1.6878469189673475,-0.10480551477717916,1.6910976961119892,0.01953526526582578,-0.0012130267914025373,0.01957289000129617,1.8189894035458565e-11,56.66594171159383
2280,241.55717930494137,3014.3679886283467,1.6038748166517787,-0.20959340852557853,1.6175116149156847,0.01856336593346966,-0.0024258496357127163,0.018721199246709317,1.8189894035458565e-11,54.86428682103992
2281,241.96995557990334,3274.1252281859774,-1.9155209295277598,4.309697868205776,4.716218415921415,-0.022170381128793513,0.049880762363492766,0.054585861295386735,1.8189894035458565e-11,38.40520524424097
2282,241.8393592944276,3499.9760199722873,-2.882864789241141,0.8072576147728359,2.9937558767633505,-0.0333664906162169,0.00934325943024116,0.03464995227735358,-2.8194335754960775e-11,19.03146351763185
2283,242.11477774979988,3517.1621315875163,-2.8648564039143696,0.6861442719785006,2.9458778279178652,-0.033158060230490394,0.007941484629380801,0.034095808193493816,-3.637978807091713e-12,19.59662069077027
2284,237.7805003007161,3480.7032187646855,0.1869598226702842,-0.9027754571395026,0.9219313972885086,0.0021638868364616225,-0.010448790013188686,0.010670502283431811,3.637978807091713e-12,0.24572907207980393
2285,237.81306505032342,3248.7352591401846,0.4227196610533043,0.027300242383533378,0.42360030108018115,0.004892588669598429,0.0003159750275871928,0.004902781262502097,-7.275957614183426e-12,4.8200098179788124
2286,239.8564309999732,3610.2412943983286,0.444087980214118,-2.6464296911423153,2.6834314308978096,0.005139907178404143,-0.03062997327711013,0.031058234153909833,-3.637978807091713e-12,0.24528921493967612
2287,239.75742418744937,3370.063269296846,-1.9392058764709652,0.43745520498551055,1.9879352322720274,-0.02244451245915469,0.005063138946591557,0.023008509632778094,0.0,13.031470258349199
2288,240.2665757240256,3635.8343251791985,0.4776256540462257,-2.881268241391453,2.920587773763028,0.005528074699609093,-0.033348012053141814,0.033803099233368376,-1.4551915228366852e-11,0.24461367604299863
2289,240.3726400797945,3408.452740979181,1.274968468604223,-0.09920268819043167,1.2788220240827908,0.014756579497734063,-0.0011481792614633295,0.01480118083429156,1.0913936421275139e-11,15.05417079847444
2290,237.51523387185523,3464.150593603766,0.10037601220391189,-0.30390176928608503,0.3200494168111742,0.0011617594005082393,-0.003517381588959317,0.003704275657536738,0.0,0.24516617527824774
2291,237.5035183241829,3229.4195434290177,0.12594826250537744,-0.04326619102112784,0.13317255015054788,0.0014577345197381646,-0.0005007660997815721,0.0015413489600757853,-1.0913936421275139e-11,1.4365078805731102
2292,237.57399018713832,3467.8169876774314,0.12885025379294382,-0.5019355279643676,0.5182100559959971,0.0014913223818627756,-0.005809438981069068,0.005997801574027743,3.637978807091713e-12,0.24535216154637907
2293,237.5916519772676,3234.919083381501,-0.44422451573516064,0.13903253223404488,0.46547337775596653,-0.005141487450638433,0.0016091728267829271,0.00538742335365702,7.275957614183426e-12,2.8741009326218427
2294,237.66232993574135,3473.3293879902603,0.1576845286010952,-0.7013745561692375,0.7188815469893107,0.0018250524143645277,-0.008117761066773583,0.008320388275339244,7.275957614183426e-12,0.24553971944074926
2295,237.63581114828276,3237.6746156528475,-0.42980737833108495,0.0393130181316099,0.4316015475672634,-0.004974622434387557,0.00045501178393066974,0.00499538828202851,-7.275957614183426e-12,3.356703011800911
2296,237.9288318045431,3489.95910460349,0.21675752379237911,-1.1067010037832603,1.1277282189851772,0.002508767636485869,-0.012809039395639587,0.01305240994195807,-1.8189894035458565e-11,0.24591981271583374
2297,237.8872128416935,3253.3620813216776,0.4376185116143517,-0.0746625309383455,0.4439419502971981,0.005065029069610551,-0.000864149663638258,0.005138217017328681,0.0,5.314311411468609
2298,237.96897418711524,3258.463989275994,-0.9217485848791082,0.2697037750928616,0.9603960537330312,-0.010668386399063753,0.0031215714709821947,0.01111569506635453,7.275957614183426e-12,5.812629222117643
2299,238.10773909477007,3501.122919513652,0.24715966504508838,-1.3137185999584198,1.336766419350034,0.0028606442713551895,-0.015205076388407636,0.015471833557292059,0.0,0.24611113122321582
2300,238.05840619597052,3264.0445466285637,-0.9065475142527536,0.16619497700528182,0.9216556656255267,-0.010492448081629092,0.00192355297459817,0.010667310944739892,-3.637978807091713e-12,6.315472714850182
2301,238.31772153100007,3514.2258235344048,0.27824661359529074,-1.524397654552067,1.5495836173569628,0.0032204469166121612,-0.017643491372130407,0.017934995571261145,1.0913936421275139e-11,0.24629962401554212
2302,238.37337695324806,3283.698721882682,-1.2522256089836001,0.3603817799053476,1.3030518036832206,-0.014493351955828702,0.00417108541557115,0.01508161809818542,-2.546585164964199e-11,7.8572123040604405
2303,238.55936277762723,3529.304237323939,0.31009159220428456,-1.7392974069449845,1.7667235961975871,0.00358902305791996,-0.020130757024826206,0.020448189770805404,3.637978807091713e-12,0.2464720157422965
2304,238.49416874110324,3291.2361294448456,-1.2363031196791032,0.25293190370888885,1.261911229699651,-0.014309063885174804,0.00292745258922325,0.014605454047449663,1.4551915228366852e-11,8.384681105965889
2305,238.62299581307968,3299.2749387361755,0.7830458520486294,-0.02530087764667949,0.7834544918629648,0.009063030695007286,-0.0002928342320217522,0.009067760322488018,-2.1827872842550278e-11,8.920500305369595
2306,238.8333268543655,3546.3995957124075,0.3427395932454381,-1.9589235496181243,1.988680945256559,0.003966893440340719,-0.022672726268728287,0.023017140570099057,0.0,0.2465856358046893
2307,238.75994605411537,3307.820633776803,0.7993698525692063,-0.13511394898324944,0.8107082955085404,0.009251965886217666,-0.0015638188539727927,0.00938319786468218,-3.637978807091713e-12,9.46587817679101
2308,239.14034264070526,3565.557380780008,0.37615254255142433,-2.1835991430057886,2.215760806721591,0.004353617390641485,-0.025273138229233664,0.025645379707425822,3.637978807091713e-12,0.24652663753844448
2309,239.22046631402696,3336.557097995286,0.9749058422315192,-0.05236400197962938,0.9763111132832968,0.011283632433235175,-0.0006060648377271923,0.011299897144482601,-7.275957614183426e-12,11.174898345612686
2310,240.7116904452444,3663.6094837832497,0.5108971165268276,-3.115941563710777,3.1575477339441425,0.005913161070912354,-0.03606413846887473,0.03654569136509424,3.637978807091713e-12,0.2447330388495182
2311,240.59520007834652,3422.3404848888263,1.2916041998445242,-0.2165393493500937,1.309629985481768,0.014949122683385694,-0.0025062424693297895,0.015157754461594532,3.637978807091713e-12,15.75101925396741
2312,241.1917632238588,3693.566025168789,0.5446758213110605,-3.350984529486384,3.394962307180738,0.006304118302211348,-0.03878454316535167,0.039293545221999286,0.0,0.24544953103152686
2313,241.3153079884854,3467.2752184814917,-2.6949613383922135,0.7558242394884437,2.7989438894745704,-0.031191682157317286,0.008747965734819948,0.03239518390595567,0.0,17.79601091058013
2314,241.70699005634597,3725.7161795159886,0.5794886044720073,-3.5885535243655093,3.635041050655279,0.006707044033240826,-0.04153418430978598,0.04207223438258424,0.0,0.24617724416599496
2315,241.5728981438475,3483.34884417609,-2.6775549468117403,0.637039742048881,2.7522936119072994,-0.030990219291802543,0.007373145162602789,0.031855250137815955,-1.0913936421275139e-11,18.431048513130374
2316,242.25789762901383,3760.0928120504627,0.615505375125549,-3.8307802099541797,3.8799128706434933,0.007123904804693855,-0.04433773391150671,0.04490639896578117,0.0,0.24671005976992982
2317,242.84529119683586,3796.7461706825575,0.6527910279740567,-4.0792240033751845,4.131126310815937,0.007555451712662692,-0.04721324077980538,0.047813961930740015,0.0,0.24710016947669275
2318,237.84414694273707,3016.6747692268,-0.5241299990318663,1.120678314797283,1.237187189208659,-0.0060663194332391925,0.012970813828672254,0.014319296171396512,0.0,9.885879918069183
2319,244.83723449095066,3921.0434322353212,0.7732389446820706,-4.872684907221441,4.933655507900472,0.008949524822709148,-0.056396816055803704,0.0571024943044036,0.0,0.24809580440601015
2320,244.13372209294525,3877.1442585997834,0.7315272208486016,-4.599197262678679,4.65701057931733,0.008466750241303257,-0.053231449799521754,0.0539005854087654,3.637978807091713e-12,0.24775963276956686
2321,243.96194810576807,3632.425561799931,-3.4552590687984726,0.8382943392186216,3.555496116110953,-0.03999142440738974,0.009702480777993305,0.04115157541795086,3.2741809263825417e-11,22.56537100561914
2322,243.47017769533315,3835.7390881887886,0.6914253424958405,-4.335033994347185,4.389827870929702,0.008002608130738895,-0.05017400456420353,0.05080819295057526,-3.637978807091713e-12,0.24743299394847418
2323,243.63023265174292,3611.7265174687614,-3.475310007974853,0.9703759733843685,3.6082418407379286,-0.04022349546267192,0.011231203395652416,0.04176205834187418,5.820766091346741e-11,22.08947247419984
2324,239.65675421921463,3129.7814632790073,-1.3222455132705264,2.959284849939815,3.2412497621206784,-0.015303767514705165,0.0342509820594886,0.0375144648393597,1.4551915228366852e-11,25.165362157274334
2325,238.68501945902634,3069.1452142432504,-0.9482217281025569,2.083098822785824,2.2887606146422312,-0.010974788519705517,0.024109940078539626,0.026490284891692487,0.0,18.132742879110175
2326,239.29890845574482,3107.4518876384873,-1.1745616413877942,2.595553540451674,2.848945985934238,-0.013594463441988357,0.03004112894041289,0.03297391187423886,1.4551915228366852e-11,22.69137316069176
2327,238.42746011401894,3053.073511114789,-0.867796137864447,1.9264909948808486,2.112921600592282,-0.010043936780838507,0.0222973494777876,0.02445511111796623,1.4551915228366852e-11,15.990091757468505
2328,238.00760797560926,3026.8747376780266,-0.654639174961953,1.4425203228785568,1.5841140524951234,-0.00757684230280038,0.01669583707035367,0.018334653385360222,1.4551915228366852e-11,11.878762677946588
2329,240.4770199918824,3180.966047493469,-1.5279172782724821,3.3977871496046217,3.7255185844740986,-0.017684227757783357,0.0393262401574609,0.043119428061042804,0.0,30.558260545285215
2330,246.5515053365817,3326.013933002705,2.5224662218498746,-0.1958410439688353,2.530057223636727,0.02919521090104021,-0.002266678749639288,0.029283069718017668,7.275957614183426e-12,77.75706296540054
2331,241.4371260751111,3240.8766670869404,-1.7941831894139277,4.034692101733421,4.4156351381161,-0.020766009136735274,0.04669782525154422,0.05110688817264004,1.4551915228366852e-11,36.00392769930305
2332,246.37014086932288,4016.6967902457477,0.8621079563328105,-5.45167104551795,5.519415486889089,0.009978101346444567,-0.0630980445083096,0.06388212369084592,0.0,0.24880519415227265
2333,246.57155365016462,3795.264947770279,-4.364224045364401,1.2161800767436308,4.530512719020328,-0.05051185237690279,0.014076158295643878,0.05243648980347601,-9.094947017729282e-12,26.09280356864022
2334,243.7883352747774,3387.5921211461173,-2.3002596075274524,5.180941034623333,5.668628076198529,-0.02662337508712329,0.05996459530814042,0.06560912125229779,0.0,44.40631257962181
2335,237.60787007287544,3001.9310925474347,-0.3478749320240932,0.7451381940233316,0.8223429312173357,-0.004026330231760337,0.008624284653047818,0.009517858000200644,0.0,5.983881462620655
2336,275.22915234123883,5115.499106093306,3.567367726912639,-0.929805894329642,3.6865500810578977,0.04128897832074813,-0.010761642295481965,0.04266840371594789,1.8189894035458565e-11,113.26127283360492
2337,274.5560045872975,5073.494686247366,-7.632225390757188,2.2839902162864907,7.966647709257083,-0.08833594202265264,0.026435071947760305,0.09220657070899402,-2.9103830456733704e-11,116.03323656324534
2338,274.8617531548172,5794.573396860595,1.1526076222548043,-9.005277274560752,9.078740172656127,0.013340365998319493,-0.10422774623334205,0.10507801125759407,3.637978807091713e-12,0.22506203942418607
2339,274.5273190301789,5539.704707483166,3.925832277838363,-0.6441788631047144,3.978331997381369,0.045437873586092165,-0.007455773878526793,0.04604550922895103,1.2732925824820995e-11,38.79376519731432
2340,275.1993477991915,5581.639302669554,-6.973317374225259,1.8617967994103621,7.217578716160049,-0.08070969183131087,0.021548574067249554,0.08353679069629685,1.0913936421275139e-11,37.88714231098403
2341,274.1956082302853,5285.00595356981,-4.5939673816040285,10.617177389782528,11.568448125368896,-0.053170918768565126,0.12288399756692737,0.1338940755251029,0.0,78.26705917159853
2342,273.86603491803135,5030.440578885159,-7.5591334371450865,2.0564752025880835,7.8338744296436476,-0.08748997033732739,0.023801796326250967,0.09066984293569037,1.6370904631912708e-11,118.64441568770377
2343,273.83920114432635,5496.766151405968,3.9637074398990326,-0.8538392551587167,4.054629223833041,0.04587624351734992,-0.009882398786559223,0.0469285789795491,1.0913936421275139e-11,39.646892885274156
2344,246.96737862699885,3351.964426324732,2.5537972274294662,-0.3504045252457176,2.577724502373965,0.02955783828043363,-0.004055607931084694,0.029834774333031996,7.275957614183426e-12,79.40298965633036
2345,246.77067639650895,3573.6902071421705,-2.8808859678482057,6.493591152600458,7.103958756698664,-0.033343587590835715,0.07515730500694974,0.0822217448691975,0.0,52.47634268962571
2346,246.98785375542406,3821.2420743384646,-4.340484873013525,1.062374331894125,4.468606958989201,-0.050237093437656526,0.012295999211737562,0.0517199879512639,2.546585164964199e-11,26.64197670235204
2347,247.394785349985,3378.6346058390673,2.6620930114624537,-0.2092007890676453,2.6703003898108095,0.030811261706741352,-0.002421305429023668,0.030906254511699174,-7.275957614183426e-12,81.09089995161523
2348,247.83397670346153,3406.040146296003,2.695221951788702,-0.3706285588961052,2.7205857637782906,0.031194698516072934,-0.004289682394630846,0.03148826115484132,7.275957614183426e-12,82.82268324770669
2349,247.62610943022787,3627.069228446226,-3.0416006023059974,6.85656670300548,7.50092268835719,-0.03520371067483794,0.07935841091441528,0.08681623481894896,-2.1827872842550278e-11,54.728273826738814
2350,247.41570591055796,3847.9400488188203,-4.609495291504304,1.2841461461210761,4.785026454158635,-0.053350639947966474,0.01486280261714207,0.05538225062683604,2.1827872842550278e-11,27.205116204719207
2351,247.8553613860514,3875.3745504896115,-4.584630623275697,1.1235674262629638,4.7203010193457455,-0.053062854436061284,0.013004252618784289,0.054633113649834995,-7.275957614183426e-12,27.782864576463478
2352,250.73199738641344,3586.876636912204,-5.159649609040338,1.2312023081213437,5.304511590296833,-0.05971816677130021,0.0142500267143674,0.06139481007288001,9.094947017729282e-12,94.2347627217385
2353,250.48757389866725,3805.6246112768454,-3.517172874350617,7.892765644862748,8.640963751387542,-0.04070801937905807,0.09135145422294846,0.10001115452994838,-1.4551915228366852e-11,62.23821329706674
2354,250.21623258377215,3554.692913227386,-5.198657764408754,1.4166443550592573,5.3882208362472195,-0.060169650051027236,0.01639634670207473,0.06236366708619466,7.275957614183426e-12,92.20245681706828
2355,256.70769001092253,3959.7598566815695,-6.740860053239631,1.6231122218965772,6.933519131165057,-0.0780192135791624,0.018786021086765945,0.08024906401811409,0.0,117.4038300540222
2356,256.388816887506,4173.8621737803805,-4.560834522214386,10.237044316308657,11.207064195099887,-0.052787436599703544,0.11848430921653538,0.12971139114698946,-7.275957614183426e-12,77.52663431683355
2357,256.0383150049743,3917.9908563104013,-6.7623449521113885,1.8457754566121276,7.009721555638147,-0.0782678813901781,0.02136314185893666,0.08113103652358965,-2.546585164964199e-11,114.96802052065158
2358,267.16676979981446,4612.406435508426,-8.170473143191305,2.2408467904559757,8.472191317593534,-0.09456566137952897,0.0259357267413886,0.09805776987955477,-2.9103830456733704e-11,130.1721715964303
2359,266.7807112211815,4822.316380201732,-5.174989676255962,11.802988000728694,12.887631430744028,-0.05989571384555511,0.13660865741584136,0.1491624008187966,-3.637978807091713e-12,86.9241238583366
2360,266.39754378794464,4564.406732367749,-8.134009221053448,2.217535548023536,8.430870056816827,-0.09414362524367417,0.02566592069471683,0.09757951454649105,0.0,130.44277305195607
2361,250.75655888288532,4056.409274292049,2.98778761647249,-0.5012313283078756,3.0295391870090804,0.034580875190653816,-0.005801288522081891,0.03506411096075324,9.094947017729282e-12,31.58964384780489
2362,250.24021799628144,4024.1896029679656,2.959064762943444,-0.3169449205578719,2.9759903148298346,0.034248434756289865,-0.0036683439879383263,0.03444433234756753,3.637978807091713e-12,30.91179375951679
2363,269.46010939219946,4755.5108260732495,4.297985079212679,-0.828662954630854,4.377140394539836,0.049745197676072675,-0.009591006419338586,0.050661347159025885,-9.094947017729282e-12,128.47885731052952
2364,270.21639074019384,4802.702782188099,4.230344418230793,-0.7472641191397932,4.295837236280048,0.048962319655449,-0.008648890267821683,0.049720338382870925,-1.8189894035458565e-12,127.53897039493631
2365,269.8324796929895,5012.746732842553,-5.0270539486182395,11.534374325720849,12.582251884625682,-0.05818349477567405,0.13349970284399132,0.14562791533131575,-2.1827872842550278e-11,85.37295285905576
2366,253.52530266600334,3761.178886358614,3.6535016870956603,-0.29947585281768224,3.6657550878409366,0.04228589915619978,-0.0034661557039083646,0.04242772092408492,2.546585164964199e-11,105.25536103119187
2367,254.1293289393764,3798.8701258170904,3.6961094713155465,-0.5133643076698023,3.7315905638665376,0.0427790448068929,-0.005941716523956046,0.04318970560030715,-7.275957614183426e-12,107.62960910272946
2368,253.8427593279311,4014.98818206291,-4.177581656895354,9.422841912390119,10.307382703961487,-0.048351639547399926,0.10906067028229303,0.11929841092548016,1.4551915228366852e-11,71.05271773110096
2369,257.3935412647052,4002.5569749176093,4.226769224978889,-0.4096610088294555,4.246575116889351,0.04892094010392232,-0.004741446861452039,0.04915017496399711,1.0913936421275139e-11,119.75958241002061
2370,258.0953293385542,4046.348550725787,4.214528890233682,-0.6133755052095183,4.25892982766861,0.04877926956288983,-0.007099253532517579,0.04929316930172003,-2.3646862246096134e-11,121.97010194841923
2371,257.7589649837598,4259.35941498662,-4.807459449251674,10.892784672288672,11.906486646910004,-0.05564189177374622,0.12607389667000776,0.13780655841331022,1.0913936421275139e-11,80.62183223845551
2372,256.73592980987644,4429.522020136294,3.8642461826897514,-0.6437603401688504,3.9175025125718337,0.04472507155890916,-0.007450929863065393,0.0453414642658777,2.9103830456733704e-11,39.27377042959998
2373,256.06706434740875,4387.784815278309,3.8363553046036394,-0.4296548238416725,3.860340048598167,0.04440226046994953,-0.004972856757426759,0.0446798616735899,-3.2741809263825417e-11,38.47595960152004
2374,261.79017702955326,4276.907046644131,4.463406857633691,-0.6551123154381516,4.5112274297146895,0.05165980159298252,-0.0075823184657193505,0.052213280436512584,5.4569682106375694e-12,129.15035772972652
2375,262.55245692071287,4324.473311852486,4.4126363925938925,-0.7051077223733307,4.468616881474015,0.0510721804698367,-0.008160969008950593,0.05172010279483811,1.2732925824820995e-11,129.78897628929667
2376,262.1760056039654,4534.982749687451,-5.138535170664288,11.720780768739273,12.797704697679277,-0.05947378669750333,0.1356571848233712,0.1481215821490657,-2.1827872842550278e-11,86.34822870883629
2377,263.318450035236,4372.271282198732,4.4604959200835745,-0.7033829651396387,4.515614182891497,0.051626110186152464,-0.008141006540968032,0.05226405304272565,-3.637978807091713e-12,130.22550317686958
2378,264.0869210725436,4420.2238749267235,4.420897595823292,-0.7225521529270597,4.479555465272831,0.05116779624795476,-0.008362872140359476,0.05184670677399109,5.4569682106375694e-12,130.48973758912223
2379,263.7048454263447,4630.3823546039175,-5.169140030132001,11.799559672251494,12.882143343020868,-0.059828009608009255,0.13656897768809598,0.1490988812849637,-2.9103830456733704e-11,86.95143934581967
2380,252.93687620917592,3724.461075452583,-5.737649714168266,1.3710238206858467,5.899180498966208,-0.06640798280287345,0.015868331257938042,0.06827755207136815,1.4551915228366852e-11,102.93523097133382
2381,252.6650780084442,3941.5008677269284,-3.9082154219800125,8.77159479287067,9.602865353368143,-0.04523397479143532,0.10152308788044757,0.11114427492324239,-1.4551915228366852e-11,67.96219162804137
2382,252.3636909233114,3688.6943136146347,-5.78023399968394,1.575263501233643,5.991039992306935,-0.06690085647782337,0.01823221644946346,0.06934074065170062,9.094947017729282e-12,100.67265100186893
2383,253.55288025354568,4230.8997278212555,-6.340637059049508,1.764959986071509,6.581699025861448,-0.07338700299825818,0.020427777616568398,0.07617707205858155,-5.4569682106375694e-11,35.26219119660395
2384,254.15744706625466,4268.624696934295,-6.30837219685263,1.5538923850231638,6.496933224087827,-0.07301356709320173,0.017984865567397732,0.0751959863899054,-1.4551915228366852e-11,36.05124032430952
2385,267.1633891090336,5080.195480403699,4.403790465135556,-0.726980222618497,4.46339228669151,0.05096979705018004,-0.008414122946973341,0.051659632947818404,2.7284841053187847e-11,43.51173489674313
2386,266.3957022366026,5032.291819564004,4.413722362215834,-0.74798399250514,4.476653341924976,0.05108474956268326,-0.008657222135476152,0.051813117383390915,1.6370904631912708e-11,43.60420689117727
2387,251.26160243886355,3619.923992185091,3.2907170266393173,-0.26606889569107267,3.301455922266444,0.03808700262314024,-0.0030795011075355626,0.038211295396602354,1.4551915228366852e-11,96.32304109023372
2388,269.4509643714543,5222.940176778751,-7.979707251392218,2.168613223990303,8.269136057242447,-0.09235772281703954,0.025099690092480368,0.09570759325512089,4.547473508864641e-11,42.92750604462549
2389,270.20468737448607,5269.972492167934,-8.002517755196488,2.2501217418985227,8.312841768949982,-0.09262173327773708,0.026043075716418087,0.09621344639988401,1.2732925824820995e-11,42.60487451748969
2390,265.62730901664145,4516.344082638429,4.410032532029478,-0.7336754760575405,4.470644991243052,0.051042043194785634,-0.008491614306221537,0.051743576287535335,3.637978807091713e-12,130.586987151971
2391,268.698983470258,4708.016568544102,4.322542513564945,-0.7450405333235991,4.386280791042847,0.050029427240335,-0.008623154320874989,0.05076713878521813,-1.4551915228366852e-11,129.2108481446881
2392,261.799970098693,4745.51813415845,-8.009055841389488,2.2036185830340957,8.306678658163458,-0.09269740557163761,0.025504844711042758,0.09614211409911412,2.546585164964199e-11,43.14433351980481
2393,262.5596110579611,4792.919730016775,-8.011598839905929,2.1401772200405307,8.292531248344044,-0.09272683842483714,0.024770569676395012,0.09597837092990792,7.275957614183426e-12,43.365683818868334
2394,263.32333469174586,4840.576084764944,-8.090063226863325,2.21723136631906,8.388399009729765,-0.09363499105165884,0.025662400073137272,0.09708795150150192,2.1827872842550278e-11,43.51907231211415
2395,264.08985413296483,4888.406897897009,-8.09464385650963,2.188169792216046,8.385186116198968,-0.09368800759849107,0.025326039261759782,0.09705076523378431,2.000888343900442e-11,43.61342605014101
2396,267.9342044967129,4660.294360594887,4.3703174011926675,-0.792386836123277,4.441570790298055,0.050582377328618824,-0.009171143936612005,0.0514070693321534,0.0,129.76697095811087
2397,261.0330927173537,4229.664985562879,4.381217304128507,-0.6798022646665937,4.433643669155302,0.050708533612598444,-0.007868081766974464,0.05131532024485302,7.639755494892597e-11,128.2754435953671
2398,260.2829792841969,4182.857907333893,4.4413359110041695,-0.5838441848047854,4.47954670770443,0.05140435082180751,-0.0067574558426479895,0.05184660541324572,-7.275957614183426e-12,127.13176387469395
2399,259.54189375554944,4136.61417034629,-7.492077127562234,1.8772138421284164,7.723674740330519,-0.0867138556430814,0.021727012061671474,0.08939438356864025,1.2732925824820995e-11,125.69668490534235
2400,257.42064701430695,4472.248373692757,-7.350008022566056,2.0447532465371983,7.629130603876813,-0.08506953729821823,0.023666125538624964,0.0883001227300557,-1.8189894035458565e-11,40.04185440539207
2401,258.12056129210566,4515.923024627396,-7.330425628595895,1.8495240299733098,7.5601507282477005,-0.08484288921985988,0.021406528124691074,0.08750174453990392,4.001776687800884e-11,40.76145940011133
2402,275.8849442662756,5156.420522215606,3.5236893329995866,-0.6924486364129531,3.5910822365361157,0.04078344135416189,-0.008014451810335105,0.041563451811760604,1.8189894035458565e-11,110.39820812212875
2403,275.540369554684,5368.9190602122935,-4.293523915997824,9.909356941681471,10.799523258685822,-0.049693563842567394,0.11469163126946146,0.12499448216071551,-1.0913936421275139e-11,74.61910689878539
2404,270.9663968535609,4849.503163662205,4.183739851880909,-0.8754337652145271,4.27434947395439,0.04842291495232533,-0.010132335245538518,0.049471637430027665,8.731149137020111e-11,126.35385038215816
2405,249.71398156897607,3523.35244990411,2.9983564575133346,-0.41363354814299164,3.0267530719338955,0.034703199739737664,-0.0047874253257290745,0.03503186425849416,-3.637978807091713e-12,90.22454211027835
2406,251.80538454411132,3653.8559955525498,3.331719242301122,-0.46067927202474795,3.3634176816436008,0.03856156530441113,-0.005331936018804954,0.03892844538939352,3.637978807091713e-12,98.46867172602828
2407,254.74930840361137,3837.5568443853526,3.8467545844549416,-0.32147591761449706,3.860164193221733,0.04452262250526552,-0.003720786083501127,0.04467782631043672,-1.0913936421275139e-11,110.05065209850791
2408,255.3855525852767,3877.25848132127,3.884608195096303,-0.5433581786172302,3.9224251349999775,0.044960742998799805,-0.006288867808069796,0.04539843906249973,-3.637978807091713e-12,112.50465218324464
2409,264.8568368193355,4468.266617526539,4.4440611697038435,-0.7367793653962279,4.504722356965317,0.051435893167868556,-0.008527538951345228,0.05213799024265413,1.8189894035458565e-11,130.6051292833861
2410,273.16029991592404,4986.4027147536635,-7.900375364016652,2.314420553694505,8.232403864711985,-0.09143952967611864,0.026787274927019728,0.09528245213787018,-1.8189894035458565e-11,121.02279207377003
2411,272.44041125654894,4941.481662408657,-7.803787667494963,2.1265015577979542,8.088331770808093,-0.09032161652193242,0.024612286548587433,0.09361495105101958,-7.275957614183426e-12,123.11223991490509
2412,271.70840593519256,4895.804530356019,4.093172456058732,-0.7449154362247402,4.160403797970068,0.04737468120438348,-0.008621706437786347,0.048152821735764684,-8.003553375601768e-11,124.88718243426064
2413,248.28521471008997,3434.197397909618,2.808248257763142,-0.22282166654404092,2.817074328503099,0.032502873353740074,-0.0025789544738893705,0.03260502695026735,-1.4551915228366852e-11,84.60016186791103
2414,249.2249293074138,3492.8355887826237,2.9613899859949364,-0.23677990268613616,2.9708408525983256,0.03427534706012658,-0.002740508132941397,0.0343847320902584,-1.4551915228366852e-11,88.29934241543816
2415,248.74877155254785,3463.1233448789894,2.8432396114363567,-0.3916741944247026,2.8700906192346967,0.032907865873105985,-0.004533266139174809,0.033218641426327515,2.1827872842550278e-11,86.42512628259311
2416,248.5292567128753,3683.4256188834265,-3.2096470979141523,7.236001900764841,7.9159053810048245,-0.03714869326289527,0.08375002199959308,0.0916192752431114,1.0913936421275139e-11,57.099553443928144
2417,252.96386287063413,4194.145043127575,3.319880577129761,-0.5567868069514678,3.366246959864746,0.03842454371677964,-0.006444291747123473,0.03896119166510123,4.001776687800884e-11,34.48993805393624
2418,252.39006540058605,4158.340080996573,3.288452809017832,-0.3543274715208354,3.307486936362957,0.03806079640066936,-0.00410101240186153,0.038281098800497196,-1.0913936421275139e-11,33.7361832222963
2419,259.1886262691545,4348.570279195247,-4.9582270796738355,11.156462573466325,12.208631083244581,-0.05738688749622494,0.12912572422993432,0.141303600500516,3.637978807091713e-12,83.24702116211746
2420,258.81198923557656,4091.068128299981,-7.443197582875157,2.032376603231596,7.715681753097504,-0.08614812017216614,0.023522877352217534,0.08930187214233219,1.4551915228366852e-11,123.96725305103797
2421,272.7877509079135,5197.155656653809,-4.806913257156579,11.060117278822924,12.059544323196672,-0.055635570105978895,0.1280106166530431,0.13957805929625777,2.1827872842550278e-11,81.40005493459559
2422,251.02301251885237,4307.035981176387,1.1236215782992554,-7.136477193203638,7.224391474742727,0.013004879378463601,-0.08259811566207914,0.08361564206878155,-3.637978807091713e-12,0.25065660467175266
2423,251.2867565786913,4089.493610510342,-5.708837088689934,1.5892824053201355,5.925929418164033,-0.06607450334131869,0.018394472283797862,0.06858714604356521,7.275957614183426e-12,32.28608966388803
2424,253.25985736873133,4446.615099808835,1.2467193822617748,-7.927903307614718,8.025332396417955,0.01442962247988165,-0.09175814013442961,0.09288579162520783,0.0,0.25043186152233565
2425,251.54760902379593,3871.7708030848767,-3.763430943833386,8.486008174678345,9.28308931389278,-0.043558228516590115,0.09821768720692525,0.10744316335524048,1.0913936421275139e-11,65.02354072332439
2426,271.32839748133495,5106.0920028353075,-4.902271626334249,11.278275371430968,12.297632392139073,-0.05673925493442417,0.13053559457674732,0.1423337082423504,-1.4551915228366852e-11,83.76855185936375
2427,259.5613741059108,4605.829744208838,4.185574366208381,-0.6891672163574397,4.241931662245698,0.04844414775704144,-0.007976472411544458,0.04909643127599188,5.4569682106375694e-12,41.98141815247263
2428,258.8346184439419,4560.480190901978,4.176533214090782,-0.5325501772901508,4.210349080508081,0.048339504792717376,-0.006163775200117496,0.0487308921355102,3.637978807091713e-12,41.41272989606203
2429,266.01127798287956,5242.303746131684,1.4626116863142347,-10.321400653164,10.424516506201964,0.016928375999007345,-0.11946065570791665,0.12065412622918939,0.0,0.22334329180710283
2430,265.62697203648514,4984.323055076677,-8.128430307079617,2.2170932241972148,8.425371304686319,-0.09407905448008815,0.025660801205986287,0.09751587158201756,-7.275957614183426e-12,43.65229465902301
2431,248.30708197272423,3903.5619150979956,-4.865703424858291,1.3551957316702603,5.050903413233616,-0.056316011861785746,0.015685135783220613,0.05845953024575942,1.8189894035458565e-11,28.375836232768457
2432,248.77113989120832,3932.5191292114027,-4.839632996139738,1.1872815671338375,4.983140080007813,-0.05601427078865436,0.013741684804789796,0.057675232407497834,-1.8189894035458565e-12,28.984632298105023
2433,252.11202564267836,4374.99040010313,1.183863846037918,-7.5229846367534545,7.6155650775752814,0.013702127847661085,-0.08707158144390573,0.08814311432378798,3.637978807091713e-12,0.2508344643424876
2434,251.83114500524732,4123.463448327437,-5.6787159548206025,1.3960286835452274,5.847795394917224,-0.06572587910671994,0.01615773939288457,0.0676828170708012,1.4551915228366852e-11,33.001521165757815
2435,259.9311995199863,4862.906850047146,1.4876226204172844,-9.915397228625544,10.026371390598511,0.01721785440297783,-0.11476154199798083,0.11604596516896423,3.637978807091713e-12,0.20667380764976997
2436,260.29908908945106,4651.863159181751,-7.863237283777237,2.173783596913903,8.158176003690798,-0.09100969078445877,0.02515953237168869,0.09442333337605091,-2.1827872842550278e-11,42.459141698971386
2437,275.8546417268775,5622.529643757163,-7.008032670703422,2.088449449770239,7.312601658636422,-0.08111148924425257,0.024171868631599976,0.08463659327125488,-7.275957614183426e-12,36.94718228305226
2438,267.5460373238569,5338.072729008672,1.4427478921536774,-10.279393113390714,10.380146639616337,0.016698470974000894,-0.11897445733091103,0.12014058610667054,-7.275957614183426e-12,0.2214104186529943
2439,267.9291522121169,5127.979098036098,-8.069299656011488,2.1971905820426523,8.363088149261852,-0.09339467194457739,0.025430446551419593,0.09679500172756772,3.637978807091713e-12,43.37212249492477
2440,248.0824004459672,4123.541787828353,0.9593156374917817,-6.080439974933187,6.1556508007766135,0.011103190248747473,-0.0703754626728378,0.07124595834232189,0.0,0.24955220336802772
2441,249.01071225223214,4181.468444539285,1.0114564949288856,-6.4162683040060315,6.495501765847367,0.011706672395010248,-0.07426236462969943,0.07517941858619637,1.0913936421275139e-11,0.24993334922275168
2442,249.24781782523584,3962.26383229472,-5.133733856036522,1.429568670409068,5.329060882372312,-0.059418215926348626,0.01654593368529014,0.06167894539782768,1.8189894035458565e-11,29.609841208270343
2443,255.74227149168615,4601.517741081216,1.3745937720695407,-8.783493684708834,8.890403216251348,0.015909650139693757,-0.10166080653598186,0.1028981853732795,3.637978807091713e-12,0.24221502097936576
2444,255.414357993946,4347.055938822234,-6.6448925415113544,1.641760632605668,6.844704147222654,-0.07690847848971473,0.019001859173676718,0.07922111281507699,-7.275957614183426e-12,37.66516896290859
2445,257.0797828900664,4684.978452340142,1.4303755282417652,-9.21170471736319,9.322096220898182,0.016555272317613022,-0.10661695274725913,0.10789463218632153,0.0,0.22999525840783436
2446,272.0538349265857,5619.359299418948,1.303577299475507,-9.770669905097751,9.857246277236394,0.01508770022541096,-0.11308645723492769,0.11408849857912495,7.275957614183426e-12,0.20495352997211508
2447,271.69054664634865,5362.690110732159,-7.862705324963636,2.2476944461915003,8.17766869900289,-0.09100353385374578,0.02601498201610532,0.09464894327549642,-1.8189894035458565e-12,41.70663037829065
2448,272.41924670027146,5408.160994096942,4.1296131677677295,-0.8418806404392377,4.214554297686412,0.04779644870101538,-0.009743988893972664,0.04877956363062976,-1.8189894035458565e-11,41.1148307067979
2449,249.99010571086814,4242.582596358172,1.0661758712411649,-6.767904377703632,6.851369253963535,0.012339998509735703,-0.07833222659379202,0.07929825525420757,-1.0913936421275139e-11,0.25031557536887755
2450,249.73740917405593,3992.8143324610933,-5.106374167880382,1.253750633560268,5.25803649602671,-0.05910155286898589,0.014511002703243842,0.06085690388919802,-1.0913936421275139e-11,30.25203895978205
2451,254.46919511450815,4522.077775145309,1.3112491066555294,-8.35003850971141,8.452367557872082,0.015176494289994551,-0.09664396423277094,0.09782832821611205,1.0913936421275139e-11,0.2483153032659029
2452,254.77786123069112,4307.338540795129,-6.67656487421836,1.8584882201043795,6.930403811028126,-0.07727505641456434,0.02151028032528218,0.08021300707208477,0.0,36.85410769922982
2453,264.47407362856273,5146.382194422315,1.4759363150201366,-10.316204049991047,10.421250117286643,0.017082596238658987,-0.11940050983785933,0.12061632080192873,3.637978807091713e-12,0.2212582135703996
2454,264.85805881494787,4936.34287005275,-8.121767992726665,2.2196915257836913,8.419628602100882,-0.09400194436026232,0.025690874141014952,0.09744940511690836,7.275957614183426e-12,43.65618656377224
2455,270.5775010302465,5527.23606428738,1.3667262162775573,-10.021673930114002,10.114439624209885,0.015818590466175432,-0.11599159641335649,0.11706527342835514,3.637978807091713e-12,0.20806184375445763
2456,270.9517624829395,5316.589978935428,-7.83113086656261,2.122192433683375,8.113588070318373,-0.09063808873336356,0.02456241242689092,0.09390726933238859,-8.731149137020111e-11,42.20099767170873
2457,247.2029080265791,4068.6614608585364,0.9095863010345645,-5.759282535216962,5.830667419728625,0.010527619224937088,-0.06665836267612224,0.06748457661722945,0.0,0.24917552768380996
2458,262.9418077400778,5050.768802980856,1.4850975743127452,-10.258080901785016,10.365024775310289,0.01718862933232344,-0.11872778821510434,0.11996556452905424,3.637978807091713e-11,0.21582666538839612
2459,273.48623802686103,5708.741252876128,1.2283579463761436,-9.424598058668758,9.504310170227418,0.014217105860834994,-0.10908099604940691,0.1100035899331877,-3.637978807091713e-12,0.21191921359993215
2460,273.1360353812126,5452.88860778767,4.092003491218048,-0.6688447172247413,4.1463050813827165,0.04736115151872739,-0.007741258301212272,0.047989642145633275,-1.4551915228366852e-11,40.42554881976446
2461,261.4235570008733,4956.029956854494,1.4901835713456253,-10.131198175797886,10.240206226126444,0.017247495038722513,-0.11725923814580885,0.118520905394982,-3.637978807091713e-12,0.20907094536052745
2462,261.04589981454905,4698.464148427867,-7.861956808313066,2.065883123327732,8.128852190502084,-0.09099487046658643,0.023910684297774678,0.09408393739007043,-7.275957614183426e-12,42.84486908457713
2463,258.47888164293624,4772.282214519221,1.4695403161820868,-9.602163150490966,9.71396345008211,0.01700856847432971,-0.11113614757512691,0.11243013252409849,7.275957614183426e-12,0.21488625114649135
2464,269.07105556930503,5433.233867524634,1.412347223886095,-10.184690965930441,10.282152243199082,0.016346611387570542,-0.11787836766123196,0.11900639170369307,3.637978807091713e-12,0.21560296558028152
2465,268.6920368710386,5175.583100752813,-8.084499990145279,2.244541655772789,8.390298405608602,-0.09357060173779257,0.025978491386259128,0.09710993525009956,7.275957614183426e-12,43.18003766142029
2466,265.2423154882178,4726.320486464798,-5.173100592468486,11.816854193349972,12.8995741312142,-0.05987384944986673,0.13676914575636542,0.1493006265186829,0.0,87.11660318667386
2467,260.6660485056377,4440.761426751804,-5.073625691093049,11.558355359804466,12.622886210246849,-0.058722519572836224,0.133777261108848,0.1460982200260052,0.0,85.16013707964886
2468,268.31327448274476,4917.94832772328,-5.107289253019036,11.693925178810591,12.760575598366401,-0.05911214413216474,0.1353463562362337,0.14769184720331485,0.0,86.37180129774077
2469,255.08333946755283,4092.4003827753036,-4.395129221121688,9.91932613752664,10.849432791301899,-0.0508695511703899,0.1148070154806324,0.1255721387882164,1.4551915228366852e-11,74.2697378000833
2470,249.48229583802424,3742.8952602927197,-3.385597583252355,7.633183295778639,8.350314857697178,-0.03918515721356893,0.08834702888632683,0.09664716270482843,-1.4551915228366852e-11,59.599778968701585
2471,276.5232482700494,5196.25069205109,3.3578479190567028,-0.8930255728654736,3.474570091580415,0.038863980544637765,-0.010335944130387437,0.04021493161551407,-1.0913936421275139e-11,107.50060326930462
2472,276.1721263319165,5876.34068311159,1.0831770292984797,-8.551971973840999,8.620295651435733,0.012536771172436107,-0.0989811571046412,0.09977194041013579,1.0913936421275139e-11,0.2357873870753433
2473,276.4929002830719,5662.356977663693,-6.614125555994225,1.7609057677942912,6.8445194128957745,-0.07655237912030352,0.0203808537939154,0.07921897468629367,-3.8198777474462986e-11,35.99190494711681
2474,277.14416352600387,5234.995804022648,3.3314563066175764,-0.6613512336494526,3.3964667784554696,0.03855852206733307,-0.0076545281672390315,0.03931095808397535,-1.8189894035458565e-12,104.60851721134476
2475,276.81694461831023,5448.577344182572,-4.065458215231511,9.381236323253002,10.224262587224317,-0.04705391452814248,0.10857912411172455,0.11833637253731846,4.3655745685100555e-11,70.78491966356235
2476,277.11407915156957,5701.1185390579485,-6.645645269457792,1.9890179639792696,6.936915273268008,-0.07691719061872443,0.023021041249760076,0.08028837121837971,7.275957614183426e-12,35.03502423119508
2477,289.9597684723236,6034.689552673,1.093461373645397,-0.3443773484594704,1.1464089731794906,0.012655802935710614,-0.003985848940503127,0.013268622374762623,-2.9103830456733704e-11,36.69789502471025
2478,289.7429592319861,6021.16065607594,-2.558816494544844,0.8101490760193092,2.6840051002428633,-0.02961593164982458,0.009376725416890152,0.03106487384540351,-1.2732925824820995e-11,38.14003803235626
2479,292.90387986485354,6218.4021035668675,0.1396945366585118,-0.14711180600742335,0.2028705179147578,0.001616834915029072,-0.001702682939900733,0.002348038401791178,-1.4551915228366852e-11,7.282079689055262
2480,292.85975226974733,6215.64854163224,-0.6666343039302153,0.2648001901028631,0.7173007987274481,-0.007715674814007119,0.003064817015079434,0.008302092577863981,1.0913936421275139e-11,8.37929196548779
2481,287.38593535882956,5874.082366390971,1.5978180453056465,-0.4624515873638176,1.6633953157802484,0.018493264413259793,-0.005352448927821959,0.019252260599308423,1.8189894035458565e-11,52.42648226532133
2482,287.075619509916,5854.718657418766,-3.6047325264937453,1.1200485574744323,3.774732488357624,-0.0417214412788628,0.012963524970768893,0.04368903343006509,-1.6370904631912708e-11,54.17998533985696
2483,289.0404846158237,5977.326240027405,1.2841769333739244,-0.3882939349378966,1.3415970244895492,0.014863158951087087,-0.004494142765484911,0.01552774333899941,-2.1827872842550278e-11,42.62715553978601
2484,288.78843376580556,5961.598266986274,-2.951903887579688,0.9261886684778176,3.0937941125945643,-0.03416555425439454,0.010719776255530299,0.035807802229103756,0.0,44.180232926697336
2485,292.1697754752072,6172.593989652935,0.5094061618315217,-0.21803863078243207,0.5541078254504264,0.005895904650827797,-0.0025235952636855556,0.006413285016787341,-1.8189894035458565e-11,18.601753542052172
2486,292.0595926152464,6165.718579191383,-1.3818719882363364,0.46754104931750745,1.458823095741619,-0.015993888752735375,0.00541135473747115,0.016884526571083556,7.275957614183426e-12,19.790231378853107
2487,292.6888721022609,6204.985619181088,0.28497791962479907,-0.17398095744800585,0.33388888605073885,0.003298355551212952,-0.002013668488981549,0.0038644546996613287,3.637978807091713e-11,11.708069700971384
2488,292.6189467551887,6200.622277523781,-0.944396912672763,0.34290312043792437,1.0047228865074749,-0.010930519822601424,0.003968786116179679,0.011628737112355032,-5.4569682106375694e-12,12.832594036538215
2489,286.90487849758154,6078.0644182491,-2.1222897292395038,4.951586886320767,5.3872373613587206,-0.02456353853286462,0.05731003340649035,0.06235228427498519,-2.546585164964199e-11,36.80349434646532
2490,286.7548770937468,5834.704330649804,-3.5934879447637775,0.9798369563143187,3.7246793244683367,-0.041591295656988166,0.011340705512897205,0.043109714403568714,-1.2732925824820995e-11,55.971037901869224
2491,291.9941447191719,6395.634630476341,-0.7643392500872648,1.8154059810552192,1.96974956917752,-0.008846519098232229,0.021011643299250215,0.022798027421036104,-7.275957614183426e-12,13.675597252246718
2492,291.9424583511736,6158.409401113241,-1.3717821949057336,0.37413153806308735,1.4218863520105407,-0.015877108737334878,0.004330226134989435,0.01645701796308496,3.2741809263825417e-11,20.991994535859355
2493,289.2834773447423,5992.488986311926,1.2737719098973903,-0.2687822914053107,1.3018213389773325,0.014742730438627201,-0.003110906150524432,0.01506737660853394,7.275957614183426e-12,41.1035119125341
2494,289.15315088135463,6218.356614996544,-1.577164923240199,3.6524784013749896,3.978447896807254,-0.018254223648613413,0.042274055571469786,0.04604685065749136,1.0913936421275139e-11,27.994822441441244
2495,289.62176111126934,6247.597893343221,-1.4870485147360115,3.4821666944033463,3.7863964627057354,-0.01721120966129643,0.040302855259297984,0.04382403313316823,2.9103830456733704e-11,26.00021665862191
2496,289.51758118386806,6007.097065873372,-2.5485477209345064,0.69494751584273,2.641599427554535,-0.029497080103408638,0.00804337402595752,0.030574067448547862,4.3655745685100555e-11,39.60818523235277
2497,292.7522859926266,6208.942645939904,0.2743537211191738,-0.08711432362515023,0.28785216635037647,0.0031753902907311767,-0.0010082676345503504,0.0033316222957219485,2.000888343900442e-11,10.591522276048305
2498,292.7141934412606,6440.565670734675,-0.3833363405297087,0.9154906107844057,0.9925068304072839,-0.004436763200575331,0.010595956143338027,0.011487347574158377,7.275957614183426e-12,7.513478906729281
2499,292.82818531094756,6447.67876340314,-0.31809085074103854,0.7906350320734974,0.8522238809532492,-0.0036816070687620195,0.00915086842677659,0.009863702325847792,1.0913936421275139e-11,6.033796321092435
2500,292.80923277329686,6212.496125053729,-0.6558046265474198,0.17895266527113915,0.6797821449616378,-0.00759033132578032,0.0020712114036011476,0.007867848900018954,-4.3655745685100555e-11,9.482185292606804
2501,288.6486158222839,6186.873627310529,-1.7263466462271684,4.035353420577359,4.389117220114449,-0.019980863960962606,0.04670547940483054,0.05079996782539871,7.275957614183426e-12,30.066415639592705
2502,288.52714922465924,5945.294111618744,-2.9413344414583245,0.8020343613369162,3.0487222591233314,-0.03404322270206394,0.00928280510806616,0.03528613725837189,5.4569682106375694e-12,45.7638581686555
2503,292.57422205752704,6431.831456389697,-0.4922062601742863,1.1899744158416954,1.2877523492164715,-0.005696831714980167,0.013772852035204803,0.014904541078894343,1.0913936421275139e-11,9.013413708446118
2504,292.54246107459903,6195.849571054983,-0.9339494006027698,0.2547751592380078,0.968076373356475,-0.010809599544013539,0.0029487865652547177,0.01120458765458883,3.637978807091713e-12,13.96586434852464
2505,287.68604068193144,5892.808938552529,1.586830317150278,-0.32796066055344225,1.620366825844661,0.018366091633683773,-0.0037958409786278007,0.01875424566949839,-1.2732925824820995e-11,50.7093017265291
2506,287.52604354267464,6116.825117062912,-1.9545129587130212,4.5198276155875545,4.924323565770735,-0.02262167776288219,0.05231281962485595,0.05699448571493906,-1.8189894035458565e-11,34.46458451855624
2507,292.2730838674482,6179.04043332877,0.4992236684560835,-0.12664332681337187,0.5150367009962572,0.005778051718241708,-0.0014657792455251386,0.005961072928197423,1.8189894035458565e-12,17.425831945646074
2508,292.2147005874645,6409.397316657795,-0.6499367964151298,1.5253748503183833,1.6580670291994206,-0.007522416625175113,0.01765480150831462,0.019190590615734034,-3.637978807091713e-12,12.090413933853636
2509,277.7479490130496,5272.672018414302,3.165779365342857,-0.8496013625086157,3.2778013157003763,0.03664096487665344,-0.009833349103108974,0.03793751522801362,-1.0913936421275139e-11,101.74775914227223
2510,278.33492281860754,5309.299183881114,3.1467538502199837,-0.6278132376981821,3.2087706766460213,0.036420762155323895,-0.007266356917803029,0.03713854949821785,8.185452315956354e-11,98.93365524883983
2511,278.0251538423615,5523.969599763366,-3.8431188100701426,8.867697880319044,9.66465870504126,-0.044480541783219245,0.10263539213332225,0.11185947575279234,0.0,66.9824840148328
2512,283.7851838822693,5649.395474253606,2.214091830547748,-0.6128971083854927,2.297356197799022,0.025626062853561893,-0.007093716532239496,0.026589770807859035,-6.002665031701326e-11,71.80649819308034
2513,284.1980219623439,5675.156570450262,2.2015111290059517,-0.4457211598065552,2.246178666855413,0.025480452882013328,-0.005158809719983277,0.0259974382737895,-7.275957614183426e-12,69.66785779223603
2514,283.9792302128032,5895.503965278926,-2.69776582193615,6.2297502456969145,6.788794337271353,-0.03122414145759433,0.07210359080667725,0.07857400853323326,0.0,47.24681308804397
2515,292.9416463499203,6220.758732235033,0.12862767349154694,-0.06204112121160242,0.14280818992284985,0.0014887462209669786,-0.0007180685325416948,0.001652872568551503,-2.1827872842550278e-11,6.189789785145556
2516,292.91651662920304,6453.190637662284,-0.21137829951830436,0.5226529036978694,0.5637790730872018,-0.0024465080962766702,0.006049223422429044,0.006525220753324094,1.0913936421275139e-11,4.570284934146281
2517,290.16815996582784,6047.693181867664,1.0833014274180262,-0.2331655800624425,1.1081101797076807,0.012538210965486414,-0.0026986756951671606,0.01282534930217223,-1.8189894035458565e-12,35.28051773031288
2518,290.0557524780467,6274.678954630129,-1.3481590947529012,3.126477664432916,3.4047607156689974,-0.015603693226306725,0.03618608407908467,0.03940695272765043,1.0913936421275139e-11,24.0764616515328
2519,285.3630633839015,5747.855155155456,1.9515975971022248,-0.5482204416209788,2.02713562289904,0.02258793515164612,-0.006345144000242811,0.02346221785762778,-5.093170329928398e-11,63.53603932898083
2520,285.7278201180793,5770.615975368152,1.939754149198464,-0.39537695199730655,1.9796386269982047,0.022450858208315556,-0.0045761221295984545,0.02291248410877552,-1.0913936421275139e-11,61.5820706861563
2521,285.5341333898593,5992.529923527226,-2.380962514015645,5.500721747442788,5.993907092701533,-0.027557436504810698,0.06366576096577302,0.06937392468404552,1.4551915228366852e-11,41.79358012290437
2522,288.25644899152235,5928.402417071002,-3.1605066688167107,0.9879966762782102,3.3113350534145125,-0.03657993829648971,0.011435146716182986,0.0383256371922976,-2.546585164964199e-11,47.379150541206556
2523,292.4593615446404,6190.664160385563,-1.0870460212398458,0.3833385652459419,1.1526567172832494,-0.012581551171757473,0.00443678894960581,0.013340934227815383,1.8189894035458565e-12,15.108647788867483
2524,288.1067499781523,6153.061198636718,-1.8530422701066767,4.328421534157669,4.708396609479912,-0.02144724849660506,0.050097471460158194,0.05449533112823972,-7.275957614183426e-12,32.22097932476436
2525,287.9761445187849,5910.9114179721855,-3.149741901973306,0.8588544148228427,3.264736582774651,-0.036455346087654,0.009940444616005122,0.03778630304137327,0.0,49.02724789241809
2526,292.40787955344626,6421.451684135054,-0.5812073278415979,1.3943570786553574,1.510640136079097,-0.006726936664833306,0.016138392114066636,0.017484260834248807,-1.4551915228366852e-11,10.537695569705676
2527,292.3695900397593,6185.062418480985,-1.0767444643734412,0.29370256758132746,1.1160823624458514,-0.012462320189507419,0.0033993352729320297,0.012917619935715873,-1.4551915228366852e-11,16.261715711222713
2528,279.9986154331863,5413.113603030827,2.816629927989156,-0.7634125521486784,2.9182533947589877,0.03259988342580041,-0.008835793427646746,0.033776080957858653,2.1827872842550278e-11,90.83490352587805
2529,280.52200049523054,5445.77283090239,2.801816229339661,-0.5618120306651356,2.8575876085942142,0.03242842858032015,-0.00650245405862426,0.033073930655025625,-9.094947017729282e-12,88.2560315064833
2530,280.2453949366309,5662.512644045775,-3.4253428334868974,7.904861849172879,8.615092244510729,-0.03964517168387613,0.09149145658764905,0.09971171579294824,-3.637978807091713e-12,59.7878989640556
2531,281.0304015507793,5477.497056768631,2.6551957771657304,-0.7229329056067281,2.751853302973782,0.030731432606084835,-0.008367279000077868,0.031850153969603945,0.0,85.7370784272006
2532,281.524170048128,5508.30821100319,2.6411440111015416,-0.530710617277229,2.6939367933691982,0.030568796424786354,-0.006142483996264222,0.031179823997328673,9.094947017729282e-12,83.27689000866853
2533,281.2630583395998,5726.014840391037,-3.2305221195115013,7.456209323277629,8.125966443272167,-0.0373903023091609,0.086298719019417,0.09405053753787232,1.4551915228366852e-11,56.428499178159896
2534,291.4026932928065,6124.728061471133,0.7466817970338565,-0.26759472755773145,0.7931838653417036,0.0086421504286326,-0.0030971611985848553,0.009180368811825273,-7.275957614183426e-12,25.945646257466922
2535,291.24947350456455,6115.167146684837,-1.854209257100564,0.6039734756340335,1.95009638951178,-0.021460755290515783,0.006990433745764276,0.022570560063793748,-2.546585164964199e-11,27.223838455778072
2536,291.68700226314064,6142.468941219985,0.6658049184041105,-0.25039067903560325,0.7113309226506427,0.007706075444492019,-0.0028980402666157756,0.008232996789937995,0.0,23.438191280168745
2537,291.54850213198284,6133.826533035738,0.7366871676991306,-0.16936701906295884,0.7559055299432857,0.008526471848369565,-0.0019602664243398007,0.008748906596565804,-1.4551915228366852e-11,24.683955361905937
2538,291.4683554824445,6362.825382104555,-0.9329332757207544,2.1737385575435373,2.3654817296902793,-0.010797838839360582,0.025159011082679827,0.027378260760304154,-1.0913936421275139e-11,16.958612515667692
2539,291.81829050528336,6150.661327529689,0.6557690835642905,-0.15470468899008027,0.6737704592472624,0.007589919948660769,-0.0017905635299777813,0.007798269204250722,-1.8189894035458565e-11,22.207752821143714
2540,291.74559474528166,6380.12511210559,-0.8363491971612237,1.9523592054896215,2.1239553777921722,-0.009679967559736387,0.02259675006353729,0.02458281687259459,3.637978807091713e-12,15.297124814247155
2541,278.90544596958347,5344.899828502012,2.986357052159821,-0.805782385378108,3.093155944269595,0.03456431773333126,-0.00932618501595033,0.03580041602163883,-7.275957614183426e-12,96.17451232506622
2542,279.4598860209692,5379.49688770848,2.9702386084118895,-0.594286090230345,3.029107681800346,0.034377761671433894,-0.006878311229517879,0.03505911668750399,-7.275957614183426e-12,93.47442530606071
2543,282.0036486593724,5538.227676344842,2.501301387082736,-0.6844001917296266,2.593243577348948,0.028950247535679815,-0.007921298515389204,0.030014393256353567,-3.637978807091713e-11,80.87408585565746
2544,282.9210586026905,5595.4740568078905,2.3544144178068174,-0.6477493640966732,2.441894037312893,0.02725016687276409,-0.007497099121489278,0.028262662468899222,-1.8189894035458565e-11,76.23463521551912
2545,282.46917028022506,5567.276225486047,2.4878106883603515,-0.5010253546419526,2.5377605141372386,0.028794105189355917,-0.005798904567615198,0.0293722281728847,2.9103830456733704e-11,78.52718076622378
2546,282.22283563367785,5785.904943541506,-3.044635638808469,7.0282186159322055,7.659351348935408,-0.035238838412135064,0.0813451228695857,0.08864989987193758,-1.0913936421275139e-11,53.22367919988638
2547,283.3596282165672,5622.840800713798,2.341396881235467,-0.47271537152230464,2.3886396082148185,0.02709950094022531,-0.005471242725952606,0.027646291761745583,-2.1827872842550278e-11,73.9949198678922
2548,284.59843021706297,5700.142045544732,2.0799550068872326,-0.5797502937631425,2.15924135607711,0.024073553320454077,-0.0067100728444808135,0.024991219399040622,0.0,67.57752431340963
2549,284.98668740800616,5724.369294259588,2.0677490459995433,-0.4199616191685784,2.109965373840698,0.023932280624994716,-0.004860666888525216,0.024420895530563633,2.1827872842550278e-11,65.53405847815331
2550,286.08121200614096,5792.667629183199,1.8286898038943409,-0.5182144339466833,1.9006979240315396,0.0211653912487771,-0.0059978522447532824,0.02199881856517986,-1.4551915228366852e-11,59.670793698646534
2551,286.42348488624094,5814.025456901438,1.8171601879269084,-0.3718893308473213,1.854824202716965,0.021031946619524403,-0.004304274662584742,0.02146787271663154,-1.8189894035458565e-11,57.80088458839347
2552,290.36827892713967,6060.180605053522,1.0028079255850908,-0.32388578987419026,1.053814851147345,0.011606573212790404,-0.0037486781235438658,0.012196931147538717,-2.9103830456733704e-11,33.88659712824971
2553,290.7442515661885,6083.641297730169,0.9149533459817231,-0.3042930098614958,0.96422707967248,0.010589737800714387,-0.0035219098363599064,0.011160035644357406,-2.546585164964199e-11,31.16369341922209
2554,290.5602648546486,6072.16052693008,0.9927294956228009,-0.21635541366216723,1.0160322418606744,0.011489924717856492,-0.002504113584052865,0.011759632428942993,3.637978807091713e-12,32.51477125257157
2555,291.08873559074004,6105.137100862185,-1.8442103132888237,0.5029255581829147,1.911555857597276,-0.0213450267741762,0.005820897664154107,0.022124489092561064,-3.637978807091713e-12,28.51911991631242
2556,290.9203674874523,6094.630931217032,0.9049313898730752,-0.2001488953469899,0.9268011656694417,0.010473742938345779,-0.002316538140590159,0.010726865343396317,-3.637978807091713e-12,29.832143940121203
2557,292.9730780724948,6222.720071723682,0.06773932535437087,-0.13431040189529841,0.15042573003559562,0.0007840199693792922,-0.0015545185404548425,0.0017410385420786525,-3.2741809263825417e-11,5.101660660477695
2558,293.0170214495971,6225.462138454866,0.008842293807106197,-0.14393235464356846,0.14420370616947803,0.00010234136350817338,-0.001665883734300561,0.0016690243769615512,-1.0913936421275139e-11,2.934863361661203
2559,292.9981972445289,6224.287508058611,0.056405143032157205,-0.04978318224839929,0.07523234274735469,0.0006528373036129303,-0.0005761942389861028,0.0008707447077240122,0.0,4.0169346567660575
2560,290.45633474561794,6299.675288126573,-1.2394519514832678,2.8769126426019036,3.1325496792865635,-0.014345508697723006,0.03329760003011462,0.03625636202877966,2.9103830456733704e-11,22.216937958631025
2561,291.16165150205273,6343.687053728108,-1.0557564766887917,2.486633070181654,2.701474738692067,-0.012219403665379536,0.0287804753493247,0.03126706873486189,0.0,18.66333637481276
2562,292.9794344871702,6457.116711999433,-0.1264066495344585,0.3287022323462556,0.3521701273474785,-0.0014630399251673433,0.0038044239854890696,0.004076043140595816,1.4551915228366852e-11,3.1188872853059872
2563,290.8246250698945,6322.656604361432,-1.1342048079573075,2.6353761969361655,2.8690814289195767,-0.013127370462468837,0.0305020393163908,0.03320696098286547,-2.1827872842550278e-11,20.414636137596247
2564,283.1273877711749,5842.34899692132,-2.867210136388919,6.619771905524417,7.214033133232875,-0.033185302504501364,0.07661773038801407,0.08349575385686196,-3.637978807091713e-12,50.16582273657572
2565,279.1670509214278,5595.223977497104,-3.6295008534039144,8.375184684169971,9.127814357162125,-0.042008111729211976,0.09693500791863391,0.10564599950419125,-2.1827872842550278e-11,63.30703366392869
2566,286.2415244221902,6036.671123944677,-2.2327241950593666,5.159686730010039,5.622048068368429,-0.025841715220594516,0.05971859641215322,0.06507000079130126,0.0,39.24422983745778
2567,284.78073472546464,5945.517846869,-2.5358326384922685,5.857083062104061,6.382465759158364,-0.029349914797364214,0.06779031321879699,0.0738711314717403,-1.8189894035458565e-11,44.4586350148399
2568,292.15757532112286,6639.832700038073,-1.1135829207602275,0.28642858472259497,1.1498296637133119,-0.012888691212502629,0.003315145656511516,0.013308213700385551,3.637978807091713e-12,6.361559921190874
2569,292.2610119265412,6646.287144216173,-1.12608185740256,0.37830171343370605,1.1879278328072278,-0.013033354831048144,0.004378492053630857,0.013749164731565134,0.0,5.969373413136037
2570,287.21146708434367,6565.195546063044,0.5112539456470737,-4.161127448306781,4.192417230905317,0.005917291037581871,-0.0481611973183655,0.048523347579922625,3.637978807091713e-12,0.24065239356112725
2571,287.0571155090547,6321.5640077650205,1.8293482543745305,-0.30286032100478805,1.854249015052257,0.02117301220340892,-0.003505327789407263,0.021461215451993716,1.4551915228366852e-11,18.227877641103213
2572,287.36781482545734,6340.951645108546,-3.2054255468983794,0.8478805531002492,3.315668012487734,-0.03709983271873124,0.009813432327549184,0.03837578718157099,5.4569682106375694e-12,17.643037291595174
2573,288.8973432826554,6670.3942208376975,0.4091842117913558,-3.378970451261395,3.4036558330238016,0.004735928377214766,-0.03910845429700689,0.039394164734071785,7.275957614183426e-12,0.2398205902927749
2574,288.7720467322441,6428.57571609204,1.4891058904248118,-0.24636790382224497,1.5093486995825844,0.017235021879916806,-0.0028514803683130237,0.017469313652576212,1.4551915228366852e-11,14.892686109288402
2575,289.0244091548293,6444.323131261355,-2.5977932075418306,0.6852396803911002,2.68664902224555,-0.03006705101321563,0.007931014819341435,0.03109547479450868,-5.4569682106375694e-12,14.374686436525735
2576,289.8354693571711,6728.9332878874775,0.3469977549637919,-2.905818687128849,2.9264636824018746,0.004016177719488333,-0.03363216073065797,0.03387110743520688,0.0,0.23931811928388808
2577,289.72775221877424,6488.2117384515195,1.2835496033804714,-0.21222595176231093,1.3009763406532742,0.014855898187273973,-0.002456318886137857,0.015057596535338821,3.637978807091713e-11,12.878049828709955
2578,289.94482955523864,6501.757364246898,-2.2298388448266597,0.5866114427460387,2.305709057678024,-0.025808319963271518,0.0067894842910421116,0.026686447426828974,-9.094947017729282e-12,12.397010722712153
2579,292.10174684793407,6870.349003311086,0.1557136500237581,-1.4738161123313764,1.482019120582219,0.001802241319719422,-0.017058056855687224,0.017152999080812716,1.4551915228366852e-11,0.2378047292631033
2580,292.0472557342705,6632.948757818485,0.6632927756354959,-0.10911996464050895,0.6722086527956824,0.0076769997180034235,-0.0012629625537095934,0.0077801927406907665,1.8189894035458565e-11,6.757928891194871
2581,292.6416779058752,6904.040701326613,0.08174794131277333,-0.9329007582948716,0.9364756007158025,0.0009461567281570985,-0.010797462480264718,0.010838837971247713,0.0,0.2372271667648053
2582,292.6073040500478,6667.895772722989,0.4300362733175725,-0.07029666112260584,0.43574398094965394,0.004977271681916348,-0.0008136187629931235,0.005043333112843217,1.6370904631912708e-11,4.437436803936587
2583,292.6773161725482,6672.264529167016,-0.690468639335412,0.17210361170603486,0.7115944034827403,-0.007991535177493193,0.0019919399503013292,0.008236046336605789,5.4569682106375694e-12,4.062381541515807
2584,292.8698828159603,6918.280687715922,0.033695825879912544,-0.5861790752184888,0.587146759256774,0.00038999798472121006,-0.006784480037251027,0.006795680083990439,-1.0913936421275139e-11,0.23685713254280902
2585,292.8484084353512,6682.9406863659215,0.28090914040342124,-0.0454581143629715,0.2845634996334316,0.0032512631991136716,-0.0005261355829047626,0.0032935590235350877,-9.094947017729282e-12,2.9521518163466958
2586,292.89259077260493,6685.697664210555,-0.4187071489625716,0.09847175337168708,0.4301306345803092,-0.004846147557437171,0.00113971936772786,0.004978363826160986,-1.4551915228366852e-11,2.58620364536601
2587,292.7978262258529,6679.784356493225,0.29288183001403745,-0.1316079770800175,0.3210925504951274,0.0033898359955328405,-0.0015232404754631657,0.0037163489640639744,-1.4551915228366852e-11,3.3199945078940676
2588,277.7183116596302,5738.822647560933,-6.257628923021705,1.6637296499044745,6.4750224776605245,-0.07242626068312157,0.019256130207227728,0.07494238978773754,-3.637978807091713e-12,34.085758674073006
2589,278.3058400630985,5775.484419937351,-6.2868495785516405,1.8855834033931398,6.56352819712741,-0.07276446271471805,0.021823881983716906,0.0759667615408265,4.547473508864641e-11,33.150223526922936
2590,288.5104392148271,6412.251407005218,1.5054858991724918,-0.3715502138843148,1.5506570717101464,0.01742460531449643,-0.004300349697735127,0.017947419811460027,1.4551915228366852e-11,15.420871168288988
2591,292.53072343705395,6663.11714247217,0.4422039965521859,-0.158812657674999,0.4698572493901973,0.005118101811946596,-0.0018381094638310078,0.005438162608682839,1.2732925824820995e-11,4.815407761342682
2592,287.6682910660758,6359.701362523138,-3.2230845112953004,0.9835381206012113,3.3698102322871875,-0.03730421888073264,0.011383543062514023,0.03900243324406467,-2.3646862246096134e-11,17.070311741090162
2593,289.2677022629442,6459.504621207725,-2.6136029881475973,0.805714004768502,2.734976350379313,-0.030250034585041632,0.009325393573709513,0.031654818870130934,-1.0913936421275139e-11,13.866498613197486
2594,292.74080876384727,6676.226466864075,-0.7025220074412263,0.25931459052718026,0.7488532752145306,-0.00813104175279197,0.003001326279249772,0.008667283277945956,3.2741809263825417e-11,3.689985982366228
2595,289.50209552365067,6474.130760675806,1.2988330511884862,-0.3283275094511822,1.339688862505772,0.01503278994431118,-0.0038000869149442383,0.01550565813085384,0.0,13.367747395707006
2596,290.1534787867815,6514.777076295171,-2.2446382182994973,0.6986627869175431,2.3508573799518615,-0.025979609008096028,0.008086374848582675,0.02720899745314654,-3.637978807091713e-11,11.924216337433117
2597,292.93040413003337,6688.057217714089,-0.4306327228361587,0.1838016294815844,0.4682174505263228,-0.004984175032825911,0.002127333674555375,0.005419183455165772,-3.8198777474462986e-11,2.2218966435784564
2598,288.3740019288314,6637.737720359078,0.4419442292867155,-3.629335071385535,3.6561438377324373,0.005115095246374022,-0.0420061929558511,0.04231647960338469,-7.275957614183426e-12,0.24008664469130253
2599,288.2394043892928,6395.3388338918785,1.5979625026513695,-0.2644444152452991,1.619695961788587,0.01849493637327974,-0.0030606992505242962,0.018746481039219758,1.6370904631912708e-11,15.959616505709423
2600,292.488479552083,6894.4811240499785,0.10608338778200009,-1.109932751399658,1.1149907613038421,0.0012278169882175933,-0.012846443881940485,0.01290498566323891,-3.637978807091713e-12,0.2374157131071566
2601,292.4475207766333,6657.925296461923,0.5062995495219504,-0.08299340086927141,0.5130566620111053,0.005859948489837389,-0.0009605717693202709,0.005938155810313718,-7.275957614183426e-12,5.196550405793953
2602,286.7359767692436,6301.524950400805,1.847719645536082,-0.4443140273227116,1.9003901818773195,0.021385644045556505,-0.005142523464383237,0.0219952567346912,1.6370904631912708e-11,18.82524102251393
2603,291.92997601257485,6625.630503184678,0.6760094265272838,-0.20305505067164706,0.7058470785921072,0.007824183177399116,-0.0023501741975885076,0.00816952637259383,-1.6370904631912708e-11,7.158722338632171
2604,281.9788812280955,6004.682188633161,-4.9665345859260945,1.3182798918530836,5.138514149680261,-0.05748303918895942,0.015257869118669939,0.05947354339907709,3.637978807091713e-12,27.13098816981825
2605,282.44497641492717,6033.766528291459,-4.990337969600624,1.503401588727684,5.211879640573697,-0.05775854131482202,0.01740048135101485,0.0603226810251585,7.275957614183426e-12,26.34826552920425
2606,283.7626143677284,6115.987136546257,-4.405513003088594,1.1685356972358802,4.5578526189530555,-0.05098973383204391,0.013524718718007867,0.052752923830475175,1.8189894035458565e-12,24.106774685372002
2607,284.17596257621307,6141.780064755699,-4.427266601013383,1.3372874481435255,4.624827269791902,-0.05124151158580305,0.015477863983142654,0.05352809340036924,5.4569682106375694e-12,23.3934857248055
2608,285.3424430928052,6214.568448991047,-3.8935798645299347,1.0318211493291003,4.0279795239891385,-0.045064581765392756,0.011942374413531253,0.046620133379503916,7.275957614183426e-12,21.348367432626606
2609,285.70765066017464,6237.3574011949,-3.913530987256626,1.1860660057040595,4.089312577696233,-0.04529549753769243,0.013727615806759946,0.047330006686298984,-3.637978807091713e-11,20.696668227400572
2610,290.3538453239701,6527.2799482157425,-2.0554375731969285,0.5398179748982782,2.125141657239102,-0.02378978672681629,0.006247893227989333,0.02459654695878589,-7.275957614183426e-12,11.459234669667532
2611,290.54606884354695,6539.274695837336,-2.0697936414398144,0.6481296194633958,2.168897812662103,-0.023955944924071923,0.007501500225270787,0.025102983942848406,1.4551915228366852e-11,11.001625262607444
2612,292.30867020657075,6883.261020890015,0.13071577673909324,-1.2900698549091543,1.2966753043201797,0.0015129140826283937,-0.014931364061448543,0.015007816022224302,0.0,0.23760789867790488
2613,292.35763788723506,6652.316604163471,0.518615744000497,-0.17306195262401958,0.5467291188250608,0.006002497037042789,-0.0020030318590743006,0.0063278833197345,-1.4551915228366852e-11,5.581120844491993
2614,292.76869387027614,6911.966497505231,0.057641205101144864,-0.7584788006525808,0.7606658922055659,0.000667143577559547,-0.008778689822367833,0.008804003382008865,1.4551915228366852e-11,0.23704116695915523
2615,287.8125646325873,6602.704033073446,0.47593601685323106,-3.8898123133048568,3.918820603813882,0.005508518713579063,-0.04502097584843584,0.04535671995154956,3.637978807091713e-12,0.24036379830430663
2616,287.95875348898767,6377.826217712837,1.6149583964346272,-0.39468303620496,1.6624876905657582,0.01869164810688226,-0.004568090696816668,0.019241755677844426,-1.4551915228366852e-11,16.50930182830207
2617,289.38404698247734,6700.764531706586,0.3775646505798217,-3.1380218025065916,3.1606543465513877,0.00436996123356275,-0.03631969678827074,0.036581647529529956,0.0,0.2395644521958849
2618,277.4145713512826,5953.8692523200325,1.0201376023713467,-8.095747581471041,8.159767743671763,0.011807148175594289,-0.09370078219295185,0.09444175629249724,0.0,0.24118210735247866
2619,278.5898378189837,6027.2058799045835,0.9616962913114744,-7.65204007449371,7.712235542200455,0.011130744112401322,-0.0885652786399735,0.0892619854421349,1.8189894035458565e-11,0.24308688941410328
2620,278.8769702555078,5811.122943943689,-5.912834823825249,1.571039354923994,6.117988256654352,-0.06843558823871816,0.01818332586717585,0.07081004926683278,1.8189894035458565e-11,32.231746372338016
2621,279.70022304798863,6096.49391819449,0.9066160784295613,-7.22627133066333,7.282921807766013,0.010493241648490293,-0.0836373996604552,0.0842930764787733,0.0,0.24348680148672452
2622,279.43204087149184,5845.759350381094,-5.940374930266206,1.783923726839184,6.202454205821679,-0.06875433947067368,0.020647265356934997,0.0717876644192324,2.9103830456733704e-11,31.33224932666506
2623,279.9714051403438,5879.415680757456,-5.582608229926456,1.482727353760427,5.776157464476881,-0.06461352117970436,0.017161196224079012,0.06685367435737131,-5.4569682106375694e-12,30.4524893913469
2624,280.74849808437784,6161.906280465178,0.8542925906836614,-6.81955511170973,6.872855865805954,0.00988764572550534,-0.07893003601515891,0.07954694289127262,-1.4551915228366852e-11,0.2433456230993091
2625,280.4954199387471,5912.114204177822,-5.608769973799405,1.6860854632372273,5.856721336066253,-0.06491631914119682,0.01951487804672716,0.06778612657484089,1.4551915228366852e-11,29.592710289911196
2626,281.00443972547407,5943.877038869586,-5.267328807650079,1.398553812283569,5.44983536758252,-0.06096445379224627,0.016186965419948712,0.06307679823590878,1.4551915228366852e-11,28.752759747244713
2627,281.7374812497326,6223.618829983313,0.8044228246879547,-6.4315006867846485,6.481612235006839,0.00931044935981429,-0.0744386653563038,0.07501866012739396,7.275957614183426e-12,0.24302310594020848
2628,281.49881314836114,5974.725940457738,-5.292263690647932,1.5925810247461096,5.526696055667602,-0.0612530519750918,0.01843265074937627,0.06396638953318985,1.4551915228366852e-11,27.932329159386274
2629,282.669895868265,6281.801502179735,0.7568160573388982,-6.061257293035448,6.108323052771636,0.0087594451080891,-0.07015344089161397,0.07069818348115318,7.275957614183426e-12,0.24265550858347207
2630,282.89742221827595,6061.999146420422,-4.679516196627539,1.241678887774616,4.841450019864366,-0.0541610670905965,0.014371283423317312,0.05603530115583757,-1.8189894035458565e-12,25.583659346222078
2631,283.5483292861033,6336.615747452845,0.7113237141358117,-5.707863828184291,5.752016247142092,0.008232913358053377,-0.06606323875213299,0.06657426211970013,-3.637978807091713e-12,0.24229005951699004
2632,283.33653308548105,6089.399664534021,-4.702262368229082,1.4183756202001947,4.911523264695146,-0.05442433296561436,0.016416384493057806,0.05684633408211972,-2.9103830456733704e-11,24.8366650420797
2633,284.3752251886742,6388.214051773271,0.6678165182862332,-5.370360326369001,5.411723287191808,0.007729357850535106,-0.06215694822186343,0.06263568619434962,0.0,0.24193495516562147
2634,284.5768654803525,6166.796405974001,-4.143777295450783,1.0986493985072576,4.286947722463357,-0.04796038536401368,0.012715849519759926,0.04961745049147403,3.092281986027956e-11,22.696306743262674
2635,285.15288606630384,6436.740090537359,0.6261682333800447,-5.047811840307572,5.0865008632304,0.007247317515972739,-0.058423748151708005,0.058871537768870365,7.275957614183426e-12,0.2415942858999609
2636,284.9656021430055,6191.053573723549,-4.164601437903877,1.259923641537972,4.3510128383052775,-0.048201405531294865,0.014582449554837635,0.05035894488779255,0.0,22.01475833373562
2637,285.8834775094,6482.32899658656,0.5862659879266603,-4.739322127557655,4.775445742269222,0.006785485971373383,-0.05485326536525062,0.05527136275774561,7.275957614183426e-12,0.24126881527592015
2638,286.0614791771383,6259.436300653435,-3.6542283229962247,0.967868470220686,3.7802320050805256,-0.042294309293937786,0.011202181368294982,0.043752685243987566,9.094947017729282e-12,20.05920740433021
2639,286.56903459256506,6525.1077585760595,0.5479967279701766,-4.444034860942628,4.477694301662338,0.0063425547218770445,-0.05143558866831745,0.05182516552849929,7.275957614183426e-12,0.2409535083362216
2640,286.40417500677455,6280.820520422735,-3.6733629529744665,1.1155121035281996,3.8390054229452715,-0.04251577491868596,0.012911019716761568,0.04443293313594064,2.9103830456733704e-11,19.435542950512875
2641,290.2528686267417,6754.979002308682,0.3173990080181175,-2.68171599878584,2.700433822265382,0.0036735996298393227,-0.031038379615576844,0.03125502109103451,-7.275957614183426e-12,0.23908094996641813
2642,290.6374085944735,6778.974296295148,0.28868687153234424,-2.465092709655605,2.481939196876576,0.003341283235328058,-0.028531165621013942,0.028726148111997408,1.0913936421275139e-11,0.23885256177828232
2643,290.73028339142417,6550.769683624875,-1.8867703482727765,0.49453076999698614,1.9505032759765326,-0.021837619771675653,0.005723735763854006,0.022575269397876536,1.8189894035458565e-12,10.550955970914947
2644,290.9901621425327,6800.986117694041,0.2607824601067542,-2.255350494193057,2.2703773569951315,0.00301831551049484,-0.02610359368279001,0.026277515705962165,0.0,0.23863117021039879
2645,290.90661750037134,6561.772932023178,-1.9007225539855714,0.59940187772826,1.9929949418534905,-0.021999103634092264,0.006937521732965972,0.02306707108626725,1.8189894035458565e-11,10.106835075648807
2646,291.07519425984316,6572.29212181422,0.926867480444843,-0.2524157025561559,0.960623242068965,0.010727632875519016,-0.002921478038844396,0.01111832456098339,-9.094947017729282e-12,9.668928986205975
2647,292.9455278633303,6923.000938671811,0.009844678132738427,-0.4155193229986942,0.4156359289965563,0.0001139430339437318,-0.004809251423595997,0.004810601030052734,-3.637978807091713e-12,0.23667503043281435
2648,292.9618749503949,6690.020996904647,-0.2847727247151367,0.06212023881366655,0.29146943032151756,-0.003295980610128897,0.0007189842455285481,0.0033734887768694165,-1.6370904631912708e-11,1.8589776733328267
2649,292.9958407035775,6926.140459903238,-0.013978296635733726,-0.2460231718798428,0.24641995430292418,-0.0001617858406913625,-0.002847490415275958,0.0028520828044319925,1.0913936421275139e-11,0.23649451221668608
2650,292.9870252622968,6691.590376367328,-0.2966842120993728,0.14686831437309228,0.33104655786734755,-0.0034338450474464444,0.0016998647496885679,0.00383155738272393,2.3646862246096134e-11,1.497194578623049
2651,293.0058726883027,6692.766455750096,-0.13371544953826783,0.0020181899271501315,0.13373067911217343,-0.0015476325178040257,2.335867971238568e-05,0.0015478087860205257,-3.637978807091713e-12,1.1362899502691288
2652,291.23613138019454,6582.334598124147,0.9132800940009141,-0.15069475779792854,0.9256292130902605,0.010570371458343912,-0.001744152289327875,0.01071330107743357,3.637978807091713e-11,9.23696388907911
2653,291.31211430499224,6821.075932631516,0.23360768721889608,-2.0519086046766026,2.0651637885343725,0.00270379267614463,-0.02374894218375697,0.023902358663592273,3.637978807091713e-12,0.23841742306732264
2654,291.3895412568454,6591.907374427162,-1.5647877591654689,0.40797893275571917,1.6170984944667364,-0.018110969434785518,0.004721978388376381,0.01871641776003167,5.4569682106375694e-12,8.810710650701878
2655,291.60416481914183,6839.29988471445,0.20708818868363926,-1.8542045121774169,1.8657330706377488,0.002396854035690269,-0.021460700372423806,0.02159413276201098,7.275957614183426e-12,0.23820803203179558
2656,291.53553112297993,6601.017142073956,-1.5780475084330972,0.5068309790053122,1.6574412750234588,-0.0182644387550127,0.005866099294042963,0.019183348090549293,0.0,8.389961205516016
2657,291.6742030898432,6609.6702728062255,-1.4105811805785466,0.36647528692404097,1.4574098266885758,-0.016326171071510957,0.004241612117176399,0.016868169290377034,-1.4551915228366852e-11,7.974517181086693
2658,291.86713052641073,6855.708944848029,0.18114695180733356,-1.6616862843936526,1.6715308928916244,0.002096608238510805,-0.01923248014344505,0.019346422371430836,0.0,0.23800362199940756
2659,291.8056541036934,6617.872816070477,-1.4235517990166995,0.4627344008159231,1.4968710198885384,-0.01647629397010069,0.005355722231665777,0.01732489606352475,0.0,7.5641758998274575
2660,237.49300632482743,2994.7635946692426,-0.07211306079292026,0.13420898929683836,0.1523559855896784,-0.000834641907325466,0.0015533447835282214,0.0017633794628434995,-1.4551915228366852e-11,2.313804166573531
2661,293.0148740785425,6459.328142501066,-0.011000736198404507,0.08970293550514431,0.09037495690260088,-0.00012732333562968188,0.0010382284201984296,0.0010460064456319549,0.0,1.7989133460710882
# Total Flowrate: 182.519899
