node_id,x,y,u_x,u_y,u_mag,u_x_vp,u_y_vp,u_mag_vp
1,0.0,227.0,-0.16257058882283604,-1.0096761374142715,1.0226803502629775,-0.23515450872260862,-0.2620288924751353,0.3520749685284619
2,270.0,317.0,0.4773693845282924,-4.005067530081258,4.033416349671344,0.26029211054720836,-1.8795207570411074,1.8974588951968097
3,320.0,317.0,0.4134023427225897,-3.3361837849276856,3.361699532049666,0.4234529829617235,-1.2174561865853786,1.2889965069906875
4,590.0,227.0,1.3584953231643024,0.348754846586739,1.4025474986883768,1.1749596914264993,0.5786941592238138,1.3097393658269614
5,350.0,227.0,1.4770422106883792,-1.7523405636189948,2.2918008515269714,1.1633788823615268,-0.4310333933261803,1.2406611987513096
6,310.0,307.0,0.5319874228233149,-3.442296228356669,3.483161486609649,0.46498943944267834,-1.2482673110533549,1.33206098157614
7,280.0,307.0,0.49090239712294914,-4.000434004628948,4.0304413392198954,0.34658473639095,-1.803363136176812,1.836365862354409
8,240.0,227.0,-0.13689869485502942,-1.5501367246670497,1.5561700157163094,-0.04284189231782966,-0.2027035204515777,0.20718143000963113
9,-150.0,227.0,0.0,-1.471715879539061,1.471715879539061,0.0,-0.6978417954378779,0.6978417954378779
10,740.0,227.0,0.0,-0.2614200284705064,0.2614200284705064,0.0,-0.03890282713163723,0.03890282713163723
11,740.0,197.0,0.0,-0.06474130586168307,0.06474130586168307,0.0,-0.012925545576025946,0.012925545576025946
12,-150.0,197.0,0.0,-0.1307906802697659,0.1307906802697659,0.0,-0.026987372993939898,0.026987372993939898
13,740.0,182.0,0.0,0.0,0.0,0.0,0.0,0.0
14,-150.0,182.0,0.0,0.0,0.0,0.0,0.0,0.0
15,11.249999999965608,230.74999999998855,-0.3018565602525665,-1.218100827048886,1.254945021833503,-0.38962363421700763,-0.46952576334756013,0.610131968337652
16,22.49999999993509,234.49999999997837,-0.145650509406341,-1.2172640367609837,1.2259469018199654,-0.2357307587519425,-0.42105639564428443,0.4825530840588657
17,33.74999999990998,238.24999999997,-0.5880262399007206,-1.684050523939471,1.783760361145125,-0.6757485406974804,-0.8445178906201781,1.0815944516464244
18,44.99999999986074,241.9999999999536,-0.33467519663649464,-1.1482443576128714,1.196023658642868,-0.41824555024011134,-0.2693041240108659,0.49744753643466094
19,56.249999999810264,245.74999999993676,-0.3546014513324939,-1.1918243421833634,1.2434578609297213,-0.4330486473616573,-0.2723844990663622,0.5115901155352731
20,67.49999999975977,249.49999999991994,-0.6610583964777553,-1.447811994287632,1.5915897003803685,-0.734115681437825,-0.48640754698186073,0.8806350750985525
21,78.74999999970925,253.24999999990308,-0.3746486288197734,-1.2434630612085076,1.2986770112951753,-0.44389794110132663,-0.2406140245495716,0.5049163207145703
22,89.99999999965873,256.99999999988626,-0.3742498252935084,-1.3411346940503137,1.3923739437800644,-0.4397468907896536,-0.29727517980565565,0.5308011496668525
23,101.24999999960819,260.7499999998694,-0.5319902022676872,-1.4424997232291696,1.5374716344781927,-0.5963160034031948,-0.355871932688161,0.6944333001735775
24,112.49999999955767,264.49999999985255,-0.4097708621094031,-1.4112870291258306,1.4695724677649267,-0.47500783310055145,-0.2810009468960537,0.5519003294648048
25,123.74999999950717,268.2499999998357,-0.44031807461503186,-1.4665860844693877,1.5312592040513384,-0.5075231256588566,-0.2906875237771289,0.5848751657902859
26,134.99999999946164,271.99999999982055,-0.42229940172767283,-1.495136363825093,1.553631079481764,-0.49415082895567575,-0.27143138142898326,0.563790773764548
27,146.24999999951274,275.7499999998376,-0.3933606162290655,-1.555094718674667,1.6040736137877065,-0.4723364909484715,-0.280864044013702,0.5495328669890877
28,157.49999999956887,279.4999999998563,-0.3709381819881195,-1.6379986138537423,1.6794744993132324,-0.45930935615213025,-0.31010589968470237,0.5541937871071302
29,168.74999999962498,283.249999999875,-0.41211983791819135,-1.8050522471312989,1.8515011141448086,-0.5118057382560961,-0.41981485890951675,0.6619589333735779
30,179.99999999968108,286.9999999998937,-0.2512321508628863,-1.8126711400490776,1.8299984304894947,-0.36480664678438957,-0.3665533264395209,0.5171510714113897
31,191.24999999973718,290.7499999999124,-0.20379944471828995,-1.9487336476736017,1.9593613865856254,-0.3327158358829295,-0.43739310027162226,0.5495566864414425
32,202.4999999997933,294.4999999999311,-0.1262603937299043,-2.090962227886587,2.0947708049983107,-0.27268736967271623,-0.5095411147416735,0.5779191545460419
33,213.74999999984942,298.2499999999498,-0.023509551209641,-2.263185945617765,2.2633080487286428,-0.18927846867892156,-0.6055530162535436,0.6344452649355986
34,224.99999999990553,301.9999999999685,0.10593030769140846,-2.4916964083439352,2.4939471168093488,-0.08027825967075866,-0.749734508236167,0.7540201799792184
35,236.24999999996163,305.7499999999872,0.28868345502376946,-2.8490896678716844,2.8636777180363095,0.08293435325624138,-1.0111040115293695,1.014499595406925
36,247.50000000001776,309.5000000000059,0.466078506611455,-3.3229210038193746,3.3554482818170697,0.2472481069662849,-1.3832727980320008,1.4051958084813987
37,258.75000000005053,313.2500000000168,0.5333573473654546,-3.7998266589500957,3.8370760610204955,0.3117929337837712,-1.7604574187925373,1.7878549037713252
38,286.6666666666667,317.0,0.3629029032648058,-3.9052661564640525,3.922091568286179,0.21047513061228773,-1.684587462327464,1.6976851000221285
39,303.3333333333333,317.0,0.30853769598952246,-3.6229951625856187,3.6361091097442766,0.2525003479436805,-1.4039191892944625,1.4264450623073082
40,331.25,313.25,0.5731141469141958,-3.0045538221921824,3.058725796118841,0.5876033453719306,-0.9770455043980877,1.1401296457670058
41,342.5,309.5,0.7185665471476564,-2.7050740217083526,2.7988860901439176,0.7305350816692427,-0.7840482186626201,1.0716403849881333
42,353.75,305.75,0.8565716036034468,-2.432935991918544,2.5793201532327177,0.8557493144131494,-0.6226915481614275,1.058324928020809
43,365.0,302.0,0.9872754072177131,-2.2012241609529486,2.4124884531246806,0.9670510817960383,-0.5001518865696521,1.0887330730909528
44,376.25,298.25,1.0936387216956547,-2.0127434305922836,2.2906727769335586,1.0508650939070032,-0.41691081239823946,1.130545032754881
45,387.5,294.5,1.1706282174165246,-1.8574774184281053,2.1955848385753916,1.1044718897969354,-0.3626951370388951,1.162499857111078
46,398.75,290.75,1.2288945935766968,-1.723636813552276,2.116862250396723,1.139666819581477,-0.32626333380261197,1.18544853226066
47,410.0,287.0,1.2810068076920793,-1.5983820286713324,2.0483660685856266,1.1693586223096728,-0.29522778057531696,1.2060510063813237
48,421.25,283.25,1.3294408302684493,-1.4833926496799368,1.9919504698433963,1.196133997650918,-0.2713439863198557,1.2265252134580504
49,432.5,279.5,1.3714055645940866,-1.3802198131754952,1.9457029463106192,1.2174197611447601,-0.2559711055533376,1.2440386174488165
50,443.75,275.75,1.4064787627679411,-1.2904977804512376,1.9088129901765678,1.2331021230903365,-0.2504860964671016,1.2582861878337621
51,455.0,272.0,1.435217197852996,-1.2127061229640224,1.8789636892945634,1.2441532386184653,-0.25320556730774024,1.2696575681972089
52,466.25,268.25,1.4577985068370714,-1.1437996370551404,1.8529582014346317,1.2511522411390072,-0.2610712312782295,1.2781001988530833
53,477.5,264.5,1.476079182403699,-1.0759850873608237,1.826623568485979,1.256272696113899,-0.2664158020198404,1.2842112235014767
54,488.75,260.75,1.490810011808573,-1.007534377531411,1.799344328697619,1.2604882572295733,-0.26776472062675705,1.2886149899120265
55,500.0,257.0,1.50812474348105,-0.9343622695511125,1.774111916610812,1.270038769929825,-0.26134220449767065,1.2966488441272621
56,511.25,253.25,1.527282528279512,-0.8616100892583545,1.7535574889634067,1.284207640190202,-0.25265782571548057,1.3088259013398846
57,522.5,249.5,1.5431298955517347,-0.7810674937965724,1.7295422239457372,1.2977940131308967,-0.23389028470844708,1.3187016212166407
58,533.75,245.75,1.5544015134333027,-0.6877616338750817,1.6997588446583427,1.3094295220208563,-0.2004361333174305,1.3246812132279264
59,545.0,242.0,1.5614929604446832,-0.5793696155282967,1.66551175826402,1.319415430620043,-0.1502328532768144,1.327940883007209
60,556.25,238.25,1.5653979934702493,-0.4405473981077586,1.6262081318023835,1.3287251014214925,-0.06794892655172374,1.3304613680100175
61,567.5,234.5,1.56667075443041,-0.24636065181414,1.5859227041535906,1.3382626145909382,0.07195596533317192,1.3401956896508818
62,578.75,230.75,1.5447530083611165,0.025506953374919563,1.5449635793478078,1.3293043728615084,0.2941519458863247,1.361460790099164
63,577.9999999999501,227.0,1.6040221959297458,-0.029267468029342658,1.6042891851907912,1.378573208773463,0.24440482216028087,1.4000706443044797
64,565.9999999999001,227.0,1.6721667635635917,-0.2975667596710018,1.698436828859948,1.4200242636873939,0.02880072734944067,1.4203162997574807
65,553.9999999998502,227.0,1.687640286603066,-0.4756344962034697,1.7533847013546136,1.413279126727989,-0.09451122351065544,1.4164357597203299
66,541.9999999998001,227.0,1.675885702390478,-0.5987924158083615,1.7796475057455732,1.3823393421381303,-0.16305100016085178,1.391922298649006
67,529.9999999997502,227.0,1.6621605553166223,-0.6903301189460438,1.7998148195785368,1.3517048201447877,-0.2005609907635162,1.366503066889605
68,517.9999999997003,227.0,1.6463875220019155,-0.7657440209776561,1.8157521246763384,1.3207613744756737,-0.22239350447019135,1.3393541276068117
69,505.99999999979684,227.0,1.627386308046318,-0.8297047616396621,1.8266899537426033,1.2880192357397902,-0.23287234955882308,1.3089014794188139
70,494.0000000000311,227.0,1.6080646669061467,-0.8865184709593049,1.8362426234852518,1.256183422884344,-0.23592200033663469,1.2781455246458697
71,482.0000000002653,227.0,1.5917057496455091,-0.940275150662167,1.8486872511074808,1.2284865935950253,-0.2352853011227396,1.2508151276536141
72,470.00000000048846,227.0,1.5802369002341783,-0.9924097551502152,1.866018698453752,1.2069088502016583,-0.23211662804904276,1.2290268921841974
73,458.00000000044963,227.0,1.5747265413554894,-1.044917582907763,1.8898720684531067,1.1926741457838304,-0.22820523294603323,1.2143101936347
74,446.00000000039967,227.0,1.5758956862811133,-1.0998012086308842,1.9217205604731857,1.1867440586184455,-0.22542932968989626,1.207965166447533
75,434.0000000003497,227.0,1.5821882785783699,-1.157402928075358,1.9603319328083693,1.1878826338692046,-0.22407129777499546,1.2088312944057205
76,422.00000000029974,227.0,1.5910091508962863,-1.2249255658065135,2.0079224985048922,1.1938997586491504,-0.23133847421250064,1.216106131615768
77,410.00000000024977,227.0,1.6011757935447977,-1.303390018674128,2.0646039481249563,1.2041174065088995,-0.2483243273562179,1.229456668701519
78,398.00000000019986,227.0,1.6103760369922147,-1.3932461651010029,2.1294238321873364,1.2168611819677586,-0.2756972363742376,1.2477019284766546
79,386.0000000001499,227.0,1.616000451280964,-1.4935281004216394,2.2004735047914914,1.2303402916331112,-0.31306662373190774,1.2695463536676181
80,374.0000000000999,227.0,1.61528804824848,-1.6032736577187368,2.2758826640117458,1.2429358875869698,-0.36097206185653774,1.2942914857529462
81,362.0000000000499,227.0,1.5952848121122756,-1.7150104983038574,2.342262718195494,1.2440558504353487,-0.41650565324254263,1.3119267960467216
82,344.2857142856109,238.4285714287783,1.5677609682659863,-2.015437777449753,2.5534024141113956,1.2470161181094115,-0.5138800755112314,1.3487482829765138
83,338.5714285712217,249.85714285755657,1.5097044451411983,-2.252537304613717,2.7116658755008007,1.2176338942219305,-0.5844772498988904,1.3506464955744093
84,332.8571428569068,261.2857142861864,1.3922275618914384,-2.4974132333474826,2.859260471203928,1.142276757238698,-0.6802884244145044,1.3295068749427827
85,327.1428571426801,272.71428571463986,1.221094323059364,-2.7469497797555626,3.0061278146989925,1.020616172467497,-0.7999316323084289,1.2967451514734232
86,321.4285714284534,284.14285714309324,1.0133746212559396,-2.9890585454511926,3.1561684224927573,0.8650047093994715,-0.9338789514078991,1.2729348149712856
87,315.71428571422666,295.5714285715466,0.7838008200884353,-3.2217730436068313,3.3157450550491556,0.6841685669144604,-1.0834801925501942,1.28141170417723
88,300.0,307.0,0.503466577024622,-3.6830193655809516,3.717271881558464,0.4089509235691754,-1.4424241391078048,1.4992759102209883
89,290.0,307.0,0.4997094095452257,-3.8820335449734045,3.914063609381791,0.38274582495946297,-1.6406920605752005,1.6847447296722424
90,274.2857142857733,295.57142857154656,0.5458521778585432,-3.9431881655036003,3.9807898096534267,0.42890531462943177,-1.8007151759087776,1.8510901959833161
91,268.57142857154656,284.1428571430931,0.4339045192386994,-3.6257976547321484,3.6516683536264507,0.359378393592511,-1.5647358517599255,1.6054753550160754
92,262.8571428573198,272.71428571463963,0.21151099053840458,-3.15685508264327,3.163932823548753,0.1828602225486129,-1.2012409521334932,1.215079292092952
93,257.1428571430931,261.2857142861862,0.019622788806121692,-2.7055888626314726,2.705660020667045,0.035847789625460195,-0.8760084633230207,0.8767416334557128
94,251.4285714287782,249.85714285755643,-0.10313649493598605,-2.3076427927598075,2.309946405344497,-0.04606497729556779,-0.6223878700212444,0.6240902521934008
95,245.71428571438912,238.4285714287782,-0.1590210965703851,-1.9262684842251705,1.9328212494883181,-0.06955051806678274,-0.40252250270758694,0.40848701295064105
96,11.999999999994696,227.0,-0.32931021010398565,-0.9386687095974211,0.9947583429436613,-0.39578383619045243,-0.20870047280988735,0.44743796479590486
97,23.999999999996405,227.0,-0.4042566270919343,-0.9937665486551015,1.0728445245111797,-0.45938739640124626,-0.23679592263232707,0.5168259754962117
98,35.999999999994365,227.0,-0.38737744263434165,-0.9416337485507252,1.018202042559144,-0.42796051863136525,-0.15837322891464123,0.4563247584167185
99,47.99999999998343,227.0,-0.4052254089620375,-1.0023104972484569,1.0811262483923416,-0.42980496271656893,-0.19116861214038183,0.47040168392924675
100,59.9999999999725,227.0,-0.4207214025048869,-1.0348966308255543,1.1171470516542406,-0.4295218208462575,-0.19657403749401803,0.4723667503114335
101,71.99999999993994,227.0,-0.4405209290347279,-1.0561123969366257,1.1443041920227526,-0.43378799442594296,-0.19102214218731517,0.4739846863706809
102,83.99999999989349,227.0,-0.4626113613929151,-1.0792612632739145,1.1742291710281312,-0.44057451314832563,-0.18743110646406302,0.47878630024910596
103,95.99999999984705,227.0,-0.4817864055037141,-1.1085076572565562,1.208680010062468,-0.44475057163863846,-0.189596419907327,0.4834768592337912
104,107.99999999980061,227.0,-0.49848341981412786,-1.1365409825651493,1.241052426322008,-0.4467616152181222,-0.18990527115827327,0.4854481979016945
105,119.99999999975694,227.0,-0.5147912028619663,-1.1645024454224793,1.2732148003926929,-0.44872840111726453,-0.18906686987392662,0.4869327050560282
106,131.99999999977877,227.0,-0.5316352251224967,-1.1942949498176632,1.3072782564362577,-0.45170171771779966,-0.18859015611959795,0.48949023358431276
107,143.99999999980332,227.0,-0.5488931153488584,-1.2286175557207921,1.3456540232551266,-0.4557443845232383,-0.19077709096720596,0.49406360163684887
108,155.9999999998279,227.0,-0.5647704758620858,-1.2696678013843228,1.389612181969339,-0.45936730312933743,-0.19743405424808347,0.49999852495898
109,167.9999999998525,227.0,-0.5762903311570351,-1.318269751593586,1.4387305806688409,-0.46001849616509705,-0.20902598101460756,0.5052809887113471
110,179.99999999987708,227.0,-0.5785427666365703,-1.3731527002360813,1.490053714130178,-0.4533790289086961,-0.22397969319699684,0.5056871036706524
111,191.99999999990166,227.0,-0.5641108188589248,-1.4308505221285353,1.538035835937898,-0.4328237795744305,-0.23867740681098204,0.4942705015344434
112,203.99999999992622,227.0,-0.5252034747832317,-1.4886455530717384,1.5785766603509133,-0.39161055157474217,-0.25063547256244045,0.46494834574527916
113,215.99999999995083,227.0,-0.4564416331046132,-1.5459301159976204,1.6119053594983865,-0.3257690362430158,-0.2604392386336627,0.41707800468831396
114,227.9999999999754,227.0,-0.3427811377846986,-1.588905098660695,1.6254594184325013,-0.22273722819044817,-0.25845956336292386,0.3411938140056426
115,336.25,227.0,1.1904660302536978,-1.6205727307717148,2.010836976213858,0.9503792571028288,-0.3742044968114857,1.0213959750093309
116,322.5,227.0,0.9130660405963762,-1.5914816839487682,1.8348034076801663,0.7233566612751425,-0.34944026491575997,0.8033388812671262
117,308.75,227.0,0.6772730853807357,-1.5898894443268614,1.7281340449638498,0.537139552412647,-0.3401245007670217,0.6357700644007034
118,295.0,227.0,0.4729587177329303,-1.583087457377416,1.6522275407416709,0.3822757263446174,-0.32831693905184034,0.5039114440263037
119,281.25,227.0,0.29882213472781216,-1.5565080572798466,1.5849328063297727,0.2553651823665352,-0.30297374962352475,0.3962378948637196
120,267.5,227.0,0.1569043770630991,-1.5100858749709027,1.518215509513783,0.1563654613195116,-0.2591014257631734,0.3026279999044585
121,253.75,227.0,0.040135895609315846,-1.4693964565166122,1.469944501176809,0.0787346172426332,-0.2062643111849738,0.22078067402052123
122,-12.499999999974966,227.0,-0.16975991012954472,-1.0711813145308335,1.0845496003812807,-0.19600722098197393,-0.3166710830863543,0.37242369089541155
123,-24.999999999949736,227.0,0.292531229545064,-1.1469376772654623,1.1836555900219627,0.27465496015515434,-0.38549673286468766,0.473331890101626
124,-37.49999999992451,227.0,-0.40413111822105396,-1.17656950796199,1.2440409027763188,-0.4122450945255838,-0.41259916333870084,0.5832530218937605
125,-49.99999999989933,227.0,0.14653861067155746,-1.1678045482630046,1.1769626278524354,0.1377919194201522,-0.4038923099674966,0.42675005695180646
126,-62.499999999874134,227.0,-0.07001327711235107,-1.0524358659895403,1.0547621110910101,-0.07424679903506488,-0.28894622297653505,0.2983328794138501
127,-74.99999999979896,227.0,-0.008104916107885338,-1.126182751836497,1.1262119162036694,-0.011195400354485085,-0.3618122181872838,0.36198538398490604
128,-87.49999999983014,227.0,-0.008499869944662534,-1.1146585902380513,1.1146909978018824,-0.01094143820684686,-0.35045700639034527,0.35062776330193357
129,-99.99999999986412,227.0,8.617111686888475e-05,-1.1307648531805574,1.1307648564639374,-0.0021053563329532557,-0.3666252522586114,0.3666312972442194
130,-112.49999999989808,227.0,0.04281169488898931,-1.0778047947473464,1.078654725479677,0.04076057349959054,-0.3146688233378576,0.3172977981846823
131,-124.99999999993204,227.0,-0.10637833934617702,-1.187421336309193,1.1921769084344656,-0.10614698345639793,-0.42359214547451707,0.43668923481647365
132,-137.499999999966,227.0,0.5813047031693497,-1.404389548746807,1.519942486594827,0.5772441618779316,-0.6372982409268935,0.8598603783816698
133,602.5,227.0,0.9507535038848921,0.31739762723895265,1.0023340156486344,0.8287094676625892,0.5251908778271459,0.9811140810050889
134,615.0,227.0,0.6477157975841522,0.1389481986354047,0.6624517766178142,0.5573676484330563,0.3441362206497164,0.6550484210215801
135,627.5,227.0,0.4063029083831173,-0.02950370811965668,0.40737270668687375,0.3393230459692023,0.1791364824004841,0.38370562786156304
136,640.0,227.0,0.23217625386407048,-0.1447904534785155,0.27362399068222704,0.18327572837221612,0.06780927505945311,0.19541773306037227
137,652.5,227.0,0.13589846961767071,-0.20543925343655425,0.24632028113209384,0.10048911549834766,0.010371000636754307,0.1010228686379862
138,665.0,227.0,0.09085770432741522,-0.22794742130476967,0.24538775298523388,0.0654672722507125,-0.009804840151463212,0.06619742159891619
139,677.5,227.0,0.06340905076351187,-0.24060695046419645,0.24882204952618228,0.04539959750970504,-0.020835243214188698,0.04995228537151841
140,690.0,227.0,0.043736339761737554,-0.24955200892516535,0.25335562471423434,0.03120462932454894,-0.028653563525280867,0.042364555869025766
141,702.5,227.0,0.02937786492290091,-0.2548230450203397,0.25651090273293703,0.02099121207859038,-0.03316254327910631,0.03924774211680154
142,715.0,227.0,0.017741284208114487,-0.25835211468356384,0.25896055361159237,0.012599974756575611,-0.03620009235141086,0.038330223715979245
143,727.5,227.0,0.009204344635786467,-0.26054681323499074,0.2607093436129274,0.006768680409969151,-0.038119115231748574,0.03871539720245198
144,740.0,216.99999999999997,0.0,-0.24367535053729933,0.24367535053729933,0.0,-0.03935680783138687,0.03935680783138687
145,740.0,206.99999999999994,0.0,-0.17858389897327118,0.17858389897327118,0.0,-0.031096654071207513,0.031096654071207513
146,728.734177215272,197.0,0.0010365887324483157,-0.06473960530627533,0.0647479035290916,0.0006903388468907799,-0.01292016626134554,0.012938595903124035
147,717.4683544305439,197.0,0.002228173569939906,-0.06471719271480524,0.06475553868467947,0.0015053401295710167,-0.012886207892782636,0.012973835314266572
148,706.2025316458158,197.0,0.0037144693741817596,-0.06467610050023864,0.06478267714944098,0.0025517513466289917,-0.012825740298167479,0.013077119297882852
149,694.9367088610877,197.0,0.005667608970693719,-0.06463169256604856,0.06487971543862461,0.003963190162297295,-0.012752321446042048,0.013353972387485081
150,683.6708860763597,197.0,0.00830397630846328,-0.06457105092865971,0.06510281591884552,0.0059072980577939,-0.012652445166780678,0.013963543212308518
151,672.4050632916316,197.0,0.011853419997646643,-0.06444249999386421,0.06552357874154768,0.008548549904668336,-0.01247219647295953,0.015120627974152038
152,661.1392405069035,197.0,0.01646667779000818,-0.06402210411103519,0.06610583402578155,0.011950177214049031,-0.011983971883483296,0.016924015999498904
153,649.8734177221754,197.0,0.02229056138662655,-0.06300296432540858,0.06682995317011432,0.016138121975240054,-0.010868117276826468,0.019456488738479508
154,638.6075949374474,197.0,0.02990166549626572,-0.06146866994719727,0.06835573849010806,0.021537372703697724,-0.00916627198155387,0.02340681449958117
155,627.3417721527193,197.0,0.04007184006105398,-0.05989697699981993,0.07206524973658003,0.0287621472484193,-0.007246580812879128,0.029660985280623126
156,616.0759493679913,197.0,0.05504680938036122,-0.05979126149271779,0.08127205038540852,0.0399211197320754,-0.006403090460255431,0.040431366141956096
157,604.8101265832631,197.0,0.07575400343144321,-0.06071631126390103,0.09708315759896784,0.056080211364890435,-0.005901426015530106,0.05638986554113746
158,593.5443037985351,197.0,0.10235441171713776,-0.06437060189601942,0.12091319194536701,0.07770796174965128,-0.007264050676351476,0.0780467408128864
159,582.2784810138071,197.0,0.1307697415778281,-0.07057444321217937,0.1485983759905911,0.10116554535513829,-0.010394117019789803,0.10169810831880614
160,571.012658229079,197.0,0.15538555566291318,-0.07965874444548227,0.17461439366588008,0.12118085646889049,-0.01564991216233609,0.12218723225125722
161,559.746835444351,197.0,0.1725439504431743,-0.08998765935890629,0.19460008651444927,0.13437997589082024,-0.021495820303212357,0.1360883838206826
162,548.4810126596228,197.0,0.1824742644657627,-0.10017298050533362,0.2081621560602288,0.14108754428777567,-0.026800172012372087,0.14361039089511524
163,537.2151898748948,197.0,0.1862498239319126,-0.10923696480882726,0.2159206136414803,0.14228355166883866,-0.030794550980204324,0.1455778604238003
164,525.9493670901668,197.0,0.1852076783974458,-0.11672295469435774,0.21892037888226124,0.13915067921281174,-0.033129738179494925,0.14304017294882135
165,514.6835443054387,197.0,0.18103477842180501,-0.12285396325658503,0.2187845682082774,0.13323254306725207,-0.03406762690357995,0.13751913952249958
166,503.41772152071053,197.0,0.17584021848087364,-0.12810123098733756,0.21755391933006538,0.1265381679356729,-0.03408231892740583,0.131047748580378
167,492.1518987359824,197.0,0.17130453861448833,-0.13316491251914955,0.21697497292580883,0.12068490123594508,-0.03386563085834028,0.1253464253170516
168,480.8860759512204,197.0,0.16854495898754332,-0.13850578997263918,0.21815420476364306,0.1167646645170063,-0.03386558721320382,0.12157658029844459
169,469.6202531664204,197.0,0.16814145808291395,-0.14430230812828398,0.22157325212533782,0.11536389082783739,-0.0342483453719587,0.12034025289841363
170,458.3544303816204,197.0,0.16847484218042466,-0.1505414042084201,0.22593469593836604,0.11488931930501245,-0.03499531519418114,0.12010090664066275
171,447.0886075968204,197.0,0.16957010192350278,-0.15721748568086544,0.23123874517511173,0.11542501539359715,-0.03609947923722864,0.1209384412823782
172,435.8227848120204,197.0,0.1694674300793484,-0.16391841130380866,0.23577204122215895,0.11509632189525026,-0.03715662868376479,0.12094535282084318
173,424.55696202722044,197.0,0.1670657160759058,-0.1705407342218738,0.23873645619572006,0.11292616187690242,-0.038079633342376906,0.11917372408269465
174,413.2911392424204,197.0,0.1617636424297802,-0.17723286594868537,0.2399561726327007,0.10848493391187103,-0.03905025386971772,0.11529918999347927
175,402.0253164576205,197.0,0.15185546265263603,-0.1831292193413325,0.2378999632492868,0.10030782145537585,-0.039274801548604826,0.10772264888038101
176,390.75949367282044,197.0,0.13746120245275406,-0.1877384647902707,0.23268286000813374,0.08880603727467701,-0.038404676592589615,0.0967544905449495
177,379.49367088802046,197.0,0.11936440520534836,-0.19035575494906637,0.22468461156086236,0.07507148508281508,-0.03606068474523513,0.08328325676169587
178,368.2278481032205,197.0,0.10058990268705467,-0.1908931848412257,0.2157742721953141,0.0622184785813479,-0.032819303761788765,0.07034376856826914
179,356.96202531842044,197.0,0.08408941369197329,-0.1901931149096567,0.20795300058931035,0.05255913940477995,-0.030501739158959873,0.06076857104369263
180,345.6962025336205,197.0,0.07078706214031287,-0.18752207678977134,0.20043786431212396,0.04551323479393568,-0.02859450884771539,0.053750353279304046
181,334.43037974882054,197.0,0.0615646199014183,-0.18204353037754764,0.1921719266072108,0.04090054166884137,-0.02462714819552278,0.04774254640306558
182,323.16455696402056,197.0,0.05462286757441111,-0.18196210797156526,0.1899838582603986,0.037250928975277174,-0.025273749108759486,0.045015487374165636
183,311.8987341792205,197.0,0.04658618435556404,-0.18332481741494178,0.1891514241369394,0.03216922481198733,-0.026586804796117997,0.04173388568383088
184,300.63291139442055,197.0,0.03744631617372907,-0.18436926161636405,0.18813359940198393,0.02596866459743071,-0.027288605249919884,0.037670140926996894
185,289.3670886096205,197.0,0.027686894768823113,-0.18505078072794104,0.18711054377014782,0.01907796490356934,-0.027617964122421124,0.03356666035114551
186,278.1012658248204,197.0,0.01854817054782334,-0.1847207117908678,0.18564960542698705,0.012563705954352472,-0.02689544185041215,0.02968520674740759
187,266.8354430400204,197.0,0.010703108592996906,-0.18371566657159955,0.18402717918123024,0.007085892900999261,-0.02513102981354176,0.02611088925512796
188,255.5696202552203,197.0,0.004236755298617846,-0.18221926657879065,0.18226851403347955,0.003124756072290838,-0.0220310288018907,0.022251524230511854
189,244.3037974704202,197.0,-0.0023536463135334657,-0.1812944503379047,0.1813097277431418,0.00018901461992106234,-0.01872692250052646,0.01872787635764579
190,233.03797468562016,197.0,-0.01017139096178784,-0.1813317647284034,0.18161681115363354,-0.0025406069222487383,-0.017158501619804922,0.01734557180868438
191,221.77215190077436,197.0,-0.01968549248261082,-0.18144141357706392,0.18250617845740477,-0.006606211510155016,-0.017922791570194135,0.019101531042969477
192,210.50632911590242,197.0,-0.030092128125362952,-0.18181802907058492,0.1842914318958571,-0.012615099583284203,-0.020861621109630135,0.02437925291755149
193,199.24050633103047,197.0,-0.041193234176381696,-0.182683470998584,0.18727021417727033,-0.02089255853936151,-0.025207188327123986,0.03273990448489035
194,187.97468354615853,197.0,-0.049572796073925965,-0.18115674056496844,0.1878170033908281,-0.027857408240738638,-0.0274449421166805,0.03910575458521567
195,176.7088607612866,197.0,-0.054989336311918095,-0.17843004652560004,0.1867112974920185,-0.03291833098504453,-0.0284753598117726,0.04352542511281029
196,165.44303797641464,197.0,-0.05788706575563974,-0.17536282196077801,0.18467006175296874,-0.03619826522967472,-0.029043607914241515,0.04640954175936313
197,154.1772151915427,197.0,-0.05897174262617451,-0.17224892732126784,0.18206416284292518,-0.03814760308539307,-0.02940149341191503,0.04816313357757751
198,142.91139240667076,197.0,-0.058553284180003974,-0.16908745747296028,0.17893869163189513,-0.0388920359091193,-0.029542175121781006,0.048839846110345204
199,131.6455696217988,197.0,-0.05716952718558667,-0.16600776357267732,0.1755760017913196,-0.03883636803196773,-0.029603976345337457,0.0488329693687548
200,120.37974683692687,197.0,-0.055188807829086896,-0.16299976285858137,0.17208930007862094,-0.03826431308523688,-0.029595420513980536,0.04837402785880426
201,109.11392405205493,197.0,-0.05277914110244885,-0.15998444273071621,0.1684656037634093,-0.03727523391099074,-0.02946225750827733,0.047512815961623635
202,97.84810126718298,197.0,-0.0502346989767664,-0.1570515164141733,0.16488997479919051,-0.03612774076769607,-0.02932025312790279,0.04652838807074819
203,86.58227848231104,197.0,-0.047796166876718456,-0.15460309636403088,0.16182271463998169,-0.03503279586460289,-0.029602506304440918,0.04586507566324732
204,75.31645569743898,197.0,-0.04560237556862499,-0.15274365572778004,0.15940577474667758,-0.034113692130585786,-0.030445048924940515,0.045723571544909
205,64.05063291256715,197.0,-0.04375235954487528,-0.1506168534528368,0.15684293261023066,-0.03346388615090678,-0.03102636472389006,0.04563405509376413
206,52.78481012769521,197.0,-0.04211052689640386,-0.14812295038925566,0.1539925482207196,-0.03295628725491298,-0.03128645330704809,0.04544182027782822
207,41.51898734282315,197.0,-0.040117413287809045,-0.1447930870941763,0.15024794480846185,-0.03206639106731411,-0.030805526048691342,0.044466097998571034
208,30.253164557951322,197.0,-0.03710571445709467,-0.14145722341305822,0.14624288051424353,-0.030221687966984868,-0.030453774878657455,0.04290434509386836
209,18.987341773079265,197.0,-0.03218831072578113,-0.13699020088722397,0.14072100939981,-0.02670050801708791,-0.029038427551596482,0.03944803421008319
210,7.721518988207322,197.0,-0.025883359189347463,-0.13402333809623668,0.1364998294408566,-0.02215508114219991,-0.02883468484668654,0.03636325990096593
211,-3.5443037966646216,197.0,-0.018523891935881564,-0.13248661187149546,0.1337753224538835,-0.016768481980726634,-0.029164713090565716,0.03364167768695505
212,-14.810126581536565,197.0,-0.011442695222277496,-0.1315529514670777,0.13204966608685248,-0.011398770890672504,-0.028857358700601923,0.031027070905795286
213,-26.07594936640851,197.0,-0.0055738900468878805,-0.1309595562459624,0.13107812030386376,-0.006491964785471134,-0.028030756399943166,0.028772711223114724
214,-37.34177215128045,197.0,-0.0017896319418897566,-0.13113761642842742,0.1311498273922493,-0.0030098750509081756,-0.027808990412067372,0.02797140138714066
215,-48.607594936152395,197.0,0.00018587319754919632,-0.13179963849024004,0.1317997695559576,-0.0009491769105680505,-0.028200232899971464,0.02821620230329001
216,-59.87341772102445,197.0,-6.154630056242998e-05,-0.1329951590149154,0.13299517325583568,-0.0009941587388232588,-0.02925987552822694,0.029276759853599107
217,-71.13924050589628,197.0,0.0003947814671470138,-0.13259787940472226,0.13259846709157716,-0.0003235965516025699,-0.028797068247464308,0.028798886339185516
218,-82.40506329076823,197.0,0.0008532267242981681,-0.13253129504747677,0.1325340415244491,0.00031356712407473036,-0.028701949341718547,0.0287036621418919
219,-93.67088607564028,197.0,0.0011043338014650424,-0.13269605637577508,0.13270065158403685,0.0007039520818893545,-0.0288509586264014,0.028859545426009773
220,-104.93670886051211,197.0,0.0015344006127193967,-0.13297082160432952,0.13297967432420166,0.001242490200395984,-0.029114381231272107,0.029140881530556512
221,-116.20253164538417,197.0,0.001747542317530052,-0.1340376094671521,0.1340490009504746,0.0015441529289125723,-0.030168516418936128,0.030208008725956897
222,-127.46835443025611,197.0,0.0005575705478620753,-0.13429095507521532,0.1342921125752713,0.00043571531288855104,-0.030404727249064428,0.03040784910058399
223,-138.73417721512806,197.0,-0.0009513135970995628,-0.13193509018605973,0.13193851984907115,-0.0009875033764468542,-0.028071008967031685,0.028088373170151153
224,-150.0,216.99999999999997,0.0,-0.7445192143580774,0.7445192143580774,0.0,-0.19610728906530317,0.19610728906530317
225,-150.0,206.99999999999994,0.0,-0.4160006531979482,0.4160006531979482,0.0,-0.07097645800656355,0.07097645800656355
226,740.0,189.5,0.0,-0.035736851483152574,0.035736851483152574,0.0,-0.007134303258227236,0.007134303258227236
227,728.734177215272,182.0,0.0,0.0,0.0,0.0,0.0,0.0
228,717.4683544305439,182.0,0.0,0.0,0.0,0.0,0.0,0.0
229,706.2025316458158,182.0,0.0,0.0,0.0,0.0,0.0,0.0
230,694.9367088610877,182.0,0.0,0.0,0.0,0.0,0.0,0.0
231,683.6708860763597,182.0,0.0,0.0,0.0,0.0,0.0,0.0
232,672.4050632916316,182.0,0.0,0.0,0.0,0.0,0.0,0.0
233,661.1392405069035,182.0,0.0,0.0,0.0,0.0,0.0,0.0
234,649.8734177221754,182.0,0.0,0.0,0.0,0.0,0.0,0.0
235,638.6075949374474,182.0,0.0,0.0,0.0,0.0,0.0,0.0
236,627.3417721527193,182.0,0.0,0.0,0.0,0.0,0.0,0.0
237,616.0759493679913,182.0,0.0,0.0,0.0,0.0,0.0,0.0
238,604.8101265832631,182.0,0.0,0.0,0.0,0.0,0.0,0.0
239,593.5443037985351,182.0,0.0,0.0,0.0,0.0,0.0,0.0
240,582.2784810138071,182.0,0.0,0.0,0.0,0.0,0.0,0.0
241,571.012658229079,182.0,0.0,0.0,0.0,0.0,0.0,0.0
242,559.746835444351,182.0,0.0,0.0,0.0,0.0,0.0,0.0
243,548.4810126596228,182.0,0.0,0.0,0.0,0.0,0.0,0.0
244,537.2151898748948,182.0,0.0,0.0,0.0,0.0,0.0,0.0
245,525.9493670901668,182.0,0.0,0.0,0.0,0.0,0.0,0.0
246,514.6835443054387,182.0,0.0,0.0,0.0,0.0,0.0,0.0
247,503.41772152071053,182.0,0.0,0.0,0.0,0.0,0.0,0.0
248,492.1518987359824,182.0,0.0,0.0,0.0,0.0,0.0,0.0
249,480.8860759512204,182.0,0.0,0.0,0.0,0.0,0.0,0.0
250,469.6202531664204,182.0,0.0,0.0,0.0,0.0,0.0,0.0
251,458.3544303816204,182.0,0.0,0.0,0.0,0.0,0.0,0.0
252,447.0886075968204,182.0,0.0,0.0,0.0,0.0,0.0,0.0
253,435.8227848120204,182.0,0.0,0.0,0.0,0.0,0.0,0.0
254,424.55696202722044,182.0,0.0,0.0,0.0,0.0,0.0,0.0
255,413.2911392424204,182.0,0.0,0.0,0.0,0.0,0.0,0.0
256,402.0253164576205,182.0,0.0,0.0,0.0,0.0,0.0,0.0
257,390.75949367282044,182.0,0.0,0.0,0.0,0.0,0.0,0.0
258,379.49367088802046,182.0,0.0,0.0,0.0,0.0,0.0,0.0
259,368.2278481032205,182.0,0.0,0.0,0.0,0.0,0.0,0.0
260,356.96202531842044,182.0,0.0,0.0,0.0,0.0,0.0,0.0
261,345.6962025336205,182.0,0.0,0.0,0.0,0.0,0.0,0.0
262,334.43037974882054,182.0,0.0,0.0,0.0,0.0,0.0,0.0
263,323.16455696402056,182.0,0.0,0.0,0.0,0.0,0.0,0.0
264,311.8987341792205,182.0,0.0,0.0,0.0,0.0,0.0,0.0
265,300.63291139442055,182.0,0.0,0.0,0.0,0.0,0.0,0.0
266,289.3670886096205,182.0,0.0,0.0,0.0,0.0,0.0,0.0
267,278.1012658248204,182.0,0.0,0.0,0.0,0.0,0.0,0.0
268,266.8354430400204,182.0,0.0,0.0,0.0,0.0,0.0,0.0
269,255.5696202552203,182.0,0.0,0.0,0.0,0.0,0.0,0.0
270,244.3037974704202,182.0,0.0,0.0,0.0,0.0,0.0,0.0
271,233.03797468562016,182.0,0.0,0.0,0.0,0.0,0.0,0.0
272,221.77215190077436,182.0,0.0,0.0,0.0,0.0,0.0,0.0
273,210.50632911590242,182.0,0.0,0.0,0.0,0.0,0.0,0.0
274,199.24050633103047,182.0,0.0,0.0,0.0,0.0,0.0,0.0
275,187.97468354615853,182.0,0.0,0.0,0.0,0.0,0.0,0.0
276,176.7088607612866,182.0,0.0,0.0,0.0,0.0,0.0,0.0
277,165.44303797641464,182.0,0.0,0.0,0.0,0.0,0.0,0.0
278,154.1772151915427,182.0,0.0,0.0,0.0,0.0,0.0,0.0
279,142.91139240667076,182.0,0.0,0.0,0.0,0.0,0.0,0.0
280,131.6455696217988,182.0,0.0,0.0,0.0,0.0,0.0,0.0
281,120.37974683692687,182.0,0.0,0.0,0.0,0.0,0.0,0.0
282,109.11392405205493,182.0,0.0,0.0,0.0,0.0,0.0,0.0
283,97.84810126718298,182.0,0.0,0.0,0.0,0.0,0.0,0.0
284,86.58227848231104,182.0,0.0,0.0,0.0,0.0,0.0,0.0
285,75.31645569743898,182.0,0.0,0.0,0.0,0.0,0.0,0.0
286,64.05063291256715,182.0,0.0,0.0,0.0,0.0,0.0,0.0
287,52.78481012769521,182.0,0.0,0.0,0.0,0.0,0.0,0.0
288,41.51898734282315,182.0,0.0,0.0,0.0,0.0,0.0,0.0
289,30.253164557951322,182.0,0.0,0.0,0.0,0.0,0.0,0.0
290,18.987341773079265,182.0,0.0,0.0,0.0,0.0,0.0,0.0
291,7.721518988207322,182.0,0.0,0.0,0.0,0.0,0.0,0.0
292,-3.5443037966646216,182.0,0.0,0.0,0.0,0.0,0.0,0.0
293,-14.810126581536565,182.0,0.0,0.0,0.0,0.0,0.0,0.0
294,-26.07594936640851,182.0,0.0,0.0,0.0,0.0,0.0,0.0
295,-37.34177215128045,182.0,0.0,0.0,0.0,0.0,0.0,0.0
296,-48.607594936152395,182.0,0.0,0.0,0.0,0.0,0.0,0.0
297,-59.87341772102445,182.0,0.0,0.0,0.0,0.0,0.0,0.0
298,-71.13924050589628,182.0,0.0,0.0,0.0,0.0,0.0,0.0
299,-82.40506329076823,182.0,0.0,0.0,0.0,0.0,0.0,0.0
300,-93.67088607564028,182.0,0.0,0.0,0.0,0.0,0.0,0.0
301,-104.93670886051211,182.0,0.0,0.0,0.0,0.0,0.0,0.0
302,-116.20253164538417,182.0,0.0,0.0,0.0,0.0,0.0,0.0
303,-127.46835443025611,182.0,0.0,0.0,0.0,0.0,0.0,0.0
304,-138.73417721512806,182.0,0.0,0.0,0.0,0.0,0.0,0.0
305,-150.0,189.5,0.0,-0.06881365549386388,0.06881365549386388,0.0,-0.014256237072363967,0.014256237072363967
306,378.84094986996536,287.2728496098963,1.2251793724356934,-1.9408015685540538,2.2951634414881648,1.0982094222185284,-0.3739581397290799,1.1601330205278997
307,211.15905012987074,287.27284960979125,-0.19450399855250045,-2.1687732811901084,2.17747774975016,-0.29226096727222073,-0.5387214124783049,0.6128925136216904
308,188.87259526391708,279.13221420727956,-0.33112845773940464,-1.858424698858617,1.8876939415203458,-0.39637275537590405,-0.3776028132424123,0.5474442855422553
309,401.12740473580834,279.1322142074251,1.3330708473483972,-1.6715862118898832,2.1380548046835806,1.159930899985792,-0.3006590906156581,1.1982635693000452
310,380.56401463037565,237.4471336450693,1.5842114718414515,-1.6425033589809175,2.28200422255912,1.2254841971557675,-0.3353829958158141,1.2705484136233873
311,209.43598536965965,237.44713364505162,-0.506886049588166,-1.6842565493387471,1.7588785038363395,-0.4009127196039575,-0.3240556416171352,0.5155027328774646
312,423.02797591003434,271.19155637150413,1.4192425710851644,-1.4443061741813976,2.024912294485599,1.2049462330217815,-0.25349718424180656,1.2313229661189242
313,166.97202408966842,271.1915563713983,-0.42003747093080884,-1.6388266024481486,1.6917990749133573,-0.46062937118034686,-0.2864709771818661,0.5424435808095944
314,404.2178977610197,237.25844177568268,1.576921611307391,-1.426068754602455,2.1261123820395045,1.2075993843710902,-0.25841704379652186,1.23493952955518
315,185.78210223911105,237.2584417756351,-0.561493192582214,-1.5212533921585192,1.6215691439065953,-0.46186063517560927,-0.26319057229866005,0.5315867978719124
316,345.52290559717505,260.53693825494196,1.42778838852032,-2.2467822312936763,2.662068758926118,1.162532156805428,-0.5354332271294862,1.279910057902889
317,244.47709440281906,260.5369382549408,-0.18575097992914485,-2.457567089794332,2.464576926651879,-0.1577209441398095,-0.7253922824732835,0.7423407975398852
318,440.0120546411431,237.38621459365496,1.5634923046764388,-1.191170093665054,1.965551927277541,1.1996912664989552,-0.22505486370749717,1.2206182149190905
319,149.98794535905395,237.38621459363753,-0.5452762715201964,-1.3400341983255117,1.446726603392937,-0.47360097411105306,-0.20909512141577857,0.517705179111449
320,356.0822111676355,293.6254054455655,1.0766102855323851,-2.319141356938518,2.5568547749875736,0.9838169203737104,-0.5386975400100507,1.1216464560753945
321,233.91778883231478,293.62540544551723,-0.026998731232745963,-2.709561626305967,2.7096961339305214,-0.1510980709177072,-0.8997939190952486,0.9123923080976951
322,463.9938304372381,237.10799357164143,1.5683435146920979,-1.077271946329377,1.9026865812384988,1.2176568946819668,-0.24069636259196414,1.2412183740710305
323,126.01134226600698,237.10723474146303,-0.5164746586668956,-1.2601859941950246,1.3619158612081692,-0.46948006262934094,-0.20249392237227126,0.5112879010930704
324,446.26714604061397,264.39401236506455,1.474543978391701,-1.2601398595569966,1.9396474962878054,1.2321693935802096,-0.24394000913536273,1.2560844488062028
325,143.732853958908,264.39401236490386,-0.4599477343415123,-1.4763211281637532,1.5463104448294294,-0.4896853294556543,-0.24042682993493836,0.5455243188315774
326,334.5517936111617,283.0029663771189,1.082743088333171,-2.6605048541459655,2.872389018616298,0.9256594590371249,-0.7213569076132942,1.1735421689340002
327,255.4482063888325,283.0029663771285,0.13687323287297581,-3.225020797184801,3.2279240115206536,0.06966725398879905,-1.2731378962897275,1.275042598993215
328,487.7476332079028,237.31843901590346,1.5879231317367752,-0.9697440424638964,1.8606190851968996,1.2579223860254756,-0.254126397559035,1.283335090769499
329,102.25236679208554,237.31843901591202,-0.48228116437099144,-1.1990943861012044,1.2924482458831623,-0.4644634130568278,-0.20362046172257275,0.5071366231110815
330,468.3164490185954,256.7990126048635,1.5129793072353992,-1.1228883843533837,1.8841403100189382,1.2451736585650917,-0.2589612818693652,1.2718169622598214
331,121.68543607687876,256.79873606316016,-0.4776372222122745,-1.3597659702680194,1.4412150463902276,-0.500112644841537,-0.22520708259096311,0.5484805261625341
332,256.5004628484064,302.6284451022975,0.33785511139654656,-3.672263688320427,3.687772589633683,0.17575909985766067,-1.6547054515253423,1.6640136395145508
333,333.4995371516089,302.62844510228246,0.8053492055236466,-2.87858895888382,2.9891239079445007,0.7555261366354588,-0.8735906471162722,1.1549806759718229
334,84.88811359540439,246.31667616563044,-0.4390843369003301,-1.2029617383849665,1.2805904883800219,-0.47257645368926104,-0.21343237332426057,0.5185382170721313
335,505.11188640433295,246.31667616567728,1.5598383877424515,-0.8981347046598959,1.7999282606785996,1.2801571904352194,-0.25650943445444985,1.3056031258338563
336,511.4830186826608,236.5068316608897,1.6095889262512078,-0.8405782513192674,1.8158602116081164,1.3023871188308132,-0.24473014312300145,1.3251811386559316
337,78.51698131705965,236.5068316608714,-0.4422203477004076,-1.1298277201381755,1.2132887179533554,-0.45326333540815233,-0.1979564566242138,0.49460530723450336
338,339.89269855693806,271.8523299103781,1.2722077394447338,-2.447545708154173,2.7584402342278493,1.059186182114944,-0.6130176188707053,1.223791636443533
339,352.43382108261756,271.0762628248204,1.3171060188798762,-2.2136133924365407,2.575820746120352,1.092405581465736,-0.4842731373715523,1.1949353229347517
340,358.04714173827284,259.91096052035414,1.445209362897104,-2.0565304950310237,2.5135528201328894,1.1674658948386567,-0.4386639359989022,1.2471578345812828
341,364.5888440166782,270.1904264864299,1.3535623532958274,-2.0360727324174634,2.4449382846922036,1.120057334808327,-0.4053043254207893,1.191133925913763
342,370.3599998901643,259.35925346079574,1.451492867098507,-1.9058711350560527,2.3956578066739187,1.1663585553279892,-0.37585686528777673,1.2254226465880038
343,363.5964933444503,248.77653554764464,1.5320358989427332,-1.9121610436280687,2.450202818629114,1.2117377825667575,-0.41269449933928404,1.280087967088475
344,376.45881787405074,269.1340582589513,1.3770141134621383,-1.891242268482902,2.339436937976801,1.1371727971121868,-0.35532250715356906,1.1913924855318891
345,382.4535904987373,258.7120029153895,1.4563682574522794,-1.7700675555189758,2.292192760745813,1.1667264230517933,-0.3272706159938046,1.2117576500027538
346,389.4253562193468,270.6648935490757,1.3800466315600763,-1.7600613096653404,2.2365921664579766,1.1504165647628137,-0.31696577281328064,1.1932835260807857
347,393.99504865021436,258.99787047743075,1.4613251077731706,-1.6542281963529573,2.207247606458647,1.1730183353520525,-0.29055655303555206,1.2084680904285399
348,387.35795357552894,248.03230361223135,1.528992710615276,-1.6551771631247925,2.25331536861676,1.1976066526076088,-0.3089799072484467,1.2368226540022869
349,359.36744317903,281.37061263870413,1.2347814998423348,-2.182675078026952,2.5077391907040187,1.0635778766798014,-0.4630135876157564,1.1599911560350487
350,347.0158547528194,282.4938247638392,1.1654239315780441,-2.4008677129817055,2.668778506270768,1.0020329952248712,-0.5713253036657333,1.1534655287992222
351,342.24570482165103,295.61933916286864,0.9705671703102435,-2.621855730003512,2.795733910985858,0.8840282768129858,-0.7088769940140078,1.1331427919054478
352,250.10730144305663,271.8523299103819,-0.04374189204692393,-2.814744269467013,2.815084129403104,-0.06222444840592734,-0.9638211920047237,0.9658277134856031
353,237.5661789173684,271.0762628248258,-0.21492396107932468,-2.5229545537443556,2.5320924132632694,-0.22517641892693438,-0.7677610279204721,0.8001008784111276
354,231.95285826170857,259.9109605203485,-0.3263932187442239,-2.2455200464201823,2.2691171878325527,-0.29044124440421865,-0.5968018333980725,0.6637232441299399
355,225.4111559832832,270.1904264863982,-0.31635046463963,-2.280834811789127,2.3026691154281917,-0.3219784564720076,-0.6117111214670083,0.6912746361313437
356,219.64000010979933,259.3592534607841,-0.40826428485933713,-2.0728608706562075,2.112683581464417,-0.37011495433052655,-0.49850881437525363,0.6208833364078221
357,226.40350665553598,248.776535547637,-0.4025297527217772,-2.000651296323923,2.04074393575207,-0.32749506421398944,-0.4658748560425243,0.5694667668768458
358,213.54118212586707,269.13405825889174,-0.37231371531057766,-2.09144853479716,2.1243291826629775,-0.376284437299338,-0.5007278493511365,0.6263532205309508
359,207.54640950120253,258.7120029153691,-0.45279400995238406,-1.9241740084356422,1.9767316535605046,-0.4158189871666318,-0.41955371753384596,0.5907036075603007
360,200.5746437805458,270.66489354903075,-0.3862462268076989,-1.9378959826356559,1.9760129015870818,-0.4032562656668019,-0.4160340356466312,0.5793961810505457
361,196.00495134979928,258.99787047749516,-0.47161706159693517,-1.806331264086558,1.8668838443796845,-0.44116146885552904,-0.3599837706031883,0.56939595774861
362,202.64204642449013,248.03230361220432,-0.5089211987950477,-1.7651686332499292,1.8370686134144287,-0.43591452998541314,-0.3526618286081644,0.5607065567742703
363,230.63255682094882,281.37061263873,-0.1952996855972013,-2.505857541939415,2.5134565816200234,-0.25301384119477976,-0.753514787381913,0.7948588167966352
364,242.98414524716793,282.4938247638478,-0.07305850879614949,-2.840879645492935,2.8418189080030385,-0.13569686342161635,-0.9902184929970022,0.9994730124499205
365,247.75429517833825,295.6193391628655,0.1235237355603205,-3.217289656640372,3.219660051615993,-0.0057536395486152275,-1.2866283507156757,1.2866412154261946
366,238.77316206587994,249.32843501452635,-0.28479255839569056,-2.139296977890389,2.1581701417933927,-0.21569831359527275,-0.5370165435459966,0.5787162780931031
367,233.3774170330048,237.92736074471617,-0.3387173836909655,-1.853395143119386,1.884092095029588,-0.23768785412469923,-0.3868492333347118,0.45403507059483694
368,351.22683793411267,249.32843501452862,1.530652679244741,-2.060929071453128,2.567163076635327,1.2218539049114736,-0.48385100255876967,1.3141684662266642
369,356.62258296700094,237.92736074472214,1.5827256899857485,-1.889970357773691,2.465158932605376,1.2443614820325954,-0.45197299238639066,1.3239014630300345
370,66.19402290854396,238.11189921856098,-0.42134700450413143,-1.1158184571778742,1.1927213117838618,-0.4544317113688213,-0.207517580247901,0.4995715428339967
371,523.8059770911854,238.1118992185846,1.6024467415825356,-0.7630294520983268,1.7748378811536445,1.3158547536232224,-0.2259681398112512,1.3351162244698356
372,114.04635011270513,237.0493915740305,-0.5001499026951454,-1.2278585412388723,1.3258154179444492,-0.4670233699537972,-0.20310853851931854,0.509277828402587
373,107.91791396755964,247.69817437386075,-0.4732989941901749,-1.273670369571027,1.3587671427528072,-0.4803055444593886,-0.21428251812168142,0.525937651828616
374,475.9545120046071,237.04951804571004,1.5770588492583366,-1.0230623957510832,1.8798327796971663,1.2355782062523253,-0.24847250764854212,1.2603142825592624
375,482.0822297185646,247.69819545251428,1.5540424476387833,-1.0332045112227992,1.8661617001413044,1.2565531256921636,-0.26354610777207577,1.2838934179317834
376,451.9990981117824,237.33332263396937,1.5632470872805944,-1.1332035805009466,1.9307749249333614,1.205400130224776,-0.23225495487505754,1.2275715205273876
377,445.35024506025985,247.22017556734932,1.5411180431078286,-1.2122911921349329,1.9607893199730664,1.2152264429939676,-0.23250459942557722,1.2372686436283025
378,433.6653456522656,247.51668344474643,1.5367452751688506,-1.2790810960846646,1.9994085353211168,1.2067403024751453,-0.2278044033433,1.2280541534478038
379,458.09634435690873,248.6977087318019,1.5410453035343241,-1.1547515853591117,1.9256873711572653,1.228852851471716,-0.24549352874113806,1.2531346309251625
380,427.97060749556414,237.34862584365968,1.5664885572486384,-1.2585886717273813,2.009460585478455,1.1984423405932882,-0.22597478649698455,1.2195608422129158
381,422.011089883576,247.72440282148307,1.5328965484922092,-1.3557856177045344,2.04644239341199,1.2001386146368862,-0.23176972296534992,1.222313339052626
382,428.024664689931,258.2715560764553,1.4930402847819775,-1.3629243159564306,2.0215667149533187,1.209091109786441,-0.2363517084761313,1.2319754225893442
383,416.5748886665741,259.209977236279,1.4795512707231018,-1.4528720794490917,2.073622251506063,1.1963269578833255,-0.24537944138149648,1.2212326807005565
384,409.84788544787295,269.56670012544174,1.4130704905954223,-1.5539623576144572,2.1003731145380504,1.183417017329075,-0.2681258658594001,1.213411437578737
385,410.55860976586274,248.20993401246528,1.527986160233208,-1.4440668388155882,2.1023964280865464,1.1953575577429696,-0.24547579450625712,1.2203024447003763
386,138.00693670864212,237.33243733209935,-0.5316109510753844,-1.2973537119367542,1.4020473805044356,-0.4720092290521598,-0.20368597167982871,0.5140823741090237
387,144.65593344620325,247.21926918683496,-0.5191540465247614,-1.3904808381074425,1.4842364653811098,-0.48361670480249896,-0.21916500557496166,0.5309599013416177
388,156.3356840989439,247.51653238132127,-0.5270574096081844,-1.4434105436741795,1.5366273167598836,-0.4816392687393675,-0.22948277769877423,0.5335154453735503
389,131.9064086609111,248.69730486683812,-0.5031619986812477,-1.3535229047558865,1.4440208622508612,-0.4857626072028323,-0.21702115620701723,0.5320371159965475
390,162.02956412978776,237.34860066640707,-0.5565819062763351,-1.391318504853143,1.4985161328263985,-0.47377970449068096,-0.22074974906280276,0.5226831354640853
391,167.98911034598794,247.72437344800852,-0.5320836192297951,-1.5064033042741962,1.5976119344136406,-0.4777705396674695,-0.24723989382240297,0.5379519064669798
392,161.9755403067779,258.27152600359614,-0.4895230451501899,-1.5413923534749505,1.6172579259611504,-0.47890349909778035,-0.2538793659098082,0.5420362477573469
393,173.4251788710939,259.2099673286508,-0.4838750543844093,-1.6194499742177888,1.6901932692001562,-0.4683234226333546,-0.2790815256209285,0.5451727488878407
394,180.15212580828012,269.566698474246,-0.41824032132880923,-1.7302157605816082,1.7800481860191926,-0.4424294053061542,-0.31950080222879973,0.5457330311648764
395,179.44143486208537,248.20992746565767,-0.5319528157058644,-1.582630765013718,1.6696388640976536,-0.47123632312885366,-0.27387164434130007,0.5450406863805756
396,416.1263674844286,237.42356740888175,1.5707694726131636,-1.3366985872351345,2.062542084227578,1.2011619164645086,-0.23655443193071712,1.224233616933776
397,173.87370192945028,237.4235572259514,-0.5629233836728497,-1.45263530614094,1.5578934714969674,-0.4710924988461993,-0.2391972440952752,0.5283402919065807
398,155.12259526374797,267.882214207226,-0.4434178452390561,-1.5506037626965574,1.6127589449031647,-0.47821194502490294,-0.2591305996293267,0.5439074664212243
399,434.8774047358083,267.8822142074251,1.4495169694068488,-1.344338408707531,1.9769535153171185,1.2210499030863646,-0.24429611888791758,1.245248352550976
400,457.3774047358084,260.38221420742514,1.496159042687966,-1.1879350039446226,1.910413948497519,1.238828954815414,-0.2505129146520152,1.2639042288466715
401,132.6225952636621,260.382214207295,-0.4709121728230217,-1.4132436638988728,1.4896361730513963,-0.49526076905338473,-0.23019883989857726,0.5461453426094568
402,200.1225952639722,282.88221420729894,-0.2726518957752263,-1.998990883740588,2.017499345612732,-0.35147182715647246,-0.4462597269271902,0.5680494601369142
403,389.87740473580834,282.8822142074251,1.2847137777802726,-1.8010908425654402,2.2123330929115412,1.1319659921216219,-0.3334613276625933,1.180060788419981
404,267.35560340921955,304.89952794008127,0.46823616665294987,-3.9838228320754117,4.011245375831202,0.3076654834901543,-1.875483463457075,1.900551570316411
405,322.6443965907881,304.89952794007746,0.6792163862168642,-3.1444383402666136,3.2169593368651945,0.6281641721339146,-1.043445260294015,1.2179360567709336
406,222.45580739936014,290.3941319734836,-0.12265541406302548,-2.3878316211587474,2.3909797576735325,-0.23305482511744147,-0.6733830958070166,0.7125723438565118
407,367.54419260054027,290.39413197355816,1.161697799284378,-2.107644353856073,2.4065964554124046,1.051688439874946,-0.4370063435697189,1.1388692281762525
408,375.83523668057535,248.53226241056552,1.5281104051381116,-1.777964243345251,2.3444142681927214,1.2017503127714346,-0.35512232082060535,1.2531223711159474
409,214.1647633193968,248.53226241056086,-0.47042041471788765,-1.8779713395276538,1.9359937289853602,-0.39574727304047314,-0.40570985273017635,0.5667595510631578
410,392.5405847522761,237.33918637117694,1.5814996117270266,-1.527522545425751,2.198741946813382,1.2159437048300419,-0.2911179739703773,1.2503074694187928
411,197.45941524779738,237.33918637113646,-0.5455814484497004,-1.5986653867088065,1.6891980746949988,-0.44140118557125935,-0.291690075552276,0.529072874753002
412,368.7697212704253,237.78054872466694,1.5835402547335962,-1.7660193111065232,2.3720084202133225,1.2343528585298538,-0.38956396894857304,1.2943674382739185
413,221.2302787295872,237.78054872466092,-0.4401298332014224,-1.7730376173987348,1.8268488341362277,-0.3356313802156453,-0.3575130995776845,0.49037132843907427
414,399.00849581007225,248.36712575762812,1.525403532127662,-1.544579066551245,2.170847859398687,1.1933708995473284,-0.2711654000490602,1.2237911496943288
415,190.99151162797062,248.36712466656581,-0.5259537364786788,-1.669892250525623,1.750761965911247,-0.459120547591315,-0.30947963135520506,0.5536870230051474
416,405.0507164221191,259.3013723047732,1.4690747225322043,-1.551985709591171,2.1370166548621663,1.1835758647548733,-0.26427891058244435,1.2127222147750447
417,184.94929915647126,259.30137001961646,-0.4789699346289799,-1.7078970346259983,1.7737881720100537,-0.45609633206129185,-0.3142155692752395,0.553854934161218
418,218.54728416215372,279.3517035709712,-0.2698986415178476,-2.2470762780928695,2.2632271375760946,-0.320894794490461,-0.5861849629589311,0.6682711125959573
419,371.4527158377453,279.3517035710273,1.2865885688709335,-2.0009670966435005,2.3789029966350617,1.1043423758085744,-0.38875303504566694,1.170769407382916
420,96.05139905903113,247.40815437968462,-0.44971142673352926,-1.2375047685157938,1.3166846317300263,-0.47142329515347714,-0.2128496600940597,0.5172474272681491
421,493.9486248884523,247.40815789284878,1.555904874534523,-0.9672106386930026,1.832030676108131,1.2686262826789352,-0.2637120798291116,1.2957456178400024
422,470.71078812715143,246.85527133330083,1.5517641434000677,-1.0872779647148467,1.894767882696085,1.2412009493913594,-0.25550047026399625,1.2672254286728684
423,119.29049956572348,246.85508243005165,-0.4916407790873457,-1.3035530342691661,1.3931838244876238,-0.4822900551140831,-0.2143224970086539,0.5277668329726394
424,52.813587151339505,235.63323320307862,-0.39010409359142584,-1.0719920669108018,1.1407664946677216,-0.4348672512031697,-0.2078162793598758,0.48197212796590494
425,537.1864128484596,235.63323320310863,1.6134810674566762,-0.6565804315271834,1.741958385870787,1.3375354457525268,-0.18806270015763155,1.3506919144775353
426,150.95868570403422,257.0169935041524,-0.4924634016568358,-1.4762249097149303,1.5562005609927905,-0.4862999037929569,-0.23741673328203428,0.5411601442007271
427,439.0419446746169,257.017085980077,1.5054019578213873,-1.2856669021887195,1.9796904904545065,1.2201516137867514,-0.2356082304107936,1.2426911116056634
428,399.8892822950723,267.5326101328293,1.4138773417654802,-1.639698539726424,2.1651005608836713,1.169476340709108,-0.28527376266801574,1.2037674323328127
429,190.11072307180274,267.5326093455337,-0.4226702918908465,-1.8071978391478123,1.8559671886829292,-0.4314229428445996,-0.3531534123679736,0.5575330378370762
430,499.71519386386274,236.92501745588652,1.60043125131306,-0.9081141747510207,1.8401226982359669,1.2813056629620712,-0.25332397850374755,1.3061076678527082
431,90.2848101272202,236.92501687034974,-0.46378601864462693,-1.1653884895823563,1.254283780785385,-0.4602559346234801,-0.20227439164776417,0.5027429312010326
432,261.66967995621224,293.0548593699679,0.3376841251249672,-3.666847888505686,3.6823639154488825,0.226067319903772,-1.6270005313297906,1.6426311704323326
433,328.33032004378714,293.05485936996615,0.8988529250172403,-2.898030086458104,3.0342239473757395,0.7926540804800407,-0.8676647070324597,1.1752202070809465
434,29.578124999903032,232.01562500003206,-0.5004755704851921,-0.9000719430160912,1.0298569314507915,-0.5653530814590468,-0.10983575728737516,0.5759236063004631
435,560.4218750000227,232.01562500006816,1.622713504069961,-0.3875161006321796,1.6683428438244283,1.3737428619596028,-0.03400546867970977,1.3741636811839728
436,381.7325305716864,277.77755764517445,1.3160142673018274,-1.8726300536639615,2.2888068659516594,1.1265274196555342,-0.3485392803448546,1.1792131517156113
437,208.26746942813037,277.7775576450862,-0.30979458879040056,-2.078017325288599,2.1009827918008748,-0.357377414181124,-0.4877618532499923,0.6046736654201618
438,413.4491862673623,278.59755880208684,1.355693431296788,-1.5486589518718965,2.0582150589465185,1.1849056808339276,-0.2761085330860509,1.2166500706922447
439,176.55081373222882,278.59755880215675,-0.3575513892609318,-1.7455230161570345,1.7817669869812869,-0.42751330283894906,-0.33084035465223693,0.5405765111163127
440,41.43749999986611,233.93750000002038,-0.47971106180820766,-1.0061326598031946,1.1146414813489622,-0.5353139408396363,-0.17781143925070542,0.5640726222621242
441,548.5625000000225,233.93750000006733,1.6194876804805378,-0.5460316280089356,1.7090614049864685,1.3558766367757553,-0.134359697606998,1.362517516399469
442,477.5297934123786,255.52964331385613,1.5183192002852233,-1.070592354988397,1.8578108581107933,1.25175770331487,-0.26409654936934923,1.2793140096148854
443,112.47020658737523,255.52964331397033,-0.49555648186383927,-1.3295796932087487,1.4189286054309906,-0.5240159190278249,-0.228152424609408,0.5715297124819736
444,140.46925804154654,255.81813306016195,-0.49117764723570684,-1.4231747268943304,1.5055503260983196,-0.49031410908339157,-0.2277127558689349,0.5406117134798923
445,449.53123976637926,255.81820608834346,1.514683526694099,-1.2209701584029393,1.9455164645278569,1.229288532483792,-0.24131910059420747,1.252751054442882
446,514.8686962009143,245.09922743035656,1.563276013927501,-0.8330376934887986,1.7713790374999343,1.290361260135993,-0.24452041924158352,1.3133249472563246
447,75.13130379880184,245.0992274303361,-0.46906758609089194,-1.161171898368309,1.2523356490499657,-0.5121604422667435,-0.2028138930666057,0.5508555108589719
448,275.61171890043886,273.4798548358635,0.58441300234001,-3.3004568110776042,3.351798579731875,0.5298400669892821,-1.2880147297173665,1.3927355960684382
449,301.69354455870365,238.89252937796857,0.7996204714178808,-2.053281314899894,2.2034874758953342,0.6680462247938178,-0.5513241501163895,0.8661663102215598
450,314.38828109956114,273.4798548358637,1.1875194491717096,-3.0288039935135203,3.2532838906687087,1.0151120908284725,-1.0194884042904406,1.4386831351721692
451,295.0,298.33974596215563,0.650112294628355,-3.7292861361954985,3.7855278471102145,0.542297781839921,-1.5006135727167647,1.595596433566543
452,273.44276159144124,238.8570789426266,0.30198634637694327,-1.9200746647762534,1.9436775637213435,0.2862295005579585,-0.4241292947320692,0.5116766416786883
453,324.4698016955282,250.2798375258484,1.4694603658264993,-2.456900328067362,2.8628085840294073,1.2299428297538704,-0.7710144258199403,1.4516275725148686
454,265.3056874878658,250.21157943817903,0.2208251018764748,-2.282973032585272,2.2936280415817967,0.23369419279449338,-0.591126070164975,0.6356437733310669
455,287.9195897370852,238.79747540859898,0.5263353571799522,-1.9962938669369006,2.064514013366737,0.4527099418452711,-0.49499326569604785,0.6707940254131568
456,294.82503982309447,250.47882328062747,0.87388675068167,-2.5045390175287565,2.6526201656740973,0.7644648378753846,-0.7866991871841009,1.0969512748814156
457,308.72751560562585,250.46932437932338,1.2220380187336712,-2.5575202252174916,2.8344817201081125,1.0503314926526905,-0.8479421463049805,1.349889672505989
458,303.24767950163925,263.7032613326958,1.2111206881199046,-3.0143051949586908,3.2485149113936633,1.0644776468961696,-1.0960547996800396,1.5278903051735284
459,286.8249995203848,263.97638238546295,0.8613623846918305,-2.9931904394218147,3.1146643742798603,0.7807945258325352,-1.0701951348874192,1.3247481716563172
460,294.80893202751565,273.27371259804846,1.0464980768863936,-3.3176949303320984,3.4788299578562656,0.934159127677675,-1.2747903779035967,1.5804251907063207
461,315.97474675600864,238.93982674083344,1.1367120574645224,-2.0916805240586815,2.380596924368262,0.9435089594926223,-0.5987781511495591,1.1174723401216402
462,317.801400160148,261.28468299897827,1.357646405077134,-2.7750709034598033,3.0893724735693615,1.152823119182562,-0.9168180300827686,1.4729414259931248
463,280.86152210712174,250.48691814468523,0.5472804499547745,-2.3882343914289224,2.450138648996537,0.49870713281573387,-0.6765307273455474,0.8404776197876928
464,272.101162323012,261.3283898262366,0.42092093494724986,-2.761761095161203,2.793653303511886,0.39704786845949297,-0.8989793345517494,0.9827567622760645
465,281.95790272909005,285.6241873137541,0.7241499519136668,-3.72068342382406,3.7904984227902925,0.6343284888229519,-1.584515105808738,1.7067690975256393
466,308.01501726345595,285.6106473100271,0.9579270298563805,-3.3093586118346776,3.445210968323103,0.825951396154055,-1.1751262774966182,1.436355623399683
467,330.34194855139486,238.5842297588361,1.4427481674218365,-2.090114538179617,2.539704915400382,1.186518532175773,-0.6109971535939802,1.3345949755998996
468,259.523551037079,238.5590621111901,0.11318482874592459,-1.850051086612128,1.8535101371540863,0.15044711387765755,-0.35999146130509097,0.39016430678201675
469,304.78821716294715,297.2126199301713,0.718208659592321,-3.4959971675816224,3.5690082480224286,0.6142959016167997,-1.2898266819744282,1.4286400261354713
470,285.2072695024772,297.2148765974592,0.6167785744563736,-3.884759076308475,3.933416948515567,0.5046088947828299,-1.6769496256750647,1.7512253377979912
471,291.4330344463135,290.64077836021147,0.7690665439744588,-3.7056459918878635,3.784610358577935,0.6625725359783521,-1.5149956922579717,1.6535459815175977
472,298.84725377454333,290.81499515059113,0.8183843792961024,-3.5629626928882794,3.6557428989453795,0.7053830045312688,-1.3721497943437257,1.5428416124797415
473,304.0338949111646,275.6981317253094,1.1085299691713646,-3.253391308733419,3.4370617830195043,0.9686092431241065,-1.193079594112107,1.5367637371281782
474,285.82109775753906,275.77926458857377,0.8635384006053831,-3.4199126258118198,3.5272511871863053,0.7782553498851535,-1.3579642539457821,1.5651671810446919
475,294.99999999999994,282.2711841903901,0.9451495945661718,-3.507990620554544,3.6330849081747667,0.8335799283639744,-1.3763196248938843,1.6090715356500878
476,463.9887539341027,207.1173633006486,0.9421833134927085,-0.5053731837346505,1.0691639028054567,0.7353282722187603,-0.12437961789600266,0.7457733953904382
477,126.0112460689256,207.11736330068706,-0.25382717127904897,-0.5548690757045418,0.6101704057496858,-0.19296136373562678,-0.0900534667885064,0.2129406367402462
478,731.6556526518384,212.30455949872047,0.003857891453996684,-0.21893670423243494,0.21897069161563956,0.0026663737990715083,-0.036487591948668796,0.036584886434823535
479,-141.655652651786,212.30455949872976,0.0008828825122695985,-0.5762492052852358,0.5762498816254944,0.0006912473731378371,-0.11814373424705077,0.1181457564399527
480,147.46232670403447,206.74564028859632,-0.26110453211971035,-0.565187172387377,0.622585027546191,-0.19058152602750056,-0.08936638067383801,0.21049386703111375
481,442.53767329870107,206.7456402886039,0.8965762803450442,-0.5373867609873175,1.0452911352163068,0.6893425932657502,-0.12554954975350313,0.700682453279413
482,485.44303797613554,206.74587307556135,0.9626704815941564,-0.45346687140290437,1.064127182057043,0.7685178752854012,-0.1203294645062491,0.7778810350314167
483,104.55696202632903,206.7458730755904,-0.2305795103350546,-0.5203435945969175,0.5691435381557053,-0.18216670472703356,-0.08735640715425147,0.2020293300043476
484,-31.608526773660657,207.37617778667402,-0.018373330147659576,-0.43031134748635186,0.4307034188815254,-0.02595629340409202,-0.07892232251511555,0.0830810577596315
485,621.608526774855,207.3761777866107,0.213894743467944,-0.144433842030093,0.25809319248440366,0.16600763069752633,0.005691261962871702,0.16610515919903365
486,170.3435804714701,206.76577635976076,-0.25863136095401734,-0.5937982731679863,0.6476778289290206,-0.17913508037521048,-0.09054479047751895,0.2007180512650791
487,419.6564195313631,206.76577635980198,0.8716448395849017,-0.5926926865988466,1.0540632557502172,0.6635295081751647,-0.13621565489033904,0.6773670444126876
488,508.32429174325466,206.76624193366555,1.0270911331138142,-0.4107755837688756,1.106188399840497,0.8432225445944581,-0.11753554118665832,0.8513746902242242
489,81.67570825892703,206.76624193373357,-0.21314464840726483,-0.501283087643022,0.5447158663941947,-0.17638446881237516,-0.0883213245690983,0.19726159588694336
490,1.4724211708154522,206.68439016582013,-0.0958769321929774,-0.41268508163394224,0.423676011511096,-0.09503818614128165,-0.07630011402675235,0.12187684039849536
491,588.555412914438,206.64964106409252,0.732076948937855,-0.08788460968696389,0.7373332786372718,0.6317379537514936,0.07514102808634383,0.6361910218731454
492,643.2308619655705,206.66490658626446,0.10912003842173798,-0.16083711145450294,0.19435987035957236,0.08369850535672763,-0.016332362664364664,0.08527711222333045
493,-53.23086196461482,206.66490658634012,-0.008701660094729079,-0.42204462758356565,0.4221343228885266,-0.013000913119524168,-0.08425143132634783,0.08524862123506584
494,193.17528453606616,206.77868280607143,-0.221539139148541,-0.6203198368227695,0.6586928647939827,-0.14049270523769014,-0.08664168270161121,0.1650605386104479
495,396.8247154666536,206.77868280608462,0.800856973778765,-0.652209540449048,1.0328355034093473,0.6014663960319894,-0.15050218361974177,0.6200102683262757
496,531.1582869651463,206.76433235273763,1.0909621569612802,-0.356772148103198,1.14781740428684,0.9203796613133818,-0.1033405860726348,0.9261630513517428
497,58.84171303664429,206.76433235290028,-0.19908685599682593,-0.48589243562855877,0.5250971674192825,-0.17312877295117765,-0.09327428276520883,0.19665620724743108
498,350.87116446463267,206.67818788026364,0.4050818594492785,-0.6587456096543891,0.773328578997193,0.29043039761580647,-0.10481275593816297,0.3087645213858424
499,239.12883553887505,206.67818788103833,-0.024289529683112977,-0.609439710932096,0.6099235546469931,-0.003824866110541128,-0.04196634307453617,0.04214028419236439
500,565.5443037985222,206.7909717267637,1.055600404755922,-0.21376018640740782,1.0770262911432553,0.9172396657087056,-0.018841852897582362,0.9174331691028138
501,24.45569620333463,206.7909717265515,-0.15930535380257943,-0.44391175413489903,0.471631043517375,-0.14733976086230907,-0.08360407030499717,0.16940674633120528
502,373.9210367708709,206.81961921824308,0.6265615947670292,-0.6850893476290993,0.9284001541748407,0.45478637728640314,-0.139745425085104,0.47577245905738075
503,216.07896323262997,206.81961921813502,-0.12911490363026654,-0.6297348704993606,0.6428348664021729,-0.06406105353022146,-0.06383609073187135,0.09043707790132105
504,711.8354430381802,206.75648872610802,0.010922109624634482,-0.17556032166658794,0.1758997413935801,0.007636985532909924,-0.029946162123586417,0.030904630299713947
505,-121.83544303782013,206.75648872623265,0.007444396133987532,-0.42710006604145795,0.4271649393927567,0.006730531177848049,-0.08699323341516763,0.08725321031321324
506,327.72647033662105,206.68784372841463,0.2992376575116141,-0.6228703947135289,0.6910214933586548,0.22012469135572527,-0.08493950512852,0.23594405963264087
507,262.27352966673243,206.68784372825368,0.03644734302384263,-0.6199134860394951,0.6209840086404295,0.02941267494663847,-0.07470276202989634,0.0802845446048736
508,666.3739451481171,206.60083196729823,0.05335505047393885,-0.16900579686926925,0.17722787813008783,0.039847020265527625,-0.024719147442602146,0.0468915906568595
509,-76.37394514732235,206.6008319674716,-0.0007665407480487038,-0.4167927035287436,0.416793408416589,-0.0030335732709476505,-0.0801860721615783,0.08024343422045227
510,689.5226793252087,206.79358239455644,0.025469688050301118,-0.17409698226554196,0.17595017545699715,0.018372247565467927,-0.02822957286805916,0.03368157159219124
511,-99.52267932463769,206.7935823945658,0.002091457274988087,-0.4226933613369418,0.422698535497647,0.0008744560454662824,-0.08176743893410238,0.081772114704327
512,548.2215781040459,216.85230153622297,1.5314999192493075,-0.4416680542056054,1.5939142614226152,1.292124750383962,-0.10537220372947642,1.2964141590840568
513,41.778421897160044,216.85230153634112,-0.29183002063578367,-0.7434130773743263,0.79864119888436,-0.2864176300579328,-0.13579257253492638,0.31697741491099346
514,283.11313291308363,206.47589227165977,0.10440066804216175,-0.6217552043571284,0.6304593830159276,0.07857291417795245,-0.08826181822344015,0.11816874120732383
515,306.88686709028354,206.5356716324698,0.2069209158758637,-0.6227918254227626,0.6562666555907919,0.1524496243812544,-0.0892684332614152,0.17666278937833313
516,608.941355701668,215.9555416753969,0.5742695973354075,-0.009071820166514968,0.5743412472954599,0.48071141465686584,0.1877121913071659,0.5160613635477309
517,-18.93514532396599,215.96329494083005,-0.05029438087163316,-0.6365166533623963,0.6385005675447172,-0.06654397280673299,-0.1155959716071796,0.13338114172817345
518,137.999999999791,216.60769515456664,-0.415918459703376,-0.8980585099929613,0.9896955352495063,-0.3271184839962718,-0.14083150583987736,0.35614605937613086
519,452.00000000042445,216.60769515454828,1.3428123597540191,-0.8224034319147959,1.5746404155658498,1.0271538518867822,-0.18820273993362935,1.0442534686389024
520,476.00000000037704,216.60769515478478,1.375786859468862,-0.7469840788618138,1.5654950324929897,1.0727454766440347,-0.1901101496544214,1.0894607503998772
521,113.99999999977875,216.60769515462576,-0.38663451176979374,-0.8552167213741214,0.9385530811890015,-0.31850297942905587,-0.1396711328016953,0.3477817896947659
522,633.6222285463464,216.03244706434054,0.1940324693303332,-0.18454869751125408,0.26778129304999454,0.1452246923070771,0.011169718711693283,0.14565360919587117
523,-43.622228546137315,216.0324470643653,-0.025902974962312083,-0.6754705542304954,0.6759670359894414,-0.03409078011411127,-0.14656960291001175,0.150481991567055
524,163.02561784246825,217.02568580075766,-0.44409849366427134,-0.9712522025261038,1.0679673744954397,-0.3359209007989309,-0.15226065133467115,0.36881724137901073
525,426.9743821587134,217.0256858006932,1.3468094314020602,-0.9251140351342,1.633931339596564,1.0209591612849922,-0.19589776798174718,1.03958335140189
526,501.0181836452208,217.0253192033424,1.4439452150347147,-0.6767451818504224,1.5946666815292185,1.1552664494326628,-0.19123593550347168,1.1709875115528086
527,88.98181635552585,217.02531920330551,-0.3637226247983336,-0.8271971918513749,0.9036311979989345,-0.31792620174843655,-0.14147332876195406,0.34798243132258205
528,186.68973069192705,216.9404722287561,-0.422479985813572,-1.0334828623016363,1.116501753283092,-0.3042311209086462,-0.16221433195537938,0.34477538256241747
529,403.31026930936866,216.94047222869565,1.3382437863239078,-1.0391748953053896,1.6943378927083927,1.0182042490566374,-0.2282310838271956,1.0434698464363632
530,524.6825584205292,216.93727238000682,1.5013337473618507,-0.5833446181674569,1.6106812113241133,1.2342393506080578,-0.17267497191407033,1.2462597724852251
531,65.31744158014357,216.9372723800073,-0.33204536801008316,-0.7957745298513773,0.8622709717815694,-0.3070355532589466,-0.14902238597628903,0.3412894702259264
532,595.4073145276063,216.60787412322918,0.9669650520110328,0.08544637926601104,0.9707329681948431,0.8336253436930654,0.2974597232244258,0.88510649110044
533,-5.401640450071882,216.62969257696298,-0.10792420480256776,-0.6296699855496375,0.6388520366128195,-0.12635740595245107,-0.10128764921157296,0.16194252660076405
534,343.89083111492783,216.9408390146404,0.7856363142978797,-1.1417317821977904,1.385920589652993,0.6033455953248018,-0.21298552703871965,0.6398349334991024
535,246.10916888714797,216.94083901524982,-0.005129774816409616,-1.0509671016718576,1.0509796208234543,0.020958136746720615,-0.10367357320019877,0.1057707581328186
536,659.6725562590482,216.82318625179735,0.09222888803102339,-0.2205766714986103,0.23908206916631136,0.06720970126410503,-0.019172713552720738,0.06989089274708775
537,-69.67255625851848,216.82318625191266,-0.005823743739581757,-0.6847621134210743,0.6847868777715009,-0.010734800255577987,-0.14025110323761658,0.14066132338313805
538,18.465564630619156,216.85458193156325,-0.20788348646797591,-0.676117906391226,0.7073549090017937,-0.2187347149639552,-0.10911919109332324,0.24444196324531497
539,571.5344353704661,216.85458193166727,1.4587511822301085,-0.19763754069572229,1.4720786694840708,1.259671195560394,0.06728458392534545,1.2614668985584043
540,210.16022146651875,216.86611572255944,-0.3268708042631516,-1.0884994026160029,1.1365190153160811,-0.21602422744252964,-0.1587336603791265,0.268072456211931
541,379.83977853498516,216.86611572282894,1.2734290293679225,-1.1737366675498053,1.7318427346580436,0.9788538563900662,-0.28121389701153654,1.0184479014864332
542,35.90188888241324,206.83909841412265,-0.17922724597111417,-0.4621629630724622,0.49569850729481557,-0.16284452755699474,-0.08903651167505894,0.18559590665347048
543,30.100261935586303,216.88949226809638,-0.254606261319439,-0.7215092778542785,0.7651143616041102,-0.25799590926170096,-0.1325973348201962,0.29007575285981946
544,227.5007576966489,206.83867300703542,-0.06792071337247521,-0.6226577645269032,0.6263512712772813,-0.022559160893858232,-0.04592549796722867,0.051167050958335555
545,221.82573521948603,216.88981394639768,-0.23393440790406053,-1.1000673073755627,1.1246659005935693,-0.13885617507149423,-0.14053802695430162,0.19756511426791284
546,204.63043869071296,206.90605611341073,-0.1857842613024553,-0.6339622908821547,0.6606239308473837,-0.1090335608863865,-0.07965776723333495,0.1350321342502055
547,385.3695613120274,206.90605611339055,0.7352412772450106,-0.6797795544944426,1.001339092652203,0.5449542144266291,-0.15142553536065662,0.5656012628880932
548,362.4992423073463,206.83867300666725,0.5096631556201935,-0.6824150915187696,0.8517317003195926,0.3635398472315713,-0.12224559620046094,0.38354296541008326
549,368.17426478284426,216.8898139461508,1.1714253850978695,-1.22199965121604,1.6927848594620096,0.901763392843645,-0.29124304191508077,0.9476284747393525
550,554.0981111196917,206.83909841398622,1.1088001933508294,-0.27362401607931874,1.1420630328270904,0.9564902250391842,-0.05900370729879606,0.9583083992486507
551,559.8997380654125,216.8894922681067,1.5191899940730529,-0.3380496732967447,1.5563469470872227,1.2973663022645503,-0.03795937303281438,1.2979215061985208
552,274.22521514926285,215.74243826088798,0.13377631753843985,-1.0341883750771486,1.0428047268203469,0.11175628817900755,-0.16016418361808216,0.19529985576440173
553,315.77478485128756,215.75799932031435,0.4625198765172429,-1.0444207723538903,1.142251892490366,0.35048967978776463,-0.17554535287879802,0.39199386035379624
554,-105.83553094215054,216.95919753297895,0.004629835410416972,-0.6893193520298813,0.6893349000731233,0.0034640110172888617,-0.1427174434763091,0.14275947619945017
555,695.835530942503,216.95919753295016,0.03110474757980373,-0.23769510571075675,0.2397216481689777,0.022138539359292476,-0.03403432747616639,0.040601112936936544
556,-88.03797468320421,206.75648872623256,0.00043960867487561093,-0.4207105375132374,0.4207107671910289,-0.0012216423937275833,-0.08064187108724663,0.08065112387679577
557,678.0379746839955,206.75648872610972,0.03717366752555785,-0.17236976582143027,0.17633269046502814,0.027292980339878974,-0.02682344363918504,0.038267530681996675
558,683.7793836771407,216.84907775849499,0.04565091528266168,-0.23329433032113067,0.23771884785630604,0.03278360033368751,-0.030419232872337415,0.04472241249508404
559,-93.77938367654275,216.84907775863448,-0.0005630400586424373,-0.6810204770609453,0.6810207098102268,-0.002736401953368238,-0.13655317550014234,0.13658059025653344
560,47.36753557102014,206.90362259555582,-0.1940599093599973,-0.47798200923481615,0.5158740636753919,-0.17306056665225797,-0.09228136287524874,0.1961270243085179
561,542.6324644307383,206.90362259554104,1.1184109343595496,-0.3227181840179984,1.1640403963741444,0.9548713863739124,-0.0872870676189261,0.9588526459728568
562,295.00000000190806,206.73489607830794,0.1573078168321153,-0.6352906740829688,0.6544768825659767,0.1169174333299424,-0.09262999007516137,0.14916434318491137
563,233.76074955702217,216.89125230828688,-0.0982129753136905,-1.07740675921273,1.0818738897474351,-0.035096944462581464,-0.10226425914322557,0.1081192591942912
564,356.2392504449668,216.89125230795366,0.983425343986552,-1.2187849059192728,1.5660657885579772,0.7555041197631306,-0.2664888002894683,0.8011259299628135
565,577.0325324474908,206.88787958941776,0.9422272595821354,-0.14494112677781423,0.9533100958928753,0.8203086663920577,0.03373643521589939,0.821002104271964
566,12.972106567975104,206.89367110636695,-0.13103454194021244,-0.4297047999392337,0.44923965349498945,-0.12418660581347561,-0.07905996531923143,0.14721681690537142
567,53.55085201415399,216.9095881441341,-0.314897610058523,-0.7764975374516887,0.8379194057241461,-0.2999190792547808,-0.1488209288683282,0.33481207112388806
568,536.4491479866682,216.90958814408475,1.5228701659362036,-0.5222178588099391,1.6099208161765588,1.2684528760483973,-0.1485056488636327,1.2771165281601593
569,391.55738743723066,216.9152211451666,1.320647229886459,-1.1073299981518985,1.7234525901845579,1.0099189072528332,-0.2547836487397065,1.0415617633591754
570,198.44261256417545,216.91522114513296,-0.38645660148711103,-1.0635268010264958,1.1315643867383858,-0.2687808066679881,-0.16306544336497164,0.31437789498135704
571,583.3782694429369,216.89011612642457,1.2863161734358957,-0.018528975022007205,1.2864496185075152,1.1172219070933573,0.21646440770725153,1.1379989584763992
572,6.626271888052384,216.89753982558972,-0.14670732833242697,-0.6540519476172778,0.6703036553446452,-0.16366915173173702,-0.10655255365290961,0.19529730648051072
573,701.1804823021326,207.01953204860553,0.017092579236297374,-0.17720186799546067,0.1780243193668488,0.012118207178137535,-0.029586534907607237,0.03197208146260305
574,-111.18048230173662,207.01953204865168,0.005177341198538334,-0.42955723551636066,0.42958843495413634,0.004261161607896416,-0.08355179991953415,0.08366038948058081
575,-81.72730996086948,216.8382641173752,-0.0001822168459210817,-0.6803615601376687,0.6803615845386491,-0.003607459169549731,-0.13593378736903328,0.13598164696071863
576,671.7273099613835,216.83826411728336,0.06538390220307722,-0.2277593334598285,0.23695858002057432,0.04732879735514647,-0.025480036013493218,0.053751718989567494
577,70.53365858093962,207.00340194007094,-0.20904312518784696,-0.5023925721240755,0.5441482561891992,-0.17745754519762666,-0.09294553683355922,0.2003248690623464
578,519.4663414207138,207.00340194009988,1.0740740054498021,-0.39256292663796394,1.1435648737844064,0.8935490551026288,-0.11469702433203893,0.9008803035173014
579,408.5179766679501,207.0068615008127,0.8617039616765638,-0.6323324296779724,1.0688208545829994,0.6530642259603059,-0.1461340078648296,0.6692144883994754
580,181.4820233344622,207.00686150090365,-0.2501783085303324,-0.6172940299277861,0.6660638899111592,-0.16743893586697262,-0.09124658377533146,0.19068753576186553
581,77.34626485418686,217.1259989755,-0.35051974672147407,-0.8145411275484122,0.8867588969441046,-0.31519469165956626,-0.14472672052475866,0.3468335584746964
582,512.6537351462631,217.12599897561535,1.4766623093368865,-0.6369180493573958,1.6081654695376892,1.196986215050038,-0.18631484132168885,1.2113996942035863
583,415.340362817691,217.1278293041321,1.349396855733169,-0.9817562236116983,1.6687471818291906,1.0232869599452925,-0.2086335027153693,1.0443390928474154
584,174.65963718330153,217.12782930430706,-0.4431806320339328,-1.007082003946616,1.1002832522960293,-0.3283605218812051,-0.15889879817879016,0.36478686981957187
585,721.5560278884799,217.00303134155536,0.010627956138825535,-0.24248313352731227,0.24271593169158293,0.007473700657336424,-0.03823132968793172,0.03895498390736159
586,-131.55602788835913,217.00303134160737,0.017828270798053592,-0.6930488962518022,0.6932781691611889,0.01693935365578247,-0.14625340196423153,0.1472311084261297
587,93.60747773168329,207.04177950605674,-0.22688763214927166,-0.5200845308900695,0.5674204057781557,-0.18360720983862333,-0.08866764008408584,0.2038959487160185
588,496.392522270242,207.04177950607178,1.008927421843016,-0.4414929777141209,1.1012949613603416,0.8159546710296213,-0.12176677532943103,0.8249904076710138
589,431.59137030473204,207.04203026518007,0.9031790024956585,-0.5728216268814404,1.0695124715365187,0.6908091875717453,-0.13142981574714452,0.7032006328928203
590,158.4086296976243,207.04203026522765,-0.2687565037196781,-0.589894073706244,0.6482322704751539,-0.192196465178966,-0.09183255464728762,0.21300868367354547
591,101.70265237183987,217.5024456731015,-0.38404613721510295,-0.8618767170013024,0.9435692400766278,-0.3269526710372187,-0.14412833950412363,0.3573108273570613
592,488.297347628367,217.50244567322073,1.4264012522586016,-0.7291565388190805,1.6019643537068882,1.1243320848448521,-0.19550274499082387,1.1412028567746046
593,439.70079419034136,217.5038206670896,1.363610553075861,-0.8894682063824155,1.6280624774943395,1.0356655528891598,-0.19285058489654405,1.053467837922045
594,150.2992058100967,217.50382066729455,-0.44254771738880905,-0.9547994310192229,1.052373714818399,-0.3427881791148598,-0.1487502709912505,0.37367148521241444
595,-10.276972159232688,206.51867961332223,-0.06147702415073425,-0.40488059156664263,0.409521327803308,-0.06645340028610075,-0.07591205600726475,0.10088951708098734
596,463.9977507871685,218.86655072199633,1.4208114055789218,-0.8410503153857971,1.6510816706734104,1.0921077547253955,-0.20022620730149565,1.1103107141794526
597,126.0022492136062,218.86655072197593,-0.4310470606013841,-0.9457036324562307,1.0393059842481438,-0.3514244860489826,-0.1508014015605037,0.38241369236391604
598,475.1876242056512,204.89418630619895,0.8265666511752471,-0.4139444395413911,0.9244254582508526,0.6528872138966821,-0.1058634002923341,0.6614142223986622
599,114.81237579680302,204.89418630618064,-0.2062623032854706,-0.46364571653281106,0.5074558978037906,-0.15784600694465498,-0.07705909716075532,0.17565154813892986
600,452.7732147414441,205.2123882470723,0.8143032689518923,-0.4629753087012998,0.9367155119313451,0.6301173546746834,-0.11101665851240805,0.6398223027759203
601,137.2267852613843,205.2123882470451,-0.22688098928680753,-0.4958633888347169,0.5453031117519963,-0.16707547306097364,-0.07983921816241807,0.18517158112230483
602,600.2835919168562,206.50795947653174,0.49187004764429615,-0.08405215295834678,0.4989999080025321,0.4132579016015654,0.0676062057249053,0.4187513489991971
603,-64.42333693287716,206.97204120589458,-0.004814870864839676,-0.4269187245977982,0.42694587525078137,-0.00802794799759191,-0.08199530773221825,0.08238736820140093
604,654.4233369336357,206.97204120584172,0.07874394252617091,-0.1685710379660776,0.18605591451369044,0.05961539477199566,-0.02159498807837279,0.06340614168931863
605,-133.96374526750367,205.68842302503006,0.002301784400158074,-0.3977505881581796,0.39775724832063414,0.0019961155702334804,-0.08163451499990065,0.08165891572044497
606,723.9637452676673,205.68842302500485,0.0052379973370287785,-0.16614822112054747,0.16623076730143868,0.003600727451648411,-0.02899057645469852,0.02921333191124858
607,708.7500000000001,217.6079236380185,0.019862976512877724,-0.2431328209376079,0.24394283439574535,0.0140427435812432,-0.03686164031552097,0.03944590186621911
608,-118.74999999991505,217.60792363813277,0.004440446092808114,-0.6989962369545835,0.699010341009467,0.003600665302597786,-0.14029287153967684,0.14033907009621235
609,300.63291139441986,216.8782443636471,0.3531590268385575,-1.105989619050513,1.1610057431748801,0.27174179895953693,-0.19299067105208778,0.33330017163947057
610,251.33499196973264,207.05738387862385,0.01053292979016865,-0.6291717838852442,0.6292599433042795,0.012718190050983107,-0.06152551723265687,0.06282628135516921
611,338.66500803310373,207.0573838784392,0.34825575292046346,-0.6470857778670471,0.7348483335763921,0.2539412886569494,-0.09006115028131478,0.2694386551234727
612,-56.6113328292478,217.38087384671402,-0.006600921357063605,-0.6865527538532881,0.6865844856871554,-0.013065151620909788,-0.13146902092532575,0.13211662139920588
613,646.6113328294825,217.38087384672767,0.13322790578553284,-0.21059594520000985,0.24919937201904094,0.09735257086381822,-0.008631714615167013,0.09773448496304893
614,288.2035432431124,216.63857849575044,0.24339339964288015,-1.0917251293229735,1.1185276505232142,0.19177149312087804,-0.1857055302135504,0.266951024582613
615,610.3439100689266,204.76793578770784,0.27915379912691934,-0.11400604158477756,0.30153643409183983,0.22479893809093282,0.018699594672772768,0.2255753475177131
616,-20.341344040960884,204.77163046816528,-0.03363238046256869,-0.356443712224313,0.35802689424096035,-0.03979887011870112,-0.06553991540222731,0.07667744501257429
617,621.3344222045739,218.67283330526962,0.38138845091661494,-0.09026460136384731,0.39192454471741045,0.3099489083604018,0.1117523804013355,0.3294797722458384
618,-31.333180128727648,218.6743839583739,-0.03469171705967233,-0.6813512226297861,0.6822338336755608,-0.04735326051205663,-0.10579438947532471,0.11590851619091411
619,632.8821968753878,204.81470628744316,0.13352061408490934,-0.1405742081454711,0.1938784732283023,0.1039512353754387,-0.010619851291911536,0.10449229913032908
620,-42.88219687436913,204.81470628747587,-0.005057237865997776,-0.3633308864082177,0.36336608079595767,-0.009987244592634444,-0.06827242431713226,0.06899905054920435
621,317.09028268428665,204.59630293623977,0.20729809681223516,-0.531199366082639,0.5702151063139,0.1509795568623837,-0.0732360721075836,0.16780449591148905
622,272.9097173187839,204.5812348521603,0.05597829680991107,-0.5315317991254436,0.534471349274467,0.04199809884096849,-0.07018314032741685,0.08178944609467437
623,260.62500000000006,218.03743264720157,0.06824053144336395,-1.1089652109814765,1.1110628286910076,0.07161724466032628,-0.15076304974805055,0.16690873824359886
624,329.375,218.0374326473165,0.6664789954278548,-1.1547625432245086,1.3332932095307684,0.510384565677811,-0.2080219806122673,0.5511492985570954
625,-142.14233610802222,220.06151816806744,0.0178729383923212,-0.7191779327709584,0.7193999867330308,0.021121736336995055,-0.11784854093693964,0.11972638116495075
626,732.1423361080638,220.06151816805516,0.00482061828793092,-0.25383258872487174,0.25387835957294164,0.0034262269649261825,-0.0398647743900421,0.04001173913221148
627,732.8707150269556,203.7985965047451,0.0018828655323207125,-0.14740919491828222,0.14742121939893496,0.0012704399799366118,-0.02631498678509575,0.02634563620872317
628,-142.87071502688354,203.79859650475197,-0.003989884347130937,-0.33465502218272913,0.33467880579628345,-0.003965284395731374,-0.06250403965261486,0.06262969306355158
629,486.51898734359514,189.4999999999999,0.08974910531912736,-0.07147461306415366,0.11473239393586408,0.061980554473502134,-0.017701285671695703,0.06445870497670385
630,723.1012658229066,189.49999999999983,0.0008873954472038816,-0.03575603420266899,0.03576704422484688,0.000599433420106794,-0.0071451190699035015,0.007170219449099143
631,678.0379746839955,189.49999999999986,0.005391618126904197,-0.035999863811038195,0.036401370035201414,0.003855244144591636,-0.0072657198115593895,0.00822518035027164
632,655.5063291145394,189.4999999999999,0.01052912003755832,-0.03587742959097304,0.03739053787819239,0.007646779090344979,-0.006985187862167182,0.010356933905664596
633,632.9746835450828,189.4999999999999,0.021670962696269377,-0.03510602914331656,0.04125607720560076,0.016325848565309328,-0.005872329859959145,0.01734985848246551
634,610.4430379756268,189.49999999999974,0.0438297218988967,-0.03613766665866082,0.05680647386757174,0.034336640570016834,-0.005925134357660129,0.03484411145072938
635,576.6455696214425,189.4999999999999,0.0809063757124861,-0.04447611197235146,0.09232532787435474,0.06352904139400231,-0.010259665768965948,0.06435215491443741
636,520.3164556978027,189.4999999999999,0.0913089033415085,-0.06264118750772156,0.11073045742615928,0.06578625316508595,-0.016686123718745116,0.0678694174887191
637,711.8354430381794,189.4999999999999,0.0016082548235405811,-0.035783292710172845,0.03581941541621458,0.0011005775855165581,-0.007157159197738093,0.007241284333839436
638,700.5696202534515,189.49999999999991,0.0025350168878857738,-0.035831755239676875,0.0359213167099701,0.0017630615236825732,-0.007181442829872292,0.007394694520736747
639,689.3037974687236,189.49999999999991,0.0037608050873930337,-0.035909572945658566,0.03610597019946888,0.0026563265768206248,-0.007224118235857637,0.007697009495146439
640,666.7721518992676,189.49999999999986,0.007557277511238589,-0.03603115209219093,0.03681516487091247,0.005447554116329595,-0.007230628340062779,0.009053056502776205
641,644.2405063298111,189.49999999999991,0.014906313324986346,-0.035476665856570125,0.0384810602406092,0.01097550059319453,-0.006451655306505148,0.012731279176310978
642,621.7088607603549,189.4999999999999,0.03183371270000987,-0.035521283251562216,0.047698499222768885,0.024632991830319327,-0.005927665604939337,0.025336169916476317
643,599.1772151908991,189.49999999999983,0.056512972586302765,-0.03796423694270994,0.0680808295864734,0.04442275089160891,-0.006775677184564639,0.044936517422775095
644,587.9113924061708,189.49999999999991,0.06929161477121219,-0.04073473862821567,0.08037814882610271,0.054510596099908076,-0.00820295517365488,0.05512434635211836
645,565.3797468367147,189.49999999999991,0.08950274321556057,-0.04876970359181456,0.10192754795218034,0.06978970131800474,-0.012542628843628362,0.07090782713047503
646,554.1139240519868,189.49999999999983,0.09400484286690554,-0.052966205730480415,0.10789962665327058,0.07233230468785525,-0.014474261831018777,0.07376629689098954
647,542.8481012672586,189.4999999999999,0.09479252745773167,-0.05665658088188391,0.11043365166039863,0.07154609920645683,-0.01574640480833734,0.07325840276752006
648,531.5822784825306,189.4999999999999,0.09333810121888901,-0.059796643706954054,0.11084962669203707,0.0688364416251849,-0.016386688009864446,0.07076001158528823
649,509.0506329130744,189.4999999999999,0.08983074634442956,-0.0654489971518521,0.11114465446876151,0.06345102434281093,-0.016917149908760115,0.06566751442827304
650,497.7848101283425,189.49999999999991,0.08937571290560171,-0.06837908577990238,0.11253318368143589,0.06225580490432493,-0.01724175665306158,0.06459925244744526
651,475.25316455881983,189.49999999999974,0.09031663339280595,-0.07465655917637992,0.11717805295987312,0.061984652106845214,-0.01821422796263958,0.06460538055829122
652,227.40506329319112,189.49999999999986,-0.007161429683257365,-0.09187307050782914,0.09215176156560864,-0.0018290152337878535,-0.007842118592411948,0.00805258472435287
653,418.9240506348204,189.49999999999983,0.08290949232848499,-0.08937420588230396,0.12190870598632227,0.05394220007222866,-0.019163907081065523,0.05724522934921354
654,396.3924050652202,189.49999999999983,0.06909510461705454,-0.0932216080859967,0.11603620855655736,0.04224108474243929,-0.01760374384084276,0.04576244134038247
655,463.98734177402,189.49999999999986,0.0907135484297558,-0.07782653424468362,0.11952371020536705,0.06191310506863577,-0.018680819387924062,0.06466997442588153
656,362.5949367108204,189.4999999999999,0.0437753826852794,-0.09532642961784113,0.10489715111921713,0.025671583712846578,-0.013933808121512736,0.029209265980041744
657,340.0632911412204,189.49999999999983,0.030951440257256917,-0.0939125317782987,0.0988815214234111,0.019477044397248247,-0.012718756053296712,0.023262029447054938
658,407.65822785002024,189.49999999999986,0.07682754568443496,-0.0915607662058275,0.11952341061102692,0.048625968937891464,-0.018601440900957708,0.052062447682956745
659,351.32911392602034,189.49999999999991,0.036596701362395255,-0.09505492438857717,0.10185655207754907,0.022195887007445316,-0.013409094293844681,0.025931857045504814
660,452.72151898922016,189.49999999999991,0.09050225605922951,-0.08093229135505936,0.12141126033358916,0.061352569976342426,-0.01905035448679151,0.06424215009457895
661,441.4556962044203,189.49999999999986,0.08933988716902344,-0.08389689030411367,0.1225573483805615,0.060001406546026044,-0.019250208273356453,0.0630138025044442
662,430.18987341962037,189.4999999999999,0.08697060351831519,-0.08673997102635685,0.12283203348472745,0.05766429945862235,-0.019311010278429422,0.06081189480707932
663,385.12658228042034,189.4999999999999,0.060352547543658784,-0.09423882964602039,0.11190793987944396,0.03560366235939714,-0.016162741440727144,0.039100575242338204
664,373.86075949562036,189.4999999999999,0.051784639523094395,-0.09499285752338267,0.10819099718088614,0.030009909825667702,-0.01487485446840145,0.03349411863597592
665,328.7974683564205,189.4999999999998,0.028299212157134258,-0.09204459719651593,0.09629669403350961,0.01880252149070802,-0.011304410276247484,0.021939109054432148
666,317.53164557162034,189.4999999999999,0.02511702311074,-0.09307965558396879,0.09640895774551086,0.017104224937433264,-0.01244574402093332,0.0211530389056729
667,306.2658227868204,189.4999999999999,0.020778206982798246,-0.09323453085136948,0.09552178614585771,0.014162796370153372,-0.012479705500903326,0.018876648283307772
668,283.7341772172204,189.4999999999999,0.011453929991966578,-0.09381567518870183,0.09451229244586587,0.0075434639619823725,-0.012665699180383544,0.014741905720553743
669,272.46835443242026,189.4999999999999,0.007228037418721318,-0.09370634567363793,0.09398469952302746,0.00448076023589899,-0.012260678767125915,0.013053790871707185
670,295.00000000202044,189.49999999999991,0.016178057415037885,-0.0935672329752625,0.09495555080336963,0.01095640869843411,-0.012624866116636352,0.016716163914909283
671,261.2025316476202,189.4999999999999,0.0035970864855367326,-0.09327990685221875,0.09334923702710718,0.001982544191562587,-0.011280412678247434,0.011453304835856942
672,238.6708860780153,189.4999999999999,-0.0029503209781586363,-0.09213527514839122,0.09218250007753054,-0.0006442336592419194,-0.008321722106788873,0.008346621821450812
673,249.93670886281936,189.49999999999991,0.0004491311192578242,-0.09264394651318983,0.09264503518430474,0.0003720599911335651,-0.009732269460894186,0.009739378701768194
674,216.13924050833822,189.49999999999974,-0.011877843260751118,-0.09200886130175341,0.09277237583770433,-0.0036651770074437977,-0.00869521320921203,0.00943611441481874
675,80.94936708987497,189.49999999999974,-0.024969525839610707,-0.08047087954200577,0.08425579905810039,-0.01775387548642418,-0.015841535771360493,0.023793998200864593
676,47.15189873525915,189.49999999999974,-0.02249766209409405,-0.0766924113879207,0.07992415632456876,-0.017021840548398136,-0.0161954038290478,0.023495407228669756
677,24.620253165515287,189.49999999999974,-0.019793726715733387,-0.07361677800302469,0.07623136900806489,-0.015575772617977155,-0.016059708589438164,0.02237228045203709
678,-54.24050632858842,189.49999999999974,0.00025090999951047775,-0.06937816774902138,0.06937862146251686,-0.0002946226016552223,-0.014910710276042925,0.014913620734533185
679,-88.03797468320424,189.49999999999974,0.0005887893581546655,-0.06953556028293305,0.0695380530125031,0.00033571692688013645,-0.014979499687221468,0.014983261218254919
680,-110.56962025294813,189.49999999999977,0.0011006887145467439,-0.06990547581438968,0.06991414066183285,0.0009678704512159086,-0.01533132155128255,0.015361842132998167
681,58.41772152013115,189.4999999999998,-0.02319173417063025,-0.07832849415522551,0.08168971496134857,-0.01716788231465801,-0.01642993388167984,0.023762973520296625
682,-76.77215189833225,189.4999999999999,0.0003178690314250845,-0.06947764786663864,0.0694783750083562,-2.0349868398121984e-05,-0.01493668380922878,0.014936697671641514
683,69.68354430500302,189.4999999999998,-0.023946750097669948,-0.07941296090599374,0.08294495283076088,-0.017348570099077365,-0.01614323370958365,0.023697613362632933
684,35.88607595038722,189.49999999999983,-0.021376101149654825,-0.07541582168953458,0.0783867582023134,-0.016470004891421215,-0.016368703609028014,0.023220583949669426
685,-65.50632911346032,189.4999999999999,9.111495785869473e-05,-0.06960926987502926,0.06960932950740296,-0.0003505693068211719,-0.01509437366410623,0.015098444130126414
686,-99.30379746807616,189.49999999999983,0.0008293901431641073,-0.06962338969745013,0.06962832958625809,0.0006430966812125225,-0.015057250904688416,0.015070978009012111
687,-20.44303797397253,189.49999999999972,-0.005005547142986739,-0.06967138325977591,0.069850963826788,-0.005023462417044868,-0.015513939047950301,0.016306976403949916
688,-31.70886075884447,189.49999999999972,-0.0022916295389834632,-0.06936951697558959,0.0694073587695898,-0.002776383563493474,-0.015116949113689424,0.015369790375848078
689,204.87341772346636,189.4999999999998,-0.016538662984321384,-0.09211868270979856,0.09359155452014623,-0.006191320540427649,-0.010169778929035644,0.011906168716248678
690,193.60759493859442,189.49999999999986,-0.02196890519083342,-0.09240724893989757,0.09498280082164365,-0.010345937614184897,-0.012123025621636113,0.015937571186961066
691,182.34177215372247,189.49999999999986,-0.026210535069736876,-0.09194643167535944,0.0956093010458368,-0.014023878345593993,-0.013424294513753335,0.019413419251744602
692,171.07594936885053,189.49999999999986,-0.02889299037829864,-0.09103082786859702,0.09550610721541633,-0.0166584437361484,-0.014271893518637738,0.021936059179300093
693,159.8101265839786,189.49999999999986,-0.03027903678290578,-0.08985050592813307,0.09481525976361631,-0.01834452934475265,-0.01481111899121898,0.023577340873231198
694,148.54430379910667,189.49999999999986,-0.030818031807079066,-0.08860207652380149,0.09380873652699791,-0.01940392729717621,-0.015220166739071131,0.02466101924331651
695,137.27848101423473,189.4999999999999,-0.030615834977142906,-0.08724931372446851,0.09246497767662293,-0.01985160547075648,-0.015457566770809755,0.025159940584997622
696,126.01265822936278,189.49999999999986,-0.029920490930832214,-0.08585325215616214,0.09091763681119067,-0.01987190699254309,-0.0155861599412902,0.02525511966385751
697,114.74683544449084,189.4999999999999,-0.028963822862351763,-0.08444049555037005,0.0892698175398256,-0.019652804294675606,-0.01564089809765401,0.02511713379241383
698,103.48101265961891,189.49999999999986,-0.027771502170149186,-0.08297984212728836,0.08750377438863023,-0.019190423636945342,-0.015600205340404877,0.024731331667102507
699,92.21518987474697,189.49999999999986,-0.02635912515005337,-0.0815783351505783,0.08573113929381934,-0.0184805714478032,-0.01558410960549829,0.024174283717073045
700,13.354430380643292,189.4999999999998,-0.01680944687397904,-0.07217613680768667,0.07410770694530378,-0.013515589836684501,-0.016053468020745275,0.02098535213253713
701,2.0886075957713497,189.49999999999977,-0.012657122424990562,-0.07100468939854514,0.07212398120365422,-0.010537905787762161,-0.01603893508635848,0.01919101084091644
702,-9.177215189100588,189.49999999999974,-0.00859601216353383,-0.07031228874764141,0.07083579161728429,-0.007692399548717383,-0.01600221390650914,0.017755108017885497
703,-42.97468354371641,189.4999999999998,-0.0005973974577498699,-0.06915978851248862,0.06916236860327066,-0.0011984387110721075,-0.014773555979864003,0.01482208526606063
704,-121.8354430378201,189.49999999999977,0.00045603050470521974,-0.07010331811887831,0.07010480136979116,0.00037001204742806806,-0.015521671005615328,0.015526080629759768
705,-133.10126582269203,189.49999999999974,-0.0006782589894143039,-0.069445301652563,0.06944861378654142,-0.0007155354196166519,-0.014860276203148358,0.01487749306068006
706,732.4382639101457,189.4999999999998,0.00038108026962029777,-0.03574272505523495,0.03574475649023244,0.0002555442767989877,-0.007138315535811613,0.007142888180996127
707,-142.43826391008722,189.4999999999998,-0.00047446710890435424,-0.06893156812714464,0.0689332010246486,-0.0004814996343912709,-0.014366062669416958,0.014374129487364945
708,342.37285241082554,302.5596695814343,0.8592109804923321,-2.6703075053328025,2.8051355906685314,0.8188654628330684,-0.7485542544291601,1.1094476634996404
709,347.99785241082554,300.6846695814343,0.9246889652092465,-2.531541083801393,2.6951344941123216,0.8767520795445345,-0.6656015037936223,1.1007813456077447
710,348.125,307.625,0.7867194303050411,-2.569227305162792,2.686979048599663,0.793268620659985,-0.7034384808340663,1.0602362004958774
711,242.00214758914996,300.68466958142636,0.1692435263486252,-3.0441714089114256,3.0488724043561897,0.0056787672748382645,-1.1559989069060879,1.1560128551040563
712,247.627147589178,302.55966958143574,0.26092288962455107,-3.290583171376965,3.300911747090387,0.09029290300463663,-1.3507341682336065,1.35374872172303
713,241.8749999999897,307.6249999999966,0.38201159171731697,-3.085298748623412,3.108858508273349,0.16875916809779268,-1.1966581084385892,1.2084991871362105
714,395.50240473580834,281.0072142074251,1.3092661200871716,-1.735401902081461,2.1738899546564148,1.1462257690050563,-0.3165232003882388,1.1891259184439829
715,389.65138047757756,276.77355387825037,1.3340782975682777,-1.7824861169264936,2.2264369878975607,1.1408942299926041,-0.3242979195625748,1.1860897034638787
716,395.27638047757756,274.89855387825037,1.3560046520036044,-1.7166172110254398,2.187583887635895,1.1531356279250233,-0.3071156029888136,1.1933322127510093
717,200.348619522259,276.7735538781649,-0.33280809983384957,-1.9701474311196048,1.998059591619378,-0.3794774736813307,-0.4301214666430675,0.5735918663115338
718,194.49759526394462,281.0072142072893,-0.3038172155061049,-1.9244054360344331,1.9482405351179715,-0.3756809681131297,-0.4081470391729072,0.554725333284887
719,194.72361952223144,274.89855387815516,-0.3586533456684576,-1.896489731339245,1.9301050550253425,-0.3991439488716617,-0.39360703330962266,0.5605732678175673
720,419.8014322883042,265.20076680389155,1.4510771427575464,-1.4514632318686087,2.0524059997232205,1.200305737416357,-0.24881919522731288,1.2258241534527667
721,422.29977667825256,258.7407666563671,1.4865750919490042,-1.406403949468912,2.046430446676589,1.2028443456884284,-0.23966153701787052,1.2264877383326713
722,425.5263202999827,264.73155622397974,1.4593230872186271,-1.4047546420930237,2.0255763321512235,1.2082833829255497,-0.24394345258934824,1.2326626227460709
723,167.7003595889359,258.74074666612347,-0.4872432849991882,-1.5786141041091166,1.6520982139294955,-0.47402606205860315,-0.2651735849845678,0.5431553531765607
724,170.19860148038117,265.20076185002455,-0.4532520133980853,-1.6317440952878837,1.693524779906185,-0.4648985730107539,-0.282447878675431,0.5439737928941855
725,164.47378219822315,264.7315411874972,-0.4581394303178617,-1.5915554857118919,1.656182538765456,-0.4720550993281159,-0.26924782381169954,0.5434431041323584
726,493.7314135358828,237.12172823589498,1.594500694659101,-0.9393140898285421,1.85060623164918,1.2697703716572692,-0.2542542917017605,1.2949756915044404
727,496.8319093761575,242.16658767436763,1.5801837101292548,-0.9398387114022018,1.8385530618418409,1.2757496135761957,-0.25960221346271606,1.3018949211724247
728,490.84812904817755,242.36329845437612,1.5766304223586747,-0.9727923056382234,1.852589635784413,1.266818765527046,-0.26078988388496127,1.293383604437678
729,93.16810459312566,242.16658562501718,-0.4606113238419985,-1.2004534655578527,1.2857882075292715,-0.4690546368065978,-0.20511248207060617,0.5119407999084797
730,96.26858845965288,237.12172794313088,-0.47404714828742145,-1.1814090597460807,1.2729682106201847,-0.46326898932242483,-0.2022366981803806,0.505487723450059
731,99.15188292555834,242.36329669779832,-0.46946840717621063,-1.222141274253873,1.3092096392753334,-0.4706475594838263,-0.20985425003715363,0.5153134303574263
732,502.41354013409784,241.6208468107819,1.5839870214464884,-0.9068266602009609,1.8251984757176811,1.2835883667639671,-0.2565381370677233,1.3089732277865604
733,499.5302556463926,246.86241702926304,1.558138450109526,-0.9332172303575298,1.816229563889404,1.2744866051468784,-0.2608452135842513,1.300905965913228
734,87.5864618613123,241.6208465179901,-0.4543630765089636,-1.1891005798117864,1.2729516857302232,-0.4685943325334024,-0.21077457461111926,0.5138156963201136
735,90.46975632721777,246.86241527265753,-0.45377090027800127,-1.2221840412967302,1.3037031336694391,-0.48087739370792143,-0.21492817587114366,0.5267230662906462
736,176.78865233968702,264.3883329014484,-0.45411954139708405,-1.6746559275911728,1.7351360274327052,-0.457666271053617,-0.2979102651614822,0.5460851048588558
737,173.56207494897427,270.37912742282214,-0.41990042873323985,-1.6827159541446657,1.734315240198088,-0.4522180156957922,-0.30148017147604333,0.5434992433417587
738,416.43793067895365,270.37912824847297,1.4165285183032965,-1.4977251737782546,2.061488234100703,1.1943168845646648,-0.25928803460521754,1.2221387423879841
739,413.21138705722353,264.38833868086033,1.448538723826655,-1.5032795511016588,2.0876096002810867,1.1909698145672543,-0.2556028703949469,1.2180894575377033
740,189.4916591678599,273.3324117764066,-0.37953680631120595,-1.8345712514510593,1.8734192974333364,-0.4155089385542221,-0.36464038186869074,0.5528203018231159
741,195.3426834261743,269.0987514472822,-0.40521641343735904,-1.870039551596399,1.9134388587707467,-0.41794064126469055,-0.38262414517387944,0.5666353466655453
742,394.65731925720956,269.0987518409525,1.397083849025628,-1.6990804565076534,2.1997085440790833,1.159973459994617,-0.3006322619584585,1.1982980367263156
743,400.5083435154403,273.3324121701272,1.3748339897326944,-1.6575026610426369,2.15348173214628,1.1642468762904923,-0.2921899964990027,1.2003523578542494
744,258.5589431725224,288.02891287354817,0.23744631619855996,-3.4465191975168703,3.454688890758269,0.14780866861791098,-1.4487734882138024,1.4562939341595116
745,254.71198756727523,294.3370992664167,0.2172093285735912,-3.456302557788753,3.463121029273517,0.09745445750800451,-1.4698535178610561,1.4730806954327726
746,251.60125078358539,289.31115276999697,0.11565728602177072,-3.2436602957523086,3.2457216026717197,0.02002577629944348,-1.298050629623524,1.2982050950379227
747,335.2880124327191,294.3370992664174,0.9357438009524107,-2.7584739773839595,2.912867169117972,0.8385760139108835,-0.7852727297993682,1.1488529023653193
748,331.4410568274744,288.02891287354254,0.9928629426097447,-2.7777586959915093,2.9498678268634566,0.8615631698403847,-0.7910043693631013,1.1696063474421337
749,338.3987492164064,289.3111527699938,1.0248941066066235,-2.642043536225412,2.833866965308617,0.9001693588660836,-0.7114785233088818,1.147391199099576
750,351.54903296022746,288.05961510470235,1.1258629297433123,-2.364886843419625,2.61920925447919,0.9948359571419454,-0.5557129569291792,1.139524230598675
751,353.1916489659247,281.93221870127167,1.2035999992138444,-2.2869212009121602,2.584310650306786,1.0360240230685491,-0.5126242316207834,1.1559106276957316
752,357.72482717333276,287.4980090421348,1.1614155716309436,-2.2500404098668056,2.5321074179545415,1.0279964280483302,-0.4975080511460763,1.1420555665269938
753,236.80835103405838,281.9322187012889,-0.14222357190413856,-2.6659105408002857,2.669701585562559,-0.2020283367228327,-0.8652402006337734,0.8885133953023818
754,238.45096703974136,288.0596151046825,-0.06644176960684489,-2.7889569288781657,2.7897482431011618,-0.15738421092509397,-0.954933028786761,0.9678155192578654
755,232.2751728266318,287.4980090421236,-0.12019690768495805,-2.6076898549614946,2.6104585183998092,-0.2097240508875081,-0.8242183142249773,0.8504822202871318
756,349.1639579946433,294.62237230421704,1.0274435994466082,-2.463613453133328,2.6692754815686075,0.9379280581988514,-0.6169919504559767,1.1226700803371124
757,354.91610558381774,299.6877027227828,0.9778963613757584,-2.3774094918603947,2.5706725162065758,0.9289757411461745,-0.5791149757864356,1.094700910211647
758,240.83604200532653,294.62237230419134,0.035322502012267554,-2.9410563504491805,2.941268456918861,-0.09143670133599038,-1.0715375573945503,1.0754317306357881
759,235.0838944161382,299.6877027227522,0.10289730472876266,-2.7814309176911824,2.7833335777820194,-0.05943995921588144,-0.9547260771974526,0.956574613520776
760,337.87262098662995,299.1238921325755,0.8907221456427971,-2.74815994932081,2.888904471904439,0.8233442566201924,-0.7881898276003019,1.1397977755909383
761,337.9997685758044,306.06422255114126,0.7688685763683929,-2.7945301376915728,2.8983715390186333,0.7473984767976787,-0.8288717608340297,1.1160792440627123
762,252.12737901337232,299.12389213258155,0.230317529718802,-3.4455550895326423,3.45324427741509,0.08402483873827085,-1.4706238306859505,1.4730222757672105
763,252.00023142421207,306.0642225511517,0.38034338200211665,-3.508505038566564,3.529060596515704,0.19233101680498652,-1.5274484306725729,1.5395096389400573
764,268.6778017046098,310.94976397004064,0.47968583858046004,-4.017439707334352,4.045975816265016,0.29296955369201805,-1.8972534053845864,1.9197399937579853
765,273.6778017046098,305.94976397004064,0.4916046029552027,-4.025409118893861,4.055316715143293,0.33735023056634905,-1.8700877123668822,1.9002718831811325
766,275.0,312.0,0.4652323837665828,-4.026746242552088,4.053532591803413,0.28893650261337167,-1.8623616916780281,1.8846419747984746
767,316.32219829539406,305.9497639700387,0.6006500295903079,-3.2977286024484984,3.351983650534973,0.5433908711383066,-1.147355488142514,1.2695267838872855
768,321.32219829539406,310.9497639700387,0.5542368727958537,-3.2429161380813714,3.289936715165677,0.5318377849448338,-1.129815194993565,1.248732879495601
769,315.0,312.0,0.4713316262981495,-3.3850606670620347,3.4177169604341615,0.43838069563567017,-1.22542913410875,1.301481539257678
770,259.0850714023093,297.84165223613275,0.3273684630629698,-3.6831374319578716,3.6976575630116746,0.19227341133425851,-1.6519797800329954,1.6631314615339272
771,330.914928597698,297.84165223612433,0.8538383151104056,-2.89036308222964,3.0138411728998924,0.7740520865034753,-0.8701547545903878,1.1646140689329842
772,344.6307797872352,289.0565819633539,1.0715806255082703,-2.510441738409981,2.729579227448,0.9457820742573458,-0.6362727435564288,1.1398889139645814
773,245.36922021275308,289.0565819633566,0.01867983615678854,-3.024335988372517,3.024393675903323,-0.07630107903423017,-1.1309150783921669,1.1334861133673182
774,187.97040539222093,253.83424734309114,-0.5053343957438227,-1.6926213626108733,1.766445563465929,-0.45958808147449026,-0.31297888857547784,0.5560368596840897
775,182.1953670092783,253.75564874263705,-0.5083260900317316,-1.6461021707933985,1.722802301628857,-0.4657721001230655,-0.2933025782352561,0.5504271538110193
776,185.216473245028,248.28852606611173,-0.5301107497879501,-1.624608503633789,1.708909066369525,-0.466140162970625,-0.29047188505356436,0.5492363494351516
777,407.80466309399094,253.75565315861925,1.5003991150045028,-1.498295222095809,2.1203976223485594,1.1901402025288,-0.25373174359915307,1.2168868063156735
778,402.0296061160957,253.83424903120067,1.4966149326613658,-1.549586300568031,2.1543151950383446,1.1861612196127247,-0.2659997556427105,1.215620956102324
779,404.7835527879675,248.2885298850467,1.526521814047028,-1.492898825469812,2.1351851797562134,1.1939671319219298,-0.2570203399684008,1.221317717576942
780,26.039062499919062,233.25781250000523,-0.233524446554448,-0.8111397531546966,0.8440861130752142,-0.3112696571446581,-0.02369112727282463,0.3121699360451134
781,31.664062499906507,235.13281250000102,-0.7196264506646716,-0.9881522689830323,1.2224185597382544,-0.7923500716955532,-0.17749933628436143,0.8119880851941961
782,28.124999999922537,236.3749999999742,-0.8284753252232985,-0.6195407462388072,1.0345057277531085,-0.9112950932965731,0.1787534487450202,0.928661155914604
783,558.3359375000114,235.13281250003408,1.5917180762426208,-0.41589679802739327,1.6451554883496418,1.3484850772222567,-0.05254536302610896,1.349508435937568
784,563.9609375000114,233.25781250003408,1.5972007101122114,-0.32208576534089306,1.6293524322927133,1.3584408192975692,0.014080206434137932,1.3585137878384153
785,561.875,236.375,1.5659449194657198,-0.35088804920334504,1.6047759699952602,1.3330053575632386,-0.005808617103558789,1.3330180131284624
786,563.2109374999613,229.50781250003408,1.6486132041074557,-0.34304086559276253,1.6839247406651174,1.3977285573467988,-0.0030779689167025337,1.3977319463743452
787,557.2109374999364,229.50781250003408,1.6576021111865082,-0.4374965160043396,1.7143651771212296,1.395656350569546,-0.0693409907071848,1.3973778379083295
788,559.9999999998752,227.0,1.6851417258447183,-0.3960032557035052,1.7310462774607418,1.4214300713462689,-0.04228101833062092,1.4220587653956265
789,32.7890624999487,229.50781250001603,-0.4483943259920032,-0.9318264597201725,1.034097685238901,-0.5007503447759767,-0.1436441736057399,0.520945828665645
790,26.78906249994972,229.50781250001603,-0.36712849804316927,-0.9525892827006823,1.0208867104589197,-0.42873673093177517,-0.17816870675533547,0.46428361215633496
791,29.999999999995385,227.0,-0.40120554166461914,-0.9278665069271972,1.0108917555008938,-0.44946727776126355,-0.15815289293846868,0.4764799799812449
792,249.2161758180002,282.7483955704881,0.019467168594090506,-3.029796466660111,3.0298590066270683,-0.04522127499688153,-1.1287600361332584,1.1296655181441533
793,340.78382418199055,282.74839557047903,1.124152228328492,-2.527543611963085,2.766260100357758,0.9637596114897755,-0.6431258703587681,1.1586386295405682
794,132.2645019622866,254.53975953706657,-0.4882978275601297,-1.385462716150825,1.4689934330159424,-0.4910696780748121,-0.22339613627358057,0.5394953775765495
795,127.15401567027044,258.5904751352276,-0.4743635271442154,-1.3877323719290442,1.4665680659227895,-0.49767373801942727,-0.228865621198304,0.5477760692844432
796,126.79592236889494,252.74802046499914,-0.48769661413346216,-1.3574528807032786,1.4424029640731026,-0.48987533112643455,-0.2203280142971562,0.5371426941980704
797,98.65069952931967,254.079077189777,-0.5187188734242139,-1.2973582767200218,1.3972142884398335,-0.5590008794530008,-0.24233435979183926,0.6092683523415187
798,101.98465651329539,247.55316437677268,-0.4642164183632555,-1.2561667592724943,1.3391981967502682,-0.4782985817423484,-0.21406783119576223,0.5240177188317198
799,104.58395698358392,254.22408718686506,-0.4672797470379649,-1.328752831895499,1.408522080147192,-0.5020096948123706,-0.25451099774359087,0.5628406361111887
800,488.01542730350843,247.55317667268153,1.555267583617833,-1.0006833076261847,1.8493848541647935,1.2627132803274321,-0.26426703527972406,1.2900704997211583
801,491.34931244422614,254.07907894642437,1.5228202453281763,-0.9898732449972284,1.8162683008693155,1.2620179225282608,-0.26614069269101714,1.2897752149458455
802,485.4161148592823,254.22409772625713,1.5234546960620563,-1.0249582459006121,1.8361518501456224,1.2576839471113783,-0.2664020380412614,1.2855889532405738
803,462.8469268772019,258.5906134061443,1.5046623552020344,-1.1551182103555238,1.8969203681380726,1.2418119428283452,-0.25488422031664304,1.2676998332087657
804,457.73687454635854,254.5399614696135,1.5216194036182096,-1.1742439818627401,1.9220235530316216,1.2352805661621664,-0.24868097246872456,1.2600636107776118
805,463.2063966877521,252.74836066833268,1.5294878832150764,-1.1415513441224752,1.9085263048146768,1.2386080477745935,-0.2529532054075415,1.2641737302040172
806,431.4510347128696,263.0768851419402,1.472835975869225,-1.3558898960371395,2.0019198840089123,1.215335286483118,-0.2401904995510762,1.2388427400786581
807,428.9526903229213,269.53688528946464,1.4352495291145038,-1.39230899699631,1.999616351688562,1.2136945990847625,-0.24737361165769922,1.2386477641331681
808,161.0473096767082,269.5368852893122,-0.43283824179568536,-1.5927943243313387,1.6505583004495497,-0.47037299655432896,-0.2711917844035012,0.5429509552578887
809,158.54906778526293,263.0768701054111,-0.46751405973420634,-1.547830566136,1.6168948195581707,-0.47907641083420704,-0.25638071053104694,0.5433647726437466
810,306.66666666666663,312.0,0.4128154729210273,-3.544355772267295,3.5683153525280673,0.3529164927901115,-1.3329738450293833,1.378901491193512
811,301.66666666666663,312.0,0.405957984526766,-3.656330919421895,3.678798401315516,0.3270206758904941,-1.4230900672722888,1.460180763477222
812,305.0,307.0,0.5140962171174254,-3.566213753752168,3.6030786083439224,0.4323616490991268,-1.3428721521333729,1.4107594453297247
813,288.33333333333337,312.0,0.42166146448776715,-3.9078262233173797,3.9305094049348037,0.2906157174498052,-1.6732455136835807,1.698295629238648
814,283.33333333333337,312.0,0.4406715808117276,-3.9711589471334032,3.995534360449524,0.29077045161633236,-1.75743877504109,1.7813305430354842
815,285.0,307.0,0.4942935376277,-3.9550552394698637,3.9858233840197346,0.3646385572990928,-1.729795515841623,1.76781045479852
816,217.697521024492,243.15640556761088,-0.4627127844588461,-1.834041047251698,1.89150989527038,-0.3716586949298246,-0.3870466589887347,0.5365960321799653
817,223.8168926925616,243.27854213614896,-0.42403664677030156,-1.8884805394836888,1.9355014404057687,-0.3332613915484352,-0.41199874109168344,0.5299114244455685
818,220.2841349874664,248.65439897909891,-0.44017795987704605,-1.939865687812205,1.9891796105713122,-0.36494646318994944,-0.4363475546636386,0.5688454178911792
819,366.1831073074378,243.2785421361558,1.5607079396879013,-1.8417821468943876,2.4141190421401664,1.2245075472634943,-0.4024794029592782,1.2889563231978483
820,372.3024789755003,243.15640556761622,1.5594849970235778,-1.775317663450131,2.362995188759313,1.2194433881431612,-0.37220961124470575,1.274983204434085
821,369.71586501251284,248.65439897910508,1.5295312640482284,-1.844686134023547,2.3963165109725613,1.205935131066755,-0.38299867433397505,1.2652934540582172
822,264.51264168271587,298.9771936550246,0.4203262734171497,-3.8611832878445336,3.8839941501571125,0.28349414665716166,-1.783749522746224,1.806137118572744
823,261.928033128813,303.7639865211894,0.4155547599208011,-3.8656528452800463,3.887924597868965,0.2534205533298437,-1.8014359669621642,1.8191738564290418
824,325.48735831728766,298.9771936550218,0.7932494442008424,-3.0207641238333145,3.1231811623028523,0.7156070661560379,-0.9516666967333904,1.1906985238942285
825,328.07196687119847,303.76398652117996,0.7442487189391153,-3.012750097903971,3.103315856960567,0.6946074419027983,-0.9583040626818269,1.1835650277442487
826,267.97769712099273,294.3131439707572,0.4613532362143949,-3.846490552398042,3.8740594185237907,0.34628687800166735,-1.7534535508255091,1.787320328530599
827,270.8206588474964,300.2354782558139,0.49637691146079654,-3.9757163546593017,4.006583403716539,0.35953999159542394,-1.8477510110078366,1.8824061209624556
828,322.02230287900693,294.3131439707564,0.8380599535002492,-3.0542921889596033,3.1671825430815455,0.735976531156894,-0.967862426434352,1.2159025992722963
829,319.1793411525074,300.23547825581204,0.7239600217968822,-3.174893037012921,3.256388169373128,0.6467280558122656,-1.0526533597747694,1.235449826589418
830,483.1398967061893,258.13982165692806,1.5046119646201588,-1.041457056501173,1.829887965044369,1.2557696982541795,-0.2672975270370077,1.2839024507389543
831,479.8060115654716,251.6139193831852,1.536514956735125,-1.0529960417698492,1.862707404895818,1.2537690995305686,-0.264348431967405,1.2813340893074368
832,110.19406027746743,251.61390884391554,-0.47099629309527435,-1.3001867525367752,1.382867708633626,-0.488762970605311,-0.21895485513403345,0.5355655608995912
833,106.8601032934917,258.1398216569198,-0.5068979944194009,-1.311438337246011,1.4059929193082705,-0.5525831565666246,-0.22099705527942737,0.5951368274298886
834,190.47712525313528,259.14962024855583,-0.476246318295929,-1.755147168194026,1.818612695905848,-0.44944725823120385,-0.3355181983332276,0.560870126985135
835,193.49823148888495,253.68249757203048,-0.5014922057400796,-1.7387986739422072,1.8096726944177581,-0.4521610609283968,-0.3339272846096337,0.5621005750100747
836,399.5228825361667,259.14962139110196,1.4650391574661035,-1.6019504807202998,2.1708489297021547,1.1779714872759621,-0.2762679633156553,1.2099342182076356
837,396.5017722301433,253.68249811752943,1.4948138645798912,-1.5996930448384812,2.189403189785947,1.183578670643137,-0.27977353841854136,1.2161955855867126
838,239.54585137369696,238.17796608674718,-0.26223560214118447,-1.8926376958234723,1.9107184404517406,-0.1655521385535179,-0.40046586771440285,0.43333638409888087
839,236.6887085165024,232.46368037235808,-0.2673870211262587,-1.7309247784502912,1.75145551120203,-0.1608053857486098,-0.3142681647375203,0.35301961907696916
840,242.85714285719456,232.71428571438912,-0.15110364005680477,-1.739603928516336,1.746154099198546,-0.05387994115639441,-0.3026948687773896,0.30745281205931035
841,353.31129148350044,232.46368037236107,1.5826852837277594,-1.8558245558944233,2.4390525803248178,1.2457409560569817,-0.4656144211264719,1.3299125229723578
842,350.45414862630594,238.17796608675022,1.5825051000398205,-1.9538111314216886,2.5142991725169344,1.2515867803679854,-0.48667035752798804,1.342876578725059
843,347.14285714280544,232.71428571438915,1.547148372690805,-1.8926590605281006,2.4445503485342495,1.2231614224080685,-0.48013868422926187,1.314023219490712
844,520.9029885454429,232.5559496092923,1.6315524455783892,-0.7701961369892049,1.8042077131267111,1.324032319358171,-0.22710514085264266,1.3433682770211137
845,517.6444978869231,237.30936543973715,1.6073600659896428,-0.8034975017642323,1.797001562904048,1.310213482363907,-0.23674044658740334,1.3314298360854615
846,514.7415093411805,231.75341583044485,1.629902140179409,-0.8052106540210857,1.8179508199922467,1.3125469445923343,-0.23481984664778488,1.3333866064042947
847,72.3555021128018,237.3093654397162,-0.4326350924717176,-1.1227521578769974,1.2032229765323907,-0.45465926434280995,-0.20221772576188735,0.49760130151061205
848,69.09701145424195,232.5559496092805,-0.4316507673645177,-1.088667808337067,1.1711191151526004,-0.4439044380387727,-0.19932558231544995,0.48660234059847246
849,75.2584906584998,231.7534158304357,-0.4431281369287743,-1.0942882622907313,1.1806055000402271,-0.4448613659839143,-0.1945733255549107,0.4855516594169681
850,230.6887085164901,232.46368037235808,-0.3449652343042079,-1.7259395830937305,1.7600762646454606,-0.23398945399622195,-0.3255844502159482,0.40094425897357766
851,233.9999999999877,227.0,-0.25117413740051425,-1.5859277525974858,1.605694642127763,-0.1419358170302759,-0.2391578961500478,0.2781047922042499
852,359.31129148352545,232.46368037236107,1.5967755218554882,-1.8096400908113444,2.413397879643669,1.2513480113108377,-0.43931741125689605,1.3262245787365914
853,356.00000000002495,227.0,1.549797032411969,-1.7446651566851334,2.3336082256077404,1.2150085702311613,-0.4258792294685194,1.287485512084649
854,120.48796782130111,251.8269092466059,-0.48154260068129784,-1.3308933594771826,1.4153304951746675,-0.48770076533723844,-0.21741723144207592,0.5339684344963336
855,125.59845411331729,247.7761936484449,-0.4981562490336025,-1.3273736705921586,1.4177730812201679,-0.48459960182998146,-0.21490490527216277,0.5301140371691867
856,464.4035662420301,247.77649003255135,1.5461894490900812,-1.1209129161393492,1.9097506586058581,1.2345738735043863,-0.25084413862989074,1.2597997583047063
857,469.5136185728734,251.82714196908216,1.534328470556873,-1.1072354526767405,1.8921242568144565,1.2440061375251779,-0.2580151883515692,1.270481447176781
858,211.80037434452822,242.98969802780624,-0.4913799186812944,-1.7823215473930367,1.8488170063001759,-0.4004734809970629,-0.36436750169105414,0.541426528044651
859,208.40340487194345,248.2822830113826,-0.49229176880134146,-1.8207222440556314,1.8861019791168576,-0.4182415372638554,-0.378577501953006,0.564133768248109
860,206.03901589707488,242.73971862862797,-0.5133125321601317,-1.731154739083747,1.8056540328437123,-0.42275317044524396,-0.3420568622943123,0.5438043215754502
861,381.5965951280522,248.28228301139842,1.528452202097523,-1.7157053679162961,2.2977839418869563,1.199423319242119,-0.33100466019721675,1.24425896975431
862,378.19962565547553,242.9896980278174,1.5589739186099034,-1.712142162146367,2.3155626664603908,1.2154487041428201,-0.3454698874126769,1.263592100130176
863,383.9609841029523,242.73971862865034,1.5590546103622336,-1.6516016994230347,2.271219815788158,1.2121998249955093,-0.3218088703431221,1.2541887277242847
864,215.33313204962343,237.61384118485626,-0.4771297374460704,-1.7290626654521757,1.793686284559242,-0.3715869889210183,-0.34108893266695683,0.504399197385635
865,374.6668679504005,237.61384118486814,1.5841902406748056,-1.7034571106857275,2.3262469444569005,1.2300017717640912,-0.3611436825238943,1.28192399071463
866,200.05073083614377,242.6857449916704,-0.529652680562953,-1.682469919219357,1.7638698906397579,-0.4405834403235848,-0.3212232257487704,0.5452505191632662
867,203.4477003087285,237.39316000809404,-0.5294636144319976,-1.6408524219608809,1.7241601983755117,-0.4240139369171092,-0.30756052283821367,0.5238141787967004
868,386.55229969132586,237.39316000812312,1.5831730320498663,-1.5837416730727905,2.239346899530613,1.2206667764288603,-0.3118929759232636,1.2598827753039148
869,389.9492691639025,242.68574499170415,1.5579817052517722,-1.5923902480415872,2.227782237104239,1.2086934989908806,-0.2996693398194752,1.2452877931348472
870,526.9029885454678,232.5559496092923,1.6346913552904963,-0.7306299063970223,1.7905406689553858,1.3349616672906544,-0.21594134008183508,1.3523140594890606
871,523.9999999997253,227.0,1.654558697361566,-0.7297532650267301,1.808342973783451,1.3363214808418338,-0.21316241703112626,1.3532159163244657
872,63.09701145425823,232.5559496092805,-0.42027166650149544,-1.0779796806352149,1.1570084120378485,-0.44087161476100145,-0.20266005938063003,0.48522044512791646
873,65.99999999995623,227.0,-0.4302287210687218,-1.0465213296806675,1.131505035741786,-0.4312704192697526,-0.19480448504923376,0.47322612135469166
874,363.4558178897851,285.8823723061312,1.2006262952096516,-2.1470857650102957,2.4599757687950303,1.0580946728846043,-0.4491639481153811,1.1494836184449844
875,361.8132018840879,292.00976870956185,1.122337125272089,-2.207134339391971,2.476102302993002,1.0210460036418652,-0.4821432754586854,1.1291576858982333
876,228.18679811583746,292.0097687095004,-0.08103844657994325,-2.531119596377246,2.5324165615058285,-0.19821430249578054,-0.7702838824626943,0.7953780040305933
877,226.54418211015448,285.8823723061068,-0.1690616691347078,-2.4510175454528995,2.4568412354257996,-0.2516923797214806,-0.7153509808026668,0.7583377082442884
878,263.05280170463504,309.07476397004905,0.47520311948028965,-3.927886208572282,3.9565272742970112,0.2868966701394644,-1.8512081049470668,1.8733075420653234
879,257.62523142422845,307.9392225511572,0.44803309542663755,-3.7625581974874347,3.7891394595709285,0.2568471991490457,-1.7314811539784083,1.7504277963666797
880,326.94719829539406,309.0747639700387,0.6393196557917882,-3.0847128340127385,3.1502671141674052,0.6182797206339334,-1.0175250471783137,1.1906414382938317
881,332.3747685758044,307.93922255114126,0.6975464906305222,-2.945568990846886,3.027036138936848,0.6794802531761275,-0.9266926817976486,1.1491095426257725
882,277.14285714288667,301.2857142857733,0.5297154142354604,-3.998084199141298,4.0330231444292455,0.39563186243928244,-1.824627085002101,1.8670266655568792
883,312.85714285711333,301.28571428577334,0.6629528559386295,-3.3350559342590564,3.4003094820668505,0.5832661616505546,-1.1651750671082755,1.3030089609581912
884,179.18723901378257,259.25566867413363,-0.4819174310276416,-1.6616185951364606,1.7300927044616847,-0.46257749327091396,-0.2950584057547043,0.5486687526069898
885,176.43330686658965,253.70994739715422,-0.5096717656098017,-1.603803081872619,1.6828397529426038,-0.47073987016046587,-0.27669038619537223,0.5460344267275064
886,410.8128025443466,259.25567477052607,1.4743989185618125,-1.5008731283410353,2.1039183250384146,1.1898798305659732,-0.25341225970367853,1.2165655693614847
887,413.56674921621845,253.70995562437213,1.5041203859534404,-1.4503109623065429,2.0894449078229504,1.1945689365450225,-0.2442612493124059,1.2192860624455457
888,349.72483791771845,276.7850437943298,1.24393725879183,-2.302970909223826,2.617451988583888,1.0491522695376478,-0.5218617765250568,1.1717765138770642
889,355.90063213082374,276.22343773176226,1.2740028123223686,-2.199134637556994,2.5415106373785323,1.0741925752048513,-0.47134958116283654,1.173055887964257
890,240.27516208226817,276.7850437943368,-0.1470957875879758,-2.6777259990838154,2.681763169427074,-0.18294407293479428,-0.8731944112120549,0.8921530214004426
891,234.0993678691586,276.2234377317779,-0.21245760847063017,-2.5241739108961103,2.533099320564755,-0.245058450377698,-0.7673760055961811,0.8055554469223511
892,236.07528954944237,243.62789787962126,-0.3182558217644956,-1.9933245018654084,2.018571112897431,-0.23126622010381181,-0.4587056185799263,0.5137070265023611
893,242.24372389013453,243.8785032216523,-0.24119533666633383,-2.05308115123088,2.0672003782819655,-0.15952611287063345,-0.4860034662856041,0.5115153467191736
894,353.9247104505568,243.62789787962538,1.5643748149261372,-1.97403567174217,2.518746790545994,1.238172496359383,-0.46642948259594763,1.323112842117236
895,347.7562761098618,243.87850322165346,1.5611361334597855,-2.048598394963116,2.5756361177462987,1.2429988938574175,-0.504784778908917,1.3415863457671622
896,232.58833436070796,249.05248528108166,-0.35093261361454176,-2.067476649039678,2.0970487342030633,-0.2778921291333329,-0.4997333554634418,0.5718019429811406
897,235.36301016379426,254.61969776743743,-0.3133921918378142,-2.2026377977125713,2.2248208767936792,-0.259479570847966,-0.5736651665125374,0.6296200210899443
898,229.17818245862227,254.34374803399277,-0.3690533438877514,-2.1202810510409544,2.1521598699999185,-0.31245998551196985,-0.5276897952066131,0.6132599469322432
899,354.63698983619275,254.61969776744138,1.4917140701272853,-2.062524781529301,2.545431071830114,1.1964004944183357,-0.46130395184262274,1.282254061810708
900,357.4116656392815,249.05248528108663,1.5331310805918226,-1.9833247268228635,2.506804316715534,1.2177137822665067,-0.4453855453812048,1.2966090928095155
901,360.8218175413616,254.3437480339994,1.4939377042005728,-1.9835936939889152,2.4832425992771365,1.1933374693508867,-0.42416219783183484,1.266478537451903
902,385.8049676537474,280.32988592629977,1.2999628612433314,-1.8367655717414983,2.2502469211503926,1.1282211150335648,-0.33992815195070336,1.1783183071208734
903,385.5789433955166,274.2212255971251,1.3491264649090087,-1.8160278447968619,2.2623216728386377,1.1391017858727466,-0.33230975905971305,1.1865844489731041
904,204.4210566043381,274.2212255970585,-0.35005792107743944,-2.0062770292576753,2.036587357870038,-0.3819060851709106,-0.4501114316591408,0.5902987030316197
905,204.19503234605128,280.32988592619256,-0.2908086197769255,-2.036144004740496,2.0568062770657876,-0.3537297265650273,-0.4641420803789136,0.5835688393276622
906,343.45427665487875,277.1730773371087,1.2120853130725042,-2.4212500329263738,2.7076932115939645,1.0220984083312927,-0.5860504292086735,1.1781936436295317
907,346.1632598197778,271.4642963675992,1.2959091528951554,-2.323038429757275,2.6600541495778964,1.0767409045354541,-0.541700109364984,1.2053256754860338
908,246.54572334511226,277.1730773371148,-0.06455770718842314,-2.8406373028925924,2.8413707931458587,-0.1037346862716309,-0.9868304284044529,0.9922676955140632
909,243.83674018021253,271.4642963676039,-0.13814367877276848,-2.6666574048995817,2.6702332091206276,-0.1520873997759859,-0.8645289316885214,0.8778045630418634
910,337.22224608404986,277.4276481437485,1.1800632758933873,-2.5526678422478186,2.812234422653696,0.9946542400541846,-0.6637561103366889,1.1957881213940278
911,252.77775391594457,277.42764814375516,0.04180746105871842,-3.0121179102164928,3.012408034919431,-0.000774902793223238,-1.1087444141542846,1.1087446849444946
912,229.8904618442704,243.3519481461766,-0.37860500515371676,-1.9370907031320792,1.9737431803778775,-0.2887058328192668,-0.43254931436588695,0.5200480432251094
913,360.10953815572566,243.3519481461834,1.5635604946739192,-1.906304721577868,2.4655058531698972,1.2314982442441247,-0.4333523822687011,1.3055199013398149
914,241.62512823434952,254.93268663473359,-0.240484403512481,-2.295099712516028,2.307664498735444,-0.1910820608109944,-0.6266894440640536,0.6551732696509291
915,238.2149763322638,260.22394938764467,-0.26394655022918345,-2.348314577117278,2.3631015920775367,-0.23125773810746417,-0.6591049609605582,0.6984980250490328
916,348.3748717656439,254.9326866347353,1.4853848247161128,-2.1522887528616694,2.6150936796206286,1.1970163109654552,-0.5069544854042733,1.2999426521923416
917,351.785023667724,260.2239493876481,1.438298662841753,-2.145595616242241,2.5830763813658892,1.1662035483501112,-0.48186402517602045,1.261833449763964
918,333.5177778498091,272.28330781250895,1.2466909803988757,-2.5919339863659494,2.8761710989241918,1.0401948166799109,-0.7017191701442753,1.2547569686579643
919,330.84732537692094,277.8586260458794,1.150664294294371,-2.7032992238516194,2.9380018740362863,0.9707182870594838,-0.7580740721141748,1.2316534787201576
920,256.4822221501882,272.28330781251077,0.07414402921677865,-2.9817766557874723,2.982698335746949,0.050497955826867294,-1.0792027165642066,1.0803835184702955
921,259.1526746230761,277.8586260458841,0.1735198167776364,-3.1996755330249553,3.2043771069356173,0.12652092094958625,-1.243782959007742,1.2502014207942598
922,361.3179928774755,265.05069350339204,1.3970833824990643,-2.0465695034879507,2.477960594977641,1.139777296463491,-0.4190154720553747,1.2143583702331915
923,358.5113325496479,270.63334465562514,1.3375404583157458,-2.120562275318418,2.507149545028202,1.1079697687437682,-0.44090584351023754,1.1924743063444148
924,355.2404814104452,265.49361167258724,1.3854625678908914,-2.1320319986588276,2.542649596450911,1.1331494087535767,-0.4572974351422996,1.2219445677878789
925,231.4886674503258,270.633344655612,-0.2726576567779358,-2.3957922271528,2.411257471421376,-0.2800542993126156,-0.6845339696247872,0.7396060884915356
926,228.6820071224959,265.0506935033734,-0.32726403302418705,-2.2711931584126313,2.2946503241521574,-0.31096691923111175,-0.6092999836029684,0.6840664403949857
927,234.7595185895385,265.4936116725871,-0.2746387942339103,-2.3801568157924913,2.3959492763958314,-0.2610431364468091,-0.6770350398159628,0.7256169542014503
928,348.9783633398963,265.8066005398812,1.3726815628744624,-2.2313441538552934,2.61976170786575,1.1259491760231102,-0.5077338752671741,1.2351336911771709
929,342.70780207705656,266.19463408266006,1.3561741937872756,-2.34439366079213,2.7083925270641425,1.1162342257461555,-0.5697046822429561,1.2532127798968007
930,241.02163666009375,265.80660053988333,-0.20648252319260677,-2.500613781752408,2.5091242133210674,-0.19635346300132475,-0.7538619351290561,0.779013799408674
931,247.29219792293785,266.19463408266137,-0.11933294671605471,-2.6318943508553896,2.634598304530778,-0.11407116243531197,-0.838636890579574,0.8463592997895869
932,222.52557804654128,264.77483997359116,-0.3658233800777129,-2.174722026655249,2.205276091248213,-0.3486930432627353,-0.5519435210557411,0.6528617685660856
933,225.79642918575394,259.6351069905663,-0.3732384191606499,-2.1555189101128884,2.187594269829713,-0.3355615381498151,-0.5446105449948813,0.6396891366946068
934,364.20357081421855,259.63510699057497,1.4491949673020532,-1.9779676208629624,2.452044445444635,1.1672105116985725,-0.40412758058117215,1.2351920822309521
935,367.47442195342126,264.7748399736128,1.404513912026086,-1.9691375900847776,2.4187108503828454,1.143984969448002,-0.3877713718217235,1.2079189737426295
936,362.69615211871314,237.85395473469453,1.5830636978829788,-1.8308308786767578,2.420337244656463,1.2390995669413747,-0.4218821742175718,1.308950841596753
937,227.303847881296,237.85395473468856,-0.3931071934334798,-1.818069563041791,1.860083385654556,-0.28998082877727555,-0.3759073939667481,0.4747580961892357
938,373.4094088821075,264.2466558598735,1.4118654427343826,-1.898739982140814,2.366131346347377,1.1478737193991804,-0.36304829829239926,1.2039178304935578
939,370.52383094536447,269.66224237269057,1.3664313698910826,-1.9609865240629396,2.390105193538324,1.1294209709777425,-0.37787098888982373,1.1909568480549075
940,219.47616905457514,269.662242372645,-0.34825670290458965,-2.1810946713518464,2.208722865485255,-0.3526763685042548,-0.5519501344113027,0.6550034898975761
941,216.59059111783318,264.2466558598379,-0.3946584615371406,-2.087306399395797,2.1242888942470866,-0.3766255991077062,-0.5023492424856504,0.6278547629262244
942,361.9781435978541,275.780519562567,1.2971416985096265,-2.1065576119542277,2.473896028230519,1.0937386346980142,-0.4299677149157124,1.1752176125726315
943,228.02185640211601,275.7805195625641,-0.2595584065733597,-2.3904419106745833,2.4044922737934624,-0.2904052224061924,-0.6783093336527268,0.7378609254603447
944,411.6485358576176,274.0821294637643,1.3856927585869558,-1.5530459690345066,2.08136882919262,1.1842982518512144,-0.27199715630288157,1.2151315987886648
945,407.2882955015853,278.864886504756,1.3448081314654334,-1.6088322181393644,2.096866714070968,1.1727783352715928,-0.2873260159021822,1.2074623236758277
946,405.48764509184065,274.3494571664334,1.375021507401155,-1.6122612947622503,2.118978675778544,1.172683204589673,-0.2833211587780131,1.2064231336218734
947,182.71170449807295,278.86488650471813,-0.3480222130190379,-1.7977936293582872,1.8311694062854784,-0.4156013513144039,-0.3504584389321972,0.5436410586344184
948,178.35146977025448,274.08212863820137,-0.38907844395797103,-1.7393012750182286,1.7822881250888678,-0.43559561164343397,-0.32498432756436757,0.5434688123944938
949,184.51236053609858,274.3494563407628,-0.37859115229673057,-1.7912344361651393,1.8308063977114595,-0.4225441986677607,-0.34469757173384763,0.5453072673154018
950,210.5437958135348,263.9230305871304,-0.41552292313899997,-2.0075592193557257,2.050110562597576,-0.3981977321191234,-0.45877315330218105,0.6074818845493581
951,213.59320480550093,259.0356281880766,-0.43353627590715377,-1.9965544568167868,2.043081839173952,-0.39565679915191665,-0.4575166487247415,0.6048684043454896
952,376.4067951944508,259.03562818809263,1.453701904059414,-1.8371444688985041,2.3427225669016662,1.1660531439601236,-0.3506587845822986,1.217637679173909
953,379.456204186394,263.9230305871704,1.4177913936022686,-1.830872834897578,2.3156484563375668,1.1519225855781223,-0.3404812994026305,1.2011882277178254
954,336.37492070692247,266.5690220982823,1.3364932117515103,-2.475231295095888,2.8130026785056454,1.1036444053404928,-0.6470293746833071,1.2793271611055717
955,339.1900242270409,260.9113262705642,1.4126631948735042,-2.363200003026312,2.7532401922923064,1.1551519866213085,-0.6004486671490901,1.3018889023554485
956,253.62507929307486,266.56902209828405,-0.017256145156418646,-2.7702006482545043,2.7702543937579693,-0.017443996095521427,-0.9276134962105143,0.9277775009945404
957,250.80997577295608,260.9113262705635,-0.09063127257830528,-2.5805981301106655,2.5821891365079797,-0.06840955503452553,-0.8012962307167624,0.8042111144350796
958,327.99018251980755,283.5729117601061,1.0452733262885099,-2.8200478192296066,3.0075348758396645,0.8929661353838091,-0.8223229868602207,1.213920760865803
959,324.28571428556677,278.4285714288666,1.1203883998463535,-2.869396009635655,3.080373942660743,0.9460137647367122,-0.8654351048374784,1.2821544227418102
960,262.00981748018955,283.5729117601108,0.2814274257377331,-3.4330134328977056,3.4445293766222194,0.2102630865743151,-1.42616969206449,1.4415861251202025
961,265.7142857144332,278.42857142886635,0.324214825675922,-3.392733709527307,3.40818973605505,0.2724718651045693,-1.3816684074848777,1.4082785610508173
962,410.1721326227241,237.34100459228222,1.5737487670820633,-1.3796438090372365,2.09286937521363,1.2039382184646286,-0.24586779207202691,1.2287872904038994
963,413.3424886251457,242.81675071067352,1.551630362615582,-1.3906757731435013,2.083635257956353,1.1994507259294687,-0.24008537446328115,1.2232428340128967
964,407.3882537634412,242.73418789407398,1.553095841307591,-1.4369143673970308,2.115851977695733,1.2006160047495469,-0.25071337564574203,1.2265137535260038
965,176.65756839576784,242.81674234580453,-0.5497639910679178,-1.518448539254067,1.614907555322513,-0.47282604503062114,-0.2559376135903335,0.5376509377929269
966,179.82790208428065,237.34099950079326,-0.563547273637587,-1.4858815890929853,1.589160038016893,-0.4675387845585281,-0.25055171829317113,0.530441965351655
967,182.6117685505982,242.73418462064637,-0.5494426661648731,-1.5559069371838263,1.6500707986565666,-0.4685078234878944,-0.2698627015352224,0.5406713034268164
968,223.02175338266767,254.06789450421053,-0.4112563513492427,-2.0443944977576507,2.08534904727886,-0.35351277040120765,-0.4867720398726676,0.6015964574684053
969,366.9782466173073,254.0678945042202,1.493917246128445,-1.911312148320286,2.4258818739989594,1.1893779792352723,-0.39321294106429283,1.252691659791112
970,385.93947335904204,264.68844823223264,1.4175609015815624,-1.7667845011989867,2.2651724842425764,1.1556909141398464,-0.32005824576899244,1.1991908812654133
971,382.94208704669876,269.8994759040135,1.3780395334965527,-1.8244991853385566,2.2864361423797632,1.1429104631754752,-0.3346828755431759,1.1909059383586211
972,207.05791295320643,269.8994759039613,-0.3818352619474702,-2.0118365235577995,2.0477510504911542,-0.392030546411926,-0.4559857516088677,0.6013409640048957
973,204.06052664087417,264.6884482321999,-0.42483984648765966,-1.9367291678429435,1.9827780422269354,-0.4135639759207881,-0.42022991673766574,0.5896001569714476
974,342.04716708419835,255.19704055624925,1.4752436456247047,-2.254598753730811,2.694356946338142,1.1947102400533725,-0.5620342072024556,1.32030867896643
975,335.71428571406426,255.57142857187148,1.45884845377396,-2.373494216763181,2.785985213185264,1.186745063624372,-0.6285346296052123,1.3429146013986801
976,247.95283291579864,255.19704055624862,-0.1536858524590445,-2.394966084696698,2.399892057592069,-0.109905170212045,-0.6835576084131383,0.6923367319872809
977,254.28571428593568,255.5714285718713,-0.04582958647579343,-2.5045205735817215,2.5049398504735914,-0.008597631821313637,-0.7448176812757181,0.7448673020168572
978,245.10086674732906,249.5927889360414,-0.20306027477426478,-2.224227482084436,2.233477415881134,-0.13957355291581758,-0.5829637121034688,0.599439293259126
979,344.8991332526672,249.5927889360426,1.523576575002543,-2.1509102478889477,2.6358490993169874,1.2228844490105941,-0.530751527493168,1.3330954802894934
980,413.0631837423392,232.21178370444088,1.5876218551029009,-1.322263166526178,2.066137225924796,1.203145993792105,-0.24189023304385526,1.2272209121507025
981,407.1089488806347,232.12922088784134,1.5918960631165917,-1.3652410349271875,2.097144763533305,1.2078746867664207,-0.2529229939545492,1.2340710270490964
982,176.93685096466368,232.2117786129757,-0.5730100438921988,-1.4166008735699098,1.5281029236934178,-0.46397822812606376,-0.23293615221947417,0.5191676484391297
983,182.89105111949408,232.12922088781755,-0.5718953041774024,-1.4476902411809303,1.5565575072417541,-0.45895950783249306,-0.24293923986264643,0.519291155417541
984,248.57142857158368,244.1428571431673,-0.13374243377014347,-2.1181028600011818,2.1223210794165777,-0.05935869454959623,-0.511363581007223,0.5147972091990817
985,341.42857142841626,244.14285714316742,1.5474853699028785,-2.1343627891384034,2.6363261341727267,1.2392621276322608,-0.5473075690784635,1.3547384235173279
986,404.86858387147265,268.54965512913554,1.4132184700281631,-1.5961150747350776,2.1318465647943112,1.1759723561210842,-0.2757329873648455,1.207865746961191
987,185.13142444004143,268.5496539098898,-0.42077724415701173,-1.7666717342459113,1.8160898947419495,-0.4371575199324754,-0.3344163919183365,0.550400781628434
988,329.99999999979343,267.00000000041314,1.312473940804071,-2.622766642918408,2.9328301533664143,1.086715267812683,-0.7381234758392119,1.313688067572417
989,260.00000000020646,267.0000000004129,0.1090521791649347,-2.9245550162942804,2.926587504434586,0.1030705141943497,-1.0295146364033094,1.0346612573518572
990,110.98213204013238,242.37378297394562,-0.48798850654363823,-1.253418717412463,1.34506180663886,-0.4742868802529018,-0.2090272387730121,0.5183053456497436
991,105.08514037982259,242.5083066948864,-0.4787232262257728,-1.2380916619387197,1.327421142927215,-0.47278710080688574,-0.20918757183710035,0.5169981459352464
992,108.14935845239533,237.18391529497126,-0.49132617429302067,-1.213321284465469,1.3090263362065528,-0.4657753966628519,-0.20335284059762282,0.508231342909466
993,484.9149314632337,242.50831723420887,1.5728655466767028,-1.0035470377082203,1.8657472188953002,1.2578804748881887,-0.2598464934542558,1.2844389784125239
994,479.0183708615858,242.37385674911218,1.5689149045693782,-1.0316502251014343,1.8777103516601756,1.2481124373833223,-0.25684484648833406,1.2742660363984255
995,481.851072606255,237.18397853080677,1.5823865193824824,-0.9965723329783465,1.8700544140696314,1.2464808914161454,-0.251555027545475,1.2716110036284654
996,198.28979756517253,264.83138201326295,-0.43265824873795344,-1.8736221786192364,1.9229282951828668,-0.42492752240435083,-0.38763390519068586,0.5751725338975094
997,201.77568042550092,258.8549366964321,-0.4639833620265296,-1.8635837322221218,1.9204751722530482,-0.43008243246294986,-0.3884663226336127,0.57954894748738
998,388.2243195744758,258.85493669641016,1.4581436848679101,-1.711529703050338,2.2484476712042345,1.168972996014516,-0.30818824010581225,1.2089159841571586
999,391.71020243478057,264.83138201325323,1.4221514024225774,-1.708428575670915,2.222890642740091,1.1617072051748347,-0.3032785218281482,1.2006421166848147
1000,216.90238171459805,253.94575793567248,-0.4421515868475072,-1.9756704742277598,2.024542380017546,-0.3848483249425113,-0.45112626842576686,0.5929781979759575
1001,373.09761828536983,253.94575793568063,1.4928236907219636,-1.8432927855351906,2.371971935918894,1.1857847243837052,-0.36568460901503075,1.2408910692934394
1002,455.04772123434554,243.01551568288562,1.553889920979644,-1.1466958451322635,1.9311875226827975,1.2173441456057021,-0.23854042521159236,1.2404951847147994
1003,451.72329470858426,247.9589421495756,1.5409644689767914,-1.1831037304839205,1.9427573012947073,1.2216641673189537,-0.2385334798690537,1.2447335292059714
1004,448.67467158602113,242.27674910065934,1.5537828191907004,-1.1734063613123236,1.9470807733580104,1.210782905731035,-0.2322906223121447,1.2328642171888404
1005,461.0450873970734,242.90285115172168,1.5566338226105447,-1.1180307512368384,1.9165337509176106,1.223636744026224,-0.24375219564469552,1.2476786502191615
1006,457.99646427451023,237.2206581028054,1.5653083789907178,-1.1049911332038527,1.9160364625438846,1.2108377133069188,-0.2364433212498539,1.2337071824910437
1007,111.02317505625287,232.02469578701525,-0.5004288312567847,-1.1838343108158926,1.2852597755387707,-0.4573704634898558,-0.19685009624719674,0.4979334305561901
1008,105.12618339594307,232.159219507956,-0.49181788124183007,-1.1704302275059202,1.2695636044597225,-0.4563203501551648,-0.19721982376545055,0.49711560109476305
1009,478.9772560024362,232.02475902285502,1.5861711378859178,-0.983243942791784,1.866201363652658,1.2326269841131325,-0.24253686060941415,1.2562616808285234
1010,484.873816604084,232.15921950795172,1.592419210290591,-0.9578702483879011,1.858309542043308,1.244537204116585,-0.24506311510915524,1.2684355651026697
1011,134.9566726847766,243.01487109946873,-0.5185893006051815,-1.3281336297303248,1.42578883468865,-0.47934745624275055,-0.21044507045190852,0.5235084636220358
1012,128.95887546345904,242.9022698041506,-0.5117921809945672,-1.308412746688027,1.4049466723768853,-0.478742852210707,-0.2095880116331783,0.5226106133281184
1013,132.00913948732455,237.2198360367812,-0.524247758761002,-1.278063991459277,1.3814062685650275,-0.47083600960762156,-0.20266559961468378,0.5126011053542585
1014,454.99954905611605,232.1666613169847,1.5707244852613071,-1.0904816282836165,1.912152083445113,1.1995181347841557,-0.23070459546934274,1.2215025034958924
1015,460.99691521884387,232.05399678582071,1.572627839742955,-1.0630523369050846,1.898219848524916,1.2050604228819666,-0.2339437550807384,1.2275586761282495
1016,135.00346835421044,232.16621866604967,-0.5334041318731907,-1.2471243803818972,1.356406719255815,-0.46288109148145484,-0.19615103224613195,0.502726697423447
1017,129.00567113289287,232.0536173707315,-0.525311675227768,-1.2295379513968614,1.3370549465357788,-0.46119998362532105,-0.19575544369768116,0.5010245688918583
1018,430.9853037479569,232.17431292182982,1.5769275675284988,-1.2086753143316527,1.9868559506683083,1.1946052219508214,-0.22478986612751106,1.2155706973375902
1019,424.98530374793194,232.17431292182982,1.5801232975420063,-1.2437351101255483,2.0108870330264783,1.1963878806335426,-0.22797508374326636,1.217914857342076
1020,428.0000000003247,227.0,1.586324509099609,-1.1897604864195572,1.9829158991786355,1.190297463913791,-0.22645458531856022,1.2116475278773955
1021,165.0147820648201,232.17430033320352,-0.5678726245575331,-1.3576456178909662,1.4716252721057776,-0.4677692706473344,-0.2154844186092657,0.5150161407425135
1022,159.01478206480783,232.17430033320352,-0.5626199745050585,-1.331338343804361,1.4453383760890774,-0.4677653361845497,-0.20874831976883446,0.5122306811800289
1023,161.9999999998402,227.0,-0.5712998068509634,-1.2930869634965074,1.4136680531413894,-0.4602549107629915,-0.20268679333117534,0.5029080622462956
1024,442.68114985070144,242.30319508050212,1.5527928966883677,-1.203288779020153,1.9644514923310432,1.2068018921452326,-0.22801646503894202,1.2281540274795213
1025,446.0055763764627,237.35976861381215,1.5629628327358986,-1.1613152736704986,1.9471789803133686,1.2019060220212006,-0.22798088843789943,1.2233369818916455
1026,147.3219394026286,242.30274189023623,-0.5331085193014549,-1.3673015681542673,1.4675552022424603,-0.4789517104801467,-0.21420316551162344,0.5246691691790725
1027,141.33143507742267,242.27585325946717,-0.5270584405479195,-1.344735390095338,1.4443350958581826,-0.4788176035531769,-0.2111765766587319,0.5233181097589769
1028,143.99744103384802,237.35932596286844,-0.5386850675020914,-1.317650512717651,1.423511319103161,-0.47290662972277286,-0.20567265533517576,0.5156955706503342
1029,508.74150934122883,231.75341583044485,1.6233778258273819,-0.8392400060772831,1.8274789610796167,1.2990144520605205,-0.24073855422885548,1.3211334520608786
1030,511.9999999997486,227.0,1.6373567655773098,-0.7986194634850691,1.8217382427887299,1.3046967794263193,-0.2285408385007036,1.3245620412453372
1031,81.25849065847657,231.7534158304357,-0.45434586077022626,-1.1073935980727356,1.1969756648535164,-0.4481515115907101,-0.1936514318203748,0.48820144857130404
1032,77.99999999991672,227.0,-0.4517773511861549,-1.0672008320044226,1.158887566106268,-0.43735953517167153,-0.18875400297807599,0.47635221910454884
1033,199.3234988871447,253.51508704484974,-0.4944463317547827,-1.7907412651685835,1.8577490287343281,-0.44166673143000845,-0.3585658874375546,0.5688927818894772
1034,205.09422796284633,253.3721532637867,-0.4835014696899806,-1.8454834896766048,1.907769111255686,-0.42778280315116424,-0.38543580112766085,0.5758114999396847
1035,384.90577203713315,253.37215326381045,1.4945907655529256,-1.7137147044220853,2.2738996557958653,1.1829687649810765,-0.3178161692058572,1.2249172283585283
1036,390.6765011128716,253.51508704483103,1.4940448573801781,-1.6557237347238232,2.2301549546145805,1.1823606015831056,-0.2976054341657943,1.2192397576444818
1037,138.28117105355716,247.95828702683656,-0.5114342614136608,-1.3710454184275003,1.4633285834489724,-0.4848075237464409,-0.217331682981315,0.531292194097228
1038,472.9772560025478,232.02475902285502,1.5803958167172423,-1.0100613025509608,1.8755998433589993,1.2217896873657217,-0.24019883844229462,1.2451769039547174
1039,469.9741712209226,237.07875580867574,1.572448651283702,-1.0499827103490562,1.8907824975273817,1.2261846874235531,-0.2445695669454082,1.2503372188125335
1040,466.99691521886325,232.05399678582071,1.5760736266348505,-1.0361636415065958,1.8861715639236372,1.212849105820628,-0.23681809730970793,1.2357531164044409
1041,120.02884618935605,237.07831315774678,-0.5084072807899044,-1.243904149788894,1.34379146336856,-0.4682538900185546,-0.20288896194230222,0.5103191515076949
1042,117.02317505623103,232.02469578701525,-0.5088323534479559,-1.1986111671767907,1.3021440373462123,-0.4585709268811325,-0.1964572922144654,0.49888151162862393
1043,123.00567113288196,232.0536173707315,-0.5170482129435823,-1.2138817707915956,1.3194119174724366,-0.45982831450237593,-0.19605083677015256,0.4998779945310385
1044,422.0484874899964,237.38609662627073,1.568418178329425,-1.2961269424669342,2.0346696619114555,1.1992934414163332,-0.22993625543745577,1.2211369457144563
1045,419.0631837423642,232.21178370444088,1.583694637988676,-1.2814382499030732,2.0371972645545973,1.1992973605952748,-0.2336112706004645,1.2218381172980142
1046,170.9368509646514,232.2117786129757,-0.5714725861016848,-1.3861678403582742,1.4993472574121278,-0.46673226921056976,-0.22363643589077142,0.5175444585544076
1047,167.95163302961902,237.38607894617923,-0.5604873817876694,-1.4207009803459916,1.52726467277262,-0.47295140753636755,-0.22911428228986064,0.5255248692876763
1048,430.8450051710983,252.89411976060086,1.5169413753390972,-1.321482530041596,2.0118218642366945,1.208711114803155,-0.231362309353079,1.2306547351868744
1049,425.0178772867535,252.99797944896918,1.5135380053096792,-1.3611907966859416,2.0355927093844954,1.2037359853379266,-0.2331411512242363,1.2261056719514967
1050,427.8382177679208,247.62054313311475,1.5347889843426221,-1.3160938466196366,2.021801236415076,1.2031879887930763,-0.22866507274939973,1.2247240717285734
1051,164.98232532638292,252.99794972580233,-0.5118749683871849,-1.526091322227,1.6096492496932164,-0.4787388379774276,-0.2504468192455709,0.540291110659986
1052,159.15561220286088,252.8940291924587,-0.5106405012053409,-1.493207320066636,1.5781070376155817,-0.48186656836953445,-0.24106536536827305,0.5388022829316614
1053,162.16239722246593,247.6204529146649,-0.5299969844618186,-1.4734156263144949,1.5658385649249913,-0.4799656099196093,-0.23729406922621377,0.5354208270094073
1054,99.1261833959663,232.159219507956,-0.48317560119177155,-1.1552030017780648,1.2521791552745483,-0.4551302117346483,-0.1966188033625873,0.4957846946703393
1055,101.99999999982383,227.0,-0.49036143036123864,-1.122387517823683,1.2248298137097775,-0.4459396125638016,-0.18971966881181512,0.48461911929639995
1056,490.87381660396693,232.15921950795172,1.6000832209552034,-0.9299299298587013,1.8506852753586676,1.257915118489527,-0.24583399791256355,1.2817116679870693
1057,488.0000000001482,227.0,1.599609695295751,-0.9133853122891264,1.8420162610546278,1.2419102511529034,-0.23568886121644228,1.2640768612786846
1058,416.0000000002748,227.0,1.5960432455344793,-1.2626978888944818,2.0351314454439584,1.1985710501130706,-0.23851020960885272,1.2220718809696947
1059,173.99999999986477,227.0,-0.5788473376895106,-1.3450497810595512,1.4643166166777528,-0.45783936306469614,-0.21621080405467552,0.5063240011706496
1060,448.99954905609104,232.1666613169847,1.5703507804944628,-1.1183006130052766,1.9278479802223893,1.19562604483853,-0.2280556777034809,1.2171815933660106
1061,443.0060273207714,232.19310729682746,1.571913998528663,-1.1463497467389614,1.945515705569824,1.1942099122999874,-0.2251643157394001,1.2152515310494103
1062,141.00346835422272,232.16621866604967,-0.5413890393800612,-1.2652916465924098,1.3762503561842943,-0.46437062768609483,-0.197354806882869,0.5045681318289456
1063,146.99397267942862,232.19310729681877,-0.5490277523651517,-1.2854018018874263,1.3977443490004073,-0.46584133295671404,-0.19975793032270062,0.5068642601502863
1064,439.5077953562627,247.36842950604787,1.5389270824975092,-1.2444253005868253,1.979113663735589,1.210773168572628,-0.22913441534691037,1.2322638702939284
1065,436.83870014670435,242.4514490192007,1.5518569629292833,-1.2353808025963577,1.9835386965763284,1.2038294561351397,-0.22582974088151242,1.2248283272872316
1066,153.16181472899893,242.4513734874794,-0.5381254370962368,-1.3924471928898445,1.4928121687060378,-0.4788805336720721,-0.21887994908550512,0.5265310984564178
1067,150.49580877257358,247.36790078407813,-0.5234907909323915,-1.415697503019957,1.5093846521837837,-0.4828618949594506,-0.22345979417899198,0.5320619223533563
1068,464.0000000004691,227.0,1.5769418109998885,-1.0181077057311956,1.8770425609849253,1.1990656987535047,-0.2297500741778492,1.2208782275525916
1069,125.99999999976785,227.0,-0.5231379416394591,-1.1790398807892322,1.2898869510442599,-0.4500684707145936,-0.18867506041190663,0.48801629763032467
1070,419.0687286840023,242.5739851151824,1.551747811792791,-1.3476127943340326,2.0552327154987813,1.1992809333374703,-0.23286990397805285,1.2216804611867793
1071,424.99084868957004,242.53651433257136,1.5514820701821315,-1.3073866488877124,2.028880593772456,1.1999896035108124,-0.22807368102916104,1.2214715111341026
1072,170.9314061377191,242.57396533697997,-0.5491219445898795,-1.4822671688004787,1.5807121400602822,-0.4754245957112667,-0.24370854056760516,0.5342493789915094
1073,165.00933723788785,242.5364870572078,-0.5464734634953027,-1.4495948045196319,1.5491798938776806,-0.4772263587897503,-0.23349711203900392,0.5312870211611409
1074,416.28484982471934,247.96716841697418,1.5304848058731881,-1.3984421043550646,2.073167639203765,1.1975786352526385,-0.23736312516917746,1.2208750307888399
1075,173.71527260403667,247.9671504568331,-0.5326532622988575,-1.5428489307910729,1.6322078057284166,-0.4749610785027887,-0.25935439543927696,0.5411586907056053
1076,437.0060273207464,232.19310729682746,1.5741621711670304,-1.176308017830974,1.9651175776392449,1.1939040529838165,-0.22394390212170612,1.2147253842036396
1077,440.0000000003747,227.0,1.5787225672314902,-1.1274331760428429,1.9399666261892339,1.1867292769471742,-0.223739080578651,1.2076363496275455
1078,152.99397267944093,232.19310729681877,-0.5561875871383011,-1.3073195004773583,1.4207142247528513,-0.4670356695710393,-0.20350265118516786,0.5094464110100896
1079,149.9999999998156,227.0,-0.5571582446298423,-1.2482372237739983,1.3669387244401359,-0.457736730933751,-0.1934984906502506,0.4969553105962771
1080,476.0000000003769,227.0,1.5855056986651375,-0.9661239863784078,1.8566701046646201,1.2170702307072272,-0.23360829642021874,1.239287207482632
1081,113.99999999977877,227.0,-0.50663066451433,-1.1504009768904886,1.257019107991928,-0.4476855744904664,-0.18952331049273752,0.48614962596610684
1082,452.0000000004246,227.0,1.57463284334335,-1.0718069880212864,1.904793639979624,1.1888102810125238,-0.22642018040076983,1.2101801445792246
1083,137.99999999979104,227.0,-0.5403349724146117,-1.2107343403752533,1.3258354065939704,-0.4536928817464224,-0.18921450425851227,0.4915682654211598
1084,419.29298927507506,253.46719002888102,1.5084610344454754,-1.404777291270049,2.0612748313867146,1.19911025308821,-0.23751669191164093,1.222407288099151
1085,170.70714460854091,253.46717038832966,-0.5108159801251462,-1.5639483962693912,1.6452560748238598,-0.47504921001521605,-0.2624748537905801,0.5427382433627349
1086,401.1089488806098,232.12922088784134,1.5956863755914596,-1.412254759625377,2.1308867908297566,1.213164555236922,-0.2668730969613764,1.242171279640998
1087,404.0000000002248,227.0,1.6061174673856708,-1.3469139819575702,2.0961370646582633,1.2103564044280177,-0.2607084223801097,1.2381161121800512
1088,188.89105111950636,232.12922088781755,-0.5666992045930883,-1.4810609165586246,1.5857772312162612,-0.45074019789976144,-0.25355163994360663,0.5171606714753244
1089,185.99999999988938,227.0,-0.5736882997126427,-1.4016487198023895,1.5145089629813553,-0.44506279142344773,-0.23135052214917962,0.5016013879649153
1090,433.9913310683536,237.36742021865732,1.5647994439834239,-1.2235918642781674,1.986397329392726,1.1986051965861755,-0.22441221577754766,1.2194323514953886
1091,156.00875474442086,237.36740763002229,-0.5513476097617006,-1.3644108575534692,1.4715981703575653,-0.4739308352812265,-0.21403000000561923,0.5200185357588385
1092,430.81797657391485,242.43265464420307,1.5517106507897789,-1.2703051735690591,2.005363103722305,1.2014529521015138,-0.2258211955654026,1.2224910668303595
1093,159.1826241143658,242.43256652386418,-0.5429379139953634,-1.419654439092549,1.519934309399198,-0.47823614675398746,-0.22525885256727363,0.5286315945174164
1094,383.2820073152628,232.22356682253465,1.602929563011541,-1.5690862065696374,2.243081520503315,1.2304961226047022,-0.32398706216425266,1.2724340156546545
1095,377.28200731523776,232.22356682253465,1.6034686609178608,-1.6267245544190478,2.284150722368287,1.2363489977772855,-0.34873416948106506,1.2845911276622404
1096,380.0000000001249,227.0,1.616864263858588,-1.54744694302313,2.2380442554191378,1.2371229596426925,-0.33582176076684966,1.2818929254347424
1097,212.71799268480524,232.2235668225258,-0.4881822390858183,-1.622748977623089,1.6945902581260237,-0.3689679944340834,-0.2969865429225449,0.4736437348828699
1098,206.71799268479293,232.2235668225258,-0.5184951460764191,-1.5869270938654214,1.6694833984646147,-0.39871156547675224,-0.2864605746606441,0.4909486462755845
1099,209.99999999993852,227.0,-0.4946970016887582,-1.5173851253465156,1.5959895808252347,-0.3618381573733554,-0.2557345872515968,0.4430880626332532
1100,162.23601204461863,275.3457781856273,-0.3921136744045129,-1.6286248183709449,1.675163255527294,-0.4563198933110699,-0.2885674682645041,0.539906500027562
1101,167.8610120446467,277.2207781856366,-0.3979552944966635,-1.6953485199079297,1.741429016748008,-0.4665302528166145,-0.3252814138542133,0.5687340986718927
1102,163.12499999959692,281.3749999998656,-0.4370158672139289,-1.6205513330910508,1.6784425791131268,-0.5290295873110286,-0.26949182956545803,0.5937155467503062
1103,422.13898795501717,277.22077818575207,1.3768485979121348,-1.4655652723453658,2.010868874162947,1.2011868707674174,-0.2617999134725604,1.2293856568214308
1104,427.76398795501717,275.34577818575207,1.3961609747703005,-1.4139009683962036,1.9870534506910673,1.2108947466514415,-0.25431712745669555,1.2373129308246495
1105,426.875,281.375,1.35123607903118,-1.4303567838203506,1.9676787009815535,1.2074514143385207,-0.2626254573320861,1.2356824223185265
1106,150.68629763163034,271.8161071035318,-0.42352817870796416,-1.5484563981207125,1.6053327801551476,-0.4802237466481861,-0.26605014176399333,0.5489968349430279
1107,156.31129763165842,273.6911071035412,-0.42046919126704313,-1.5876873083798317,1.6424205703762835,-0.4801917327065961,-0.27715390400898454,0.5544351960934519
1108,151.87499999954082,277.624999999847,-0.39932717511729116,-1.555145241397035,1.6055961243809098,-0.48066632232120965,-0.2605698071810545,0.5467510748303738
1109,433.68870236790417,273.6911071037125,1.4124296209233254,-1.36365580281401,1.9632917721545953,1.219496269542336,-0.24947526492256422,1.2447526096521577
1110,439.31370236790417,271.8161071037125,1.4282677058658282,-1.3187820674650308,1.943999686493436,1.2264176020390127,-0.24695142848700646,1.2510336296930211
1111,438.125,277.625,1.3896686523143973,-1.3341364657017112,1.92642131226281,1.2257999272047577,-0.25245151781930764,1.2515259607313232
1112,139.36642697918484,268.1970061823622,-0.4470183102103591,-1.4801747684257758,1.5462026758312197,-0.4977039162437818,-0.2511514924942211,0.5574820718430972
1113,144.99142697921036,270.0720061823707,-0.4467098197758655,-1.5099581898332861,1.5746502462860763,-0.49912878317615655,-0.2544082274890429,0.5602259262199736
1114,140.6249999994872,273.8749999998291,-0.4236276763082194,-1.4871533305220626,1.5463134988148957,-0.49637576742901535,-0.2456486291893516,0.5538340469069697
1115,445.008573020307,270.0720061825323,1.4417646202093104,-1.2764297937875138,1.9256059406212196,1.2322818240587972,-0.24644663968316194,1.2566839062058521
1116,450.633573020307,268.1970061825323,1.454422034858357,-1.2373887769833398,1.9095744135502677,1.2369067147844826,-0.2478658576103655,1.2614974056445234
1117,449.375,273.875,1.4215936870762664,-1.2502137254406984,1.8931357506569368,1.2391357529903277,-0.250915262940966,1.2642847319791697
1118,456.18870236790417,266.19110710371257,1.4662764135522675,-1.2015072349149523,1.8956756464365612,1.2404383537551722,-0.2510885832879385,1.2655958225770128
1119,461.81370236790417,264.31610710371257,1.476221939964281,-1.1672810727350005,1.8819607644149436,1.2434485885714475,-0.25543668095235483,1.2694141524326408
1120,460.625,270.125,1.4471488195417865,-1.1774944772866893,1.8656722514798358,1.2480121080544024,-0.25683135990380823,1.274165047896242
1121,128.18629763158464,264.3161071035654,-0.462814655616426,-1.4286160403357593,1.50171275421033,-0.5083805787506517,-0.25006716233643034,0.5665548504159523
1122,133.81129763156187,266.1911071035578,-0.4679340228447053,-1.4486484171417273,1.5223483458863354,-0.514026639628789,-0.244872198888469,0.5693731465713314
1123,129.3749999994844,270.1249999998281,-0.44792537141373245,-1.4300654902891636,1.4985741372625234,-0.5144635079782115,-0.23860917879577515,0.5671040832570697
1124,467.2832245092977,262.52450630243175,1.4851135738105683,-1.1348274934422664,1.8690628044527706,1.2463390198354216,-0.25958614479922837,1.2730851970453687
1125,472.9082245092977,260.64950630243175,1.4938348170800726,-1.10174780155915,1.856176359875611,1.2493106656761892,-0.2632695262769975,1.2767489897542108
1126,471.875,266.375,1.4674475872369932,-1.1100577547056019,1.8400083260870628,1.25390629941218,-0.26434155681100113,1.2814669197302018
1127,117.09271803821821,260.64936803150636,-0.4743291487984023,-1.3854281330689673,1.4643767456835626,-0.5175066266844296,-0.2543874395256438,0.5766507418279375
1128,122.71771803819297,262.52436803149794,-0.4907891714319605,-1.406359914592407,1.4895375860203168,-0.5334705149856842,-0.25086418717799397,0.5895113491422932
1129,118.12499999953242,266.37499999984414,-0.45896977643603426,-1.3604751572184524,1.435808451392565,-0.5216899723738667,-0.21673486414081777,0.5649198426410463
1130,210.85558641029968,253.622132662965,-0.46650523088877993,-1.906819303210971,1.9630555227870063,-0.4096505182710205,-0.41582250586680347,0.583713888394874
1131,379.1444135896563,253.62213266297752,1.4938025900149214,-1.7760978003172438,2.320769177283049,1.1841061644860893,-0.34037141642509816,1.2320552381663679
1132,502.5559432021665,251.65833808283864,1.5315047313384933,-0.9180190858596357,1.7855715567052337,1.2713709679423832,-0.2594722190881156,1.2975785026753732
1133,508.1809432021665,249.78333808283864,1.5402531886355895,-0.8810026939848674,1.774414165833528,1.2783436231022165,-0.25441689413919955,1.3034148897222013
1134,505.625,255.125,1.5174147513446914,-0.9010420579944054,1.7647731632913237,1.2764935580872827,-0.26036382161221827,1.3027759298677766
1135,81.81905679755681,249.78333808276676,-0.4622135911615735,-1.2478774759400169,1.3307289727111624,-0.5133673275113619,-0.25308272174167523,0.572360792682668
1136,87.44405679753156,251.65833808275835,-0.49241025545238903,-1.2400427813598678,1.3342315988153646,-0.5391617574449753,-0.22531658792240816,0.5843483254738997
1137,84.37499999968398,255.12499999989467,-0.42299914711306696,-1.2037847980059238,1.2759412676015087,-0.4869508169337422,-0.1930418513160439,0.5238189138165636
1138,184.43629763179908,283.06610710358666,-0.30018015817578547,-1.8364025696553388,1.860774711027418,-0.38918439851538367,-0.3726139773950725,0.5388002154769025
1139,190.06129763182713,284.941107103596,-0.2789949591588718,-1.9004210073400967,1.9207910329798004,-0.3744692404090988,-0.40286424227533457,0.5500243719296872
1140,185.62499999970913,288.874999999903,-0.24062583414770314,-1.8516086919531212,1.867178497138296,-0.3604758796955429,-0.3766935185180529,0.5213836080428557
1141,399.93870236790417,284.9411071037125,1.2840182022895985,-1.699743406009117,2.13021839023197,1.1510873816430498,-0.3134708707621723,1.1930071864805538
1142,405.56370236790417,283.0661071037125,1.308705941657903,-1.6367870848313815,2.0956581789026356,1.1651857418993714,-0.29785891698174605,1.2026544589162456
1143,404.375,288.875,1.2553144011437507,-1.6601433213235646,2.0813193154953735,1.1547868955121003,-0.31025854643221606,1.1957395785373612
1144,149.427724611328,266.13811328606494,-0.4535927586749684,-1.5128718481611754,1.5794073634376213,-0.48567335294923425,-0.24935768383154944,0.5459467558753202
1145,440.5722753882111,266.1381132862448,1.4627964831257279,-1.3005967085591867,1.9573771607332062,1.2271522715335317,-0.24296211212380348,1.2509729355415993
1146,138.17772461128504,262.38811328609944,-0.46733980676348963,-1.4443749511856199,1.5180993032730756,-0.4941850036904993,-0.23491362948050054,0.5471775134161497
1147,451.8222753882112,262.38811328624485,1.4860193500472063,-1.2227842367260138,1.9244362286914944,1.235868811069476,-0.2464468950943045,1.2602014879676595
1148,264.37500000002524,315.1250000000084,0.5144508534660597,-3.936900783603751,3.9703711993429263,0.29470572120365246,-1.8520306962423594,1.8753317471674509
1149,325.625,315.125,0.4986128298638472,-3.1629220480007105,3.2019822978639096,0.5112738009321308,-1.0872001294901645,1.2014179210761835
1150,61.22201145417711,241.93094960924887,-0.40847071126981477,-1.1390138605784128,1.2100416920730495,-0.46353810347345176,-0.22725586014188437,0.5162487765996082
1151,66.84701145415187,243.80594960924046,-0.48829803678324774,-1.2268513872581084,1.3204542018349288,-0.5391856366296283,-0.292423052297899,0.6133778543955735
1152,61.87499999978502,247.62499999992835,-0.6389177850900669,-1.0524198723668563,1.2311797284950183,-0.7096364404198275,-0.12526113370362946,0.7206068478639666
1153,523.1529885455927,243.8059496092923,1.568349346777119,-0.773462122487736,1.7487033277430022,1.3011053318560728,-0.22936458051279496,1.3211673608510435
1154,528.7779885455927,241.9309496092923,1.5765612752414508,-0.7300642638125249,1.7373943950315582,1.3100148782853895,-0.2159365149385699,1.327692569766397
1155,528.125,247.625,1.549713783459796,-0.7350925973444552,1.7152183351736574,1.3042420723021255,-0.218063423254642,1.3223460363023274
1156,195.6862976318547,286.81610710360565,-0.2377579799645289,-1.9670423818678877,1.9813592781475313,-0.34130568188589006,-0.43456650463038793,0.5525736289710769
1157,201.31129763188272,288.691107103615,-0.2075503909347038,-2.0411210868340204,2.0516462794291908,-0.31856937702471827,-0.4723601715763568,0.5697460659535635
1158,196.87499999976524,292.6249999999218,-0.17356236449582502,-1.9959029038500202,2.003435123972405,-0.31020561030057076,-0.4525328900499419,0.5486470060420474
1159,388.68870236790417,288.6911071037125,1.231759478728789,-1.8306630685714103,2.2064810636099987,1.1205078162243205,-0.3472961519685702,1.173095214972754
1160,394.31370236790417,286.8161071037125,1.2585021971762291,-1.7642110347232296,2.1670875283053532,1.1363327959193685,-0.329801494266736,1.1832249358015157
1161,393.125,292.625,1.2009491954029385,-1.7891658179947654,2.1548534275490394,1.1231917989099183,-0.3434895456720777,1.174540286718386
1162,206.829525064832,290.8864248048612,-0.15800432504377615,-2.1229033640631405,2.128775248795217,-0.279749715057613,-0.5167198713101893,0.5875877198186108
1163,212.4545250648601,292.76142480487056,-0.1188815889217394,-2.2122161827107547,2.2154081500328333,-0.2490290817654669,-0.566681570197503,0.6189858524768228
1164,208.12499999982134,296.3749999999404,-0.08140248241422607,-2.161073167488325,2.1626057429363357,-0.23682596708402548,-0.5437939684412623,0.593125972115857
1165,377.5454749349827,292.76142480494815,1.1654733167096747,-1.9764101804364766,2.294455328241366,1.0789060307137732,-0.39311198261402613,1.148292320789998
1166,383.1704749349827,290.88642480494815,1.1995420106036543,-1.9005026939253271,2.2474010600737206,1.1018508312121484,-0.3680260048874433,1.1616877353731143
1167,381.875,296.375,1.1351473818472202,-1.9319854953645204,2.2407872573748473,1.0806943371556508,-0.3871374409772681,1.1479440964466514
1168,218.10290369960478,294.32206598671667,-0.07260983286842314,-2.318625444596897,2.3197620869738644,-0.2099191446647174,-0.6316564566032654,0.6656244635418379
1169,223.72790369963283,296.19706598672605,-0.022321967609403474,-2.4380421155395195,2.438144299950758,-0.16854030545724807,-0.7075095314080033,0.7273070682983872
1170,219.37499999987747,300.1249999999592,0.037936109832659916,-2.368117430424876,2.3684212701103986,-0.13782873787477895,-0.6698922880498197,0.6839242930125945
1171,366.27209630027016,296.1970659867791,1.0836047095956336,-2.1541429182324596,2.4113338381130256,1.0164992562412951,-0.4658863813457972,1.118177471720204
1172,371.89709630027016,294.3220659867791,1.1295999467742919,-2.0607704538383627,2.3500576382645715,1.0516237887954771,-0.4255200533802348,1.1344513691601206
1173,370.625,300.125,1.0431287085765666,-2.10458445949847,2.3489132061059816,1.0118367584762324,-0.45660903998042524,1.110092537221801
1174,229.45889441611016,297.81270272274287,0.030646127310889074,-2.598870315911648,2.599051000662716,-0.12279050390054118,-0.8211112019605682,0.8302415996764303
1175,230.62499999993358,303.87499999997783,0.19580949124719413,-2.671135260214702,2.678302622039703,-0.0006133048440447597,-0.8821381099144032,0.882138323113891
1176,360.54110558381774,297.8127027227828,1.035961921177258,-2.2606233048082793,2.4866915426669993,0.9772080911666876,-0.5173850079359994,1.105722795224271
1177,359.375,303.875,0.923514996454859,-2.314795790712681,2.49221979395441,0.9135405742380246,-0.5594703676551773,1.071243890560576
1178,253.12500000003416,311.37500000001137,0.5214730518612395,-3.5718003456206326,3.609666446195984,0.2998561787853368,-1.5813785167779446,1.6095563802745636
1179,336.875,311.375,0.6459763804713853,-2.853016298922655,2.9252328943257213,0.6606143279839699,-0.8776013371497449,1.098451363194899
1180,205.64082269692148,285.0775319085451,-0.23658990239062686,-2.077505304641499,2.090933540963647,-0.3246439891100109,-0.48679060929366624,0.5851143622931843
1181,384.35917730288685,285.0775319086607,1.256442418414255,-1.8687091566183902,2.251826250584196,1.1164716744102208,-0.3519375691859372,1.1706276318133229
1182,398.3792412566479,237.2988140734298,1.5793657532814234,-1.4753683121292192,2.161274586690275,1.2115754289463265,-0.2734290622283644,1.2420460829202586
1183,395.270292376238,232.16959318558847,1.5988196945466766,-1.461101714776521,2.1658814918164886,1.2186991505703897,-0.28301611324396614,1.2511297854166492
1184,194.72970762384952,232.16959318556823,-0.5570685800390011,-1.5152865317582505,1.614440669766039,-0.4390176953166536,-0.26448883205595375,0.5125337833581983
1185,191.62075874345422,237.29881407338578,-0.5556832055290144,-1.559097211656192,1.655164022174574,-0.45345771514276484,-0.27698908902322716,0.5313632042778406
1186,401.61319678554594,242.8127837666554,1.5540479396153268,-1.4861213786920613,2.1502608564609633,1.2023708153173138,-0.26413392506664457,1.2310411479304557
1187,395.77454028117415,242.85315606440253,1.5555309848776746,-1.538700791014792,2.1879846364140803,1.2050948551228842,-0.2805855967430073,1.2373285282992852
1188,194.225463437884,242.85315551885114,-0.5397449101438669,-1.639501877844102,1.7260622745082368,-0.4533527927176795,-0.303027798533162,0.5453023027172853
1189,188.38680693354084,242.81278322110046,-0.5462125343456742,-1.596417797199999,1.687275293451908,-0.4623767956988699,-0.28558319690452727,0.5434611886372057
1190,389.270292376213,232.16959318558847,1.6014186808760427,-1.5136702050544517,2.2035742059500403,1.2245961164742318,-0.3022501379861253,1.2613448356402788
1191,200.7297076238618,232.16959318556823,-0.5411347380885899,-1.5502973357348602,1.642025771403364,-0.421672742604944,-0.27520466956271994,0.5035330297061964
1192,216.80742876461545,288.8334907916374,-0.16166926884047675,-2.268091174730094,2.2738457576044935,-0.2656437094604919,-0.5969231788121769,0.6533634989645231
1193,373.1925712352528,288.83349079172723,1.196068219333318,-2.0196103510622834,2.3472122092851113,1.0775659601998935,-0.40143547123792356,1.1499125341301104
1194,365.3848606352376,232.39027436233346,1.5999386402890563,-1.748138102477446,2.3697659120730554,1.2464931231374656,-0.4064302642617741,1.311079961610614
1195,224.6151393647813,232.39027436233044,-0.4043769882449746,-1.693654867773934,1.7412603365827921,-0.28975841051413437,-0.3168387955294618,0.42935621436778776
1196,505.5991062732618,236.7159245583881,1.6056289141370836,-0.8748967326924135,1.8285208510675754,1.2922970352420535,-0.24967066927209502,1.3161941613569699
1197,508.2974525434969,241.4117539132835,1.5856354768429382,-0.8708653894931677,1.809045713087433,1.2911463910523158,-0.2512763313194969,1.3153702132133012
1198,84.40089572213992,236.71592426561057,-0.456640690383286,-1.1453924360889571,1.2330630773660851,-0.46032493805426367,-0.19797447511116506,0.5010917494732906
1199,81.70254745623203,241.41175391325092,-0.4473183768958076,-1.1554921418540895,1.2390544056639528,-0.46908496860039706,-0.19338430584539623,0.5073836788014975
1200,171.76141891094863,274.8945575867775,-0.3908756501757407,-1.6901712356060943,1.7347802683828693,-0.4456844456414157,-0.30626678363050863,0.5407716411222697
1201,418.2385810886983,274.8945575867955,1.3890403062729897,-1.4951562964394458,2.0408148674569873,1.195923838332833,-0.263470898411853,1.2246022788655446
1202,407.449300934996,264.4340362151075,1.4417927850065027,-1.5546686223106898,2.1203209568587074,1.1827202142403432,-0.26538005709891577,1.2121277489928803
1203,182.55071248237567,264.4340342469312,-0.4499760360987195,-1.7209106957239084,1.7787670043375727,-0.4498888816340314,-0.31655139982593816,0.5500952595230034
1204,392.00000000017485,227.0,1.613860163682633,-1.442252691505187,2.1644023318402916,1.2236900466580876,-0.2932528410990247,1.2583380146457954
1205,197.99999999991394,227.0,-0.5478293215626919,-1.459587976921895,1.559010592632003,-0.4148492215422003,-0.24481256072443536,0.48169810722341944
1206,393.1832246928006,248.19971468492975,1.5269501660942286,-1.5983933616029529,2.2105289294989063,1.1949953523342856,-0.28851338389258263,1.2293306572219258
1207,196.8167790262304,248.19971413938507,-0.5194834722420488,-1.7162467850757042,1.7931441953215435,-0.44933588879768477,-0.33012309654576955,0.5575697264330021
1208,519.3373366460498,241.60556332447058,1.5821703196349544,-0.7987748299953874,1.772372463498554,1.3018411094652698,-0.23590820557543357,1.3230430664765171
1209,513.1758574417876,240.80302954562313,1.588254162810235,-0.8391909083016346,1.7963275498249651,1.297396700886349,-0.24541848200794514,1.320404646607193
1210,76.82414255793074,240.80302954560375,-0.44346423223427234,-1.1498832406226178,1.232433362229336,-0.4700190874358461,-0.20310798342438063,0.5120261667969167
1211,70.6626633536729,241.60556332444855,-0.4289048796021896,-1.1399441530920977,1.2179622604643499,-0.4672302425310752,-0.20530620285635226,0.5103476623508145
1212,371.3848606352626,232.39027436233346,1.602509960822993,-1.686659675231148,2.326555186233018,1.2418534561296997,-0.3754888847313127,1.297378861034064
1213,368.0000000000749,227.0,1.6090396236188866,-1.6585058524358098,2.3107683079312475,1.2461804986338105,-0.3870424649607378,1.3049014157621628
1214,218.61513936476902,232.39027436233044,-0.4514239088525389,-1.660449011862923,1.7207191713002625,-0.3341726228407593,-0.30818292835342787,0.4545855906039768
1215,221.9999999999631,227.0,-0.4060912671124646,-1.5691968864484838,1.6208914169877704,-0.279668444507844,-0.26056512753680483,0.38224157877147324
1216,373.955766855898,274.2428809149893,1.334283886233561,-1.945251960573945,2.3588808107192087,1.1221828548190467,-0.37008173124587973,1.1816322809790587
1217,368.0207799272117,274.7710650287286,1.3200654765345738,-2.0199476753163057,2.413039882255202,1.1106628997014485,-0.3958111147182728,1.1790837609380225
1218,221.97922007271848,274.7710650286847,-0.298675083639302,-2.2688284575644824,2.2884032370719485,-0.3259471244305466,-0.6015451338626432,0.6841769332551102
1219,216.04423314401038,274.24288091493145,-0.3247451079144969,-2.1685535317561215,2.1927343216190933,-0.3514066381718762,-0.5415708420491367,0.6455893449469802
1220,122.65092091586523,241.98115858575733,-0.5051131572218849,-1.284095961208461,1.3798701892535188,-0.4763677031092449,-0.20865399102361115,0.5200602624077896
1221,467.35230928219477,241.98163245247113,1.5619688741764377,-1.0847649848218328,1.9016997229298633,1.2302078068308986,-0.24820594324084821,1.2549969873460927
1222,476.396508922858,247.27673339290754,1.5531636530462323,-1.060543903833012,1.8807101597804172,1.2489755236517728,-0.2598415437028362,1.2757184197600555
1223,473.3326500658793,241.95239468950544,1.5660249505303252,-1.0566562497261762,1.8891682232582927,1.2388810253610885,-0.2525231153813441,1.2643552186002325
1224,116.66842483921431,241.95223700204107,-0.4970102102854023,-1.2671672185878389,1.3611509501122863,-0.4751755795187643,-0.20893387854904377,0.519081108283224
1225,113.60420676664157,247.2766284019562,-0.4822084663254431,-1.288387945131521,1.3756702010860593,-0.4809796004693502,-0.2141058869150252,0.5264814402040449
1226,93.02569952934493,252.20407718978544,-0.4571700310078654,-1.2857804462364455,1.3646376050716635,-0.5003504401608151,-0.25164216295572284,0.5600663720900907
1227,95.62499999963346,258.8749999998778,-0.47810315731247444,-1.1821905982929566,1.2752087043791756,-0.5405047140399376,-0.1278054463550824,0.5554093787625634
1228,496.97431244422614,252.20407894642437,1.5310291539081446,-0.9544132156703525,1.804149344251443,1.2673545049285708,-0.26395552477829676,1.2945500995418173
1229,494.375,258.875,1.5002343634079502,-0.9732536697219921,1.788274545694084,1.2656885095074462,-0.26721169785988896,1.293587837980995
1230,265.1205542638794,288.59885825653055,0.38582211102366276,-3.6535191696883187,3.673834648515741,0.2936247641832287,-1.6013586733411116,1.6280556203110697
1231,271.4285714286599,289.85714285731984,0.5126581622565286,-3.815891152264365,3.8501744995854024,0.4160238348942933,-1.7108305099557781,1.7606864754963338
1232,324.87944573612026,288.5988582565297,0.947321352675927,-2.937577170511952,3.086547809114376,0.819101398073744,-0.8930930709488933,1.2118342847531949
1233,318.57142857134,289.8571428573199,0.9000647121692142,-3.105602080434833,3.2334008053585648,0.7770229139640695,-1.0054797774210056,1.270729787023114
1234,509.99029130262363,245.70795179801692,1.5617985723235397,-0.8659172000706505,1.7857848072738334,1.2853583041006686,-0.2509772313075097,1.3096318339729414
1235,80.00970869710312,245.70795179798327,-0.4721535712676461,-1.1920097261081575,1.2821139504729042,-0.510206958752268,-0.2172305585320753,0.5545270564358387
1236,153.64718490148906,252.26676294273685,-0.5105050964384258,-1.4615945288635896,1.5481841041341255,-0.4842066554779615,-0.23338284284825628,0.5375161732869879
1237,147.80730957511872,252.11813134549368,-0.5077205435773322,-1.433886591038193,1.521121594853479,-0.4862198078437268,-0.22776393782659765,0.5369228183955947
1238,442.1960948674384,252.11863077371316,1.525060456744838,-1.2492947434343893,1.9714326650178977,1.2183973269991917,-0.2335695265559714,1.2405832379064115
1239,436.35364516344123,252.26688471241172,1.5219665259768775,-1.2841198684445638,1.9913176398375547,1.2132007537926441,-0.23125155201867376,1.2350438653400475
1240,502.8575969318298,231.96250872794326,1.6160921265972112,-0.8707397197156456,1.8357400200300633,1.2857559729847987,-0.24402357448012935,1.30870773168349
1241,87.14240506355685,231.96250843517487,-0.4643625507493663,-1.1225287831446291,1.2147853503918375,-0.45106680278346317,-0.19374453187818785,0.49091567932384667
1242,93.14240506353363,231.96250843517487,-0.47392508929769644,-1.1393697034076833,1.2340049883647723,-0.45292525625488006,-0.19631833170579038,0.49364174774556246
1243,496.8575969319469,231.96250872794326,1.6080734748533227,-0.9008657881984463,1.8432198644961615,1.2713875092685252,-0.2458311123685185,1.2949359576953476
1244,396.9421654726433,263.26524030513,1.4378106630516545,-1.6481555852063967,2.1871708519985535,1.1703014244155145,-0.2871412971935299,1.2050126756772999
1245,193.057837210801,263.2652399115144,-0.449036201720495,-1.80883079338739,1.863733443806282,-0.437569791082886,-0.35702476211674994,0.5647424216692442
1246,453.4543222510938,258.1002101478843,1.5063688068744452,-1.205344288053467,1.9292490339682586,1.2346808871860677,-0.24610049996414196,1.2589687642134637
1247,453.813792061644,252.25795741007266,1.5286843562164716,-1.1877845994721477,1.9358998206736262,1.2292383452210114,-0.24334900796032133,1.2530944294174173
1248,136.18783335122882,252.25771896350005,-0.4983738194089237,-1.388130024884244,1.4748835309465527,-0.4888230631635867,-0.22191000077380907,0.536835203320408
1249,136.54592665260432,258.1001736337285,-0.48116631909715923,-1.4187539779257832,1.498126789198345,-0.4927669914094871,-0.22893779332781605,0.5433523912127077
1250,477.5148967061893,260.01482165692806,1.4961336481404335,-1.0748727234617395,1.8422180285568968,1.2520376832291196,-0.26550306725755946,1.279878993869699
1251,483.125,262.625,1.4834899346716683,-1.0422603943389204,1.813022094702564,1.2580894048196662,-0.2679894447131522,1.286315394060557
1252,112.48510329346645,260.0148216569114,-0.4999759589976856,-1.3595123478496907,1.4485336666889843,-0.5449544613711541,-0.2436452890062395,0.5969408612444441
1253,106.87499999958294,262.62499999986096,-0.5048025533543908,-1.3379751814208893,1.430036084849391,-0.5649019989076646,-0.23959203845951538,0.613611125439444
1254,172.6504068659269,280.92377940101585,-0.34817049815317563,-1.7306839361217143,1.7653582023300485,-0.43316570809851107,-0.33174028736123073,0.5456043886654472
1255,417.34959313368114,280.9237794010434,1.34282981563489,-1.5163007374413549,2.0254283102897594,1.1903616778492607,-0.27325144610630026,1.2213219382666027
1256,178.27540686595495,282.79877940102523,-0.3203897892569519,-1.7712108911665059,1.799954898892459,-0.4106386798425131,-0.34073983167672006,0.5335988739436034
1257,411.72459313368114,282.7987794010434,1.3199104391811596,-1.574214892983159,2.0543407937217673,1.1778265803536152,-0.2854494675527832,1.2119227912345154
1258,513.0593481004571,249.17461371517828,1.542987965156962,-0.8474461229372675,1.760391090610444,1.2843004355949534,-0.2479651580582677,1.3080192385742073
1259,76.94065189925554,249.1746137151196,-0.47893900170653064,-1.1797619605048408,1.273271711305122,-0.5320006234137317,-0.2013633456609185,0.5688337721060148
1260,518.6843481004571,247.29961371517828,1.5510303361961968,-0.8076314279393229,1.7487034131596464,1.2916244284491105,-0.23905286647320523,1.313560024184486
1261,71.3156518992808,247.29961371512803,-0.4788826425434458,-1.1818610220541217,1.2751956950916228,-0.5373716296953668,-0.2255692015949453,0.5827947607088069
1262,379.0956742228686,273.45580795206286,1.3469760488210964,-1.8831846643825856,2.3153248057807017,1.1310855302008278,-0.3511229706693133,1.1843318019716145
1263,376.5926232047159,278.56463060810086,1.3022000739596595,-1.934406835523712,2.3318779637754212,1.1162093336316543,-0.3665707927590096,1.1748605970881782
1264,213.40737679514206,278.56463060802866,-0.29156154762279,-2.157550823534097,2.177161843360492,-0.34070611824821356,-0.5327259948593561,0.6323587942067829
1265,210.90432577699872,273.45580795198896,-0.3446493114089285,-2.087774955888445,2.1160310522980628,-0.3696751958909903,-0.495534910887363,0.6182350672399527
1266,59.50380502994173,236.8725662108198,-0.4081290078521538,-1.09318981823435,1.1668904257648336,-0.4473457741287876,-0.20632341271438837,0.4926333243549365
1267,56.406793575656,231.3166166015393,-0.4085975795272438,-1.0565820460945148,1.1328360879336399,-0.4345883067215268,-0.2034569256826666,0.47985593353352
1268,533.5932064241049,231.3166166015543,1.6444297052777963,-0.6786404585759769,1.7789609123351282,1.3503229176589582,-0.19744228038213402,1.3646814412299666
1269,530.4961949698225,236.87256621084663,1.608057360877988,-0.7123613458277572,1.758780021180424,1.3264864005676162,-0.20978349620221814,1.34297255600018
1270,542.8744564242411,234.78536660158798,1.6167058315179337,-0.6053274496084359,1.7263137220428815,1.3466884200220206,-0.16533891223971814,1.3568001534942495
1271,546.7812500000113,237.96875000003365,1.5881292816215373,-0.5646608309289564,1.685525576527725,1.3346663944062351,-0.14352190614241533,1.3423609506761183
1272,541.0932064242297,238.8166166015543,1.5884604292061877,-0.6230234125620645,1.7062721669635201,1.3289307771792682,-0.17287687645337346,1.3401281375102043
1273,43.21874999986343,237.96874999998698,-0.4456866353665739,-1.0780893676684395,1.1665818709478188,-0.5113426371798424,-0.22687262096781569,0.5594126193989926
1274,47.125543575602805,234.7853666015495,-0.4365772073721787,-1.0754866587412293,1.1607201260972706,-0.4870214774383995,-0.22819966268449576,0.5378336225410225
1275,48.90679357560012,238.8166166015161,-0.4100436171486817,-1.1333461390865318,1.2052423984189748,-0.4737946785298442,-0.2644460102156754,0.5425984608549747
1276,54.53179357557488,240.6916166015077,-0.4461511872732252,-1.115885483844278,1.201770067425415,-0.5044325672743121,-0.2253958824380543,0.552499338232167
1277,535.4682064242297,240.6916166015543,1.5807768678079077,-0.6739855696961687,1.7184621188595484,1.3193431998075222,-0.19477023071378136,1.3336423514760811
1278,115.88035307654935,251.192362872011,-0.4781729558236762,-1.314986141225061,1.399227618114768,-0.4875221913633429,-0.218147258757738,0.5341030926471325
1279,474.120290769765,251.19245732357848,1.5378871144172062,-1.0819506730210846,1.880349445061013,1.2484319139813829,-0.26087295754435336,1.2753967789770981
1280,433.533304682274,257.6443210282662,1.4995071946248155,-1.3231192087085333,1.9997915559340378,1.2147601677929911,-0.2351330619855707,1.2373074889028863
1281,436.9596747052126,262.4496500937511,1.4798278070213642,-1.316052587811115,1.9803749019612404,1.221587425871916,-0.23953347437409667,1.2448502417536416
1282,153.04064048389108,262.44960385568925,-0.4705828850603927,-1.5144805289855459,1.5859065307855005,-0.48417848452978335,-0.24765360989322627,0.5438392367002439
1283,156.46711300540608,257.6442597538743,-0.4915607676188579,-1.5073893531361964,1.5855140018966725,-0.4830293034682371,-0.2446724845874555,0.5414627713178524
1284,442.65454535761546,260.7055491725708,1.4912679976591745,-1.2744940682675365,1.9616868687156825,1.2266908789489863,-0.23982919049369156,1.2499154183821783
1285,147.3457698314711,260.7055029345281,-0.47699270430941576,-1.4778340143255473,1.5529054748638023,-0.48848281298566215,-0.23925394054134408,0.5439282182852314
1286,545.2812499999113,230.46875000003365,1.6522268282872579,-0.5769644183061676,1.7500689792415458,1.3730804725237036,-0.1518497992136716,1.3814515357214487
1287,539.5932064241299,231.3166166015543,1.6454598253646373,-0.6304032720214665,1.7620857874304514,1.360039272626801,-0.17751202914414832,1.3715747677680976
1288,44.71874999992477,230.46875000001017,-0.40438215732728405,-1.002777511475992,1.081243574171265,-0.44384569848806804,-0.18162437840547196,0.47956899284413196
1289,50.40679357566147,231.3166166015393,-0.3979637776188512,-1.03454860782803,1.1084520694444038,-0.4324469369164488,-0.19556530552225526,0.47461156957287937
1290,539.375,243.875,1.5584522860480756,-0.635743614522749,1.6831350127945537,1.314617227615151,-0.17770712250266574,1.3265738865704855
1291,50.6249999998355,243.87499999994517,-0.3979288067042865,-1.093267918390163,1.1634354630086954,-0.47402351209403193,-0.20895589159697991,0.5180355727660502
1292,365.41007950838764,280.3611581048657,1.2634829783388715,-2.0866663613284153,2.439378146178168,1.0865311703630702,-0.4212310253666298,1.1653263752708791
1293,224.58992049155125,280.3611581048506,-0.23758695611640737,-2.3655358901584425,2.377437193564607,-0.29164931889208173,-0.6600511364907209,0.7216140436500024
1294,220.50154578075694,284.8729177722274,-0.20346960392685676,-2.317167577792579,2.326083718032367,-0.28300989888268574,-0.6277298640067208,0.6885777988226779
1295,369.4984542191428,284.87291777229274,1.2288737139807626,-2.0531079531592975,2.3927772299649694,1.0814268876891295,-0.40997162961902145,1.1565296582922
1296,214.85316714601223,283.3122765903812,-0.23597169290080217,-2.208579560043981,2.2211497727291003,-0.3095328395119812,-0.5616145461883795,0.6412655278640271
1297,375.14683285385536,283.3122765904618,1.2566137339977472,-1.9718437874444212,2.338214275586162,1.100673537817125,-0.3802970476226506,1.16452053708012
1298,447.4407424133195,251.5191908278464,1.5290369354777098,-1.2182674118894568,1.955026710029022,1.2224971919256538,-0.2368371824968717,1.2452273829623108
1299,402.4699993585957,263.4169912188013,1.4426818120744478,-1.5959929148267566,2.1514005194448615,1.177043192360119,-0.27425211998700316,1.208571430242609
1300,187.53001111413698,263.41698968257504,-0.45277524110672535,-1.7574709325431424,1.8148579827890985,-0.44522812512905996,-0.33284072216715765,0.5558876053112651
1301,142.5625957438749,251.51870112349846,-0.505823873101423,-1.4083735647317648,1.4964537708979129,-0.4872244758571137,-0.22351562358629273,0.5360475014972167
1302,53.999999999977966,227.0,-0.41402490565063327,-1.0196082396529238,1.100462441370513,-0.43070901252607074,-0.1948759997989321,0.47274402034168167
1303,535.9999999997751,227.0,1.6696009402720269,-0.647123498293092,1.790624506087283,1.3673509558040133,-0.18429768372062794,1.3797152867758398
1304,145.71397187279038,256.4175632821572,-0.4923889878737681,-1.448682806481795,1.5300747658775775,-0.48874145372394123,-0.23191960742894624,0.5409758893871223
1305,444.28659222049805,256.41764603421024,1.510313513882099,-1.2523532494114809,1.9619978520697692,1.224849748288207,-0.2378061806929077,1.2477213973709964
1306,499.99999999991394,227.0,1.6178709935408144,-0.8584226171403324,1.831501007741683,1.2720976750368163,-0.23476608771947693,1.2935793793877446
1307,89.99999999987027,227.0,-0.4730509043953336,-1.093882290428568,1.19178673573022,-0.4434696444995078,-0.18856810541741353,0.4818954824162939
1308,34.87499999995217,232.624999999985,-0.44944568633235876,-1.198047036000055,1.2795773229591412,-0.510272635098112,-0.38836252085102774,0.6412515962800686
1309,555.1249999999251,232.625,1.6251652062362822,-0.4660877124570032,1.6906802486763781,1.368574550581237,-0.08683826784373994,1.3713267973975918
1310,209.71325977900057,282.5252036274387,-0.256867959146733,-2.1233634811382966,2.138843991848857,-0.32868499831793896,-0.5118456293910469,0.6082925089510641
1311,380.2867402208259,282.52520362753535,1.2727954294678412,-1.9068892369029637,2.2926479815031775,1.1134877352164947,-0.3601202116099198,1.1702741145934707
1312,117.077821332127,256.1641896885652,-0.4874469881159042,-1.3496410842929105,1.4349688577229158,-0.5131861296281599,-0.23169090185268004,0.5630636532791287
1313,472.92312121548696,256.1643279593598,1.51559808795374,-1.0971463225075775,1.8710338364660684,1.2482957554070544,-0.26215909409269167,1.2755272178917898
1314,23.249999999965745,230.7499999999892,-0.23896020758866388,-1.0632548287142338,1.089776496165591,-0.31058973770876486,-0.2871499649623721,0.4229906471163291
1315,566.74999999995,230.75,1.6220379894656065,-0.2748422804226645,1.6451582046653013,1.3814387858781185,0.04850034049738444,1.3822899124846322
1316,551.2812499999363,230.46875000003365,1.6510899704646305,-0.5131759022373863,1.7290019078086785,1.3816470072744345,-0.11643963894237014,1.3865448576326085
1317,547.9999999998251,227.0,1.6825601459536423,-0.541570714432469,1.7675710688632684,1.3982752246629424,-0.13306612633827586,1.4045925380283337
1318,38.71874999993024,230.46875000001017,-0.3939188813929309,-0.9712197427794961,1.0480648233208327,-0.44205359821555407,-0.16414351958494677,0.4715447791218267
1319,41.9999999999889,227.0,-0.39792383155783756,-0.9659681432887218,1.0447190194355278,-0.430559807540676,-0.16860693755179967,0.46239598534163384
1320,37.59374999988805,236.09374999999517,-0.442224817569335,-1.0188262760669125,1.1106618612694883,-0.5138493447062418,-0.19022650322057277,0.5479299878474992
1321,39.37499999988536,240.1249999999618,-0.3481686714207248,-0.9882235747417673,1.047762977697852,-0.42790785847366997,-0.14700875625522236,0.4524563070167436
1322,552.4062500000113,236.09375000003365,1.595081265090351,-0.4991483003527135,1.6713567147641575,1.344674220738818,-0.10628516780164188,1.3488681539773155
1323,550.625,240.125,1.5637722668868346,-0.5149243269432999,1.6463689638602885,1.324073726609365,-0.11427867579513934,1.3289961810474482
1324,415.625,285.125,1.305594506763125,-1.539725843641637,2.018745325608953,1.183013447258241,-0.28251729733223785,1.2162799183106408
1325,174.37499999965303,285.1249999998844,-0.32727148340957907,-1.7722187891747025,1.802183692234772,-0.43213332395508125,-0.36151055620510886,0.5634084592195918
1326,142.1010560002273,260.1060727125329,-0.47722031865691605,-1.4505637190152816,1.5270475878185503,-0.49125471433179296,-0.23381133847851054,0.5440578428387225
1327,447.8991929034966,260.106109226704,1.4960971859548402,-1.2413927774319793,1.9440583370059334,1.2313423242557138,-0.24256784911963025,1.25500720353709
1328,516.875,251.375,1.5354034026852863,-0.8219780337708542,1.741583043377305,1.290865975799644,-0.24417651188347123,1.3137568787385077
1329,73.12499999973451,251.3749999999115,-0.5081016481180686,-1.2240522814083845,1.3253193096161273,-0.5745662939574933,-0.25611865324318095,0.6290653310198785
1330,5.624999999982804,228.87499999999426,-0.7854423640245243,-0.774335603389916,1.1029575394736002,-0.8562417629025001,-0.061682454137441,0.8584606465568464
1331,5.999999999997348,227.0,-0.2902726051680826,-0.7123709118334624,0.7692402104268238,-0.35944914020440033,-0.007716811003453339,0.3595319645952856
1332,11.624999999980151,228.87499999999426,-0.33817889845140675,-1.0035552079539958,1.059003315749953,-0.4143948657274107,-0.26467268798078913,0.4917059451585011
1333,278.33333333333337,317.0,0.42064546132188746,-3.9915291869641782,4.013632750329509,0.2300149396846431,-1.8116079352254433,1.8261517416277115
1334,311.66666666666663,317.0,0.3469918741895694,-3.4859588892431694,3.5031860838738016,0.32974996418718105,-1.3099367991988125,1.350803263534952
1335,583.999999999975,227.0,1.5121248859473844,0.15484364321581073,1.5200323103624263,1.3041986428742174,0.4054296241183777,1.3657625270110905
1336,584.375,228.875,1.4907874067657134,0.20341705330758322,1.5046014720674643,1.286177944868094,0.45058107392529523,1.3628195075081608
1337,578.374999999975,228.875,1.572409156105033,-0.0014035284487262203,1.5724097824978858,1.3520716448683268,0.2698988667136264,1.378746942375664
1338,17.249999999964892,230.7499999999892,-0.390437714775766,-0.844420376262703,0.9303157426201963,-0.4662524210472609,-0.09268726399939087,0.4753759028812094
1339,16.874999999950347,232.62499999998346,0.06063653260778114,-0.6476232382078139,0.6504557231306903,-0.025629135655876753,0.10845003605249204,0.11143725999078655
1340,17.999999999995552,227.0,-0.4100240952933103,-0.806179945444145,0.9044588786437016,-0.46980159201468175,-0.06852411285079163,0.47477267181411936
1341,295.0,317.0,0.31720229671662536,-3.782546910823734,3.7958238143549914,0.21268151505358673,-1.5474746183567123,1.5620214855448504
1342,296.66666666666663,312.0,0.4070157246687163,-3.756956419534687,3.7789394462481796,0.30860832241885194,-1.5135486681991424,1.5446904763329046
1343,295.0,307.0,0.5007422106718274,-3.784809664955321,3.817790848316303,0.39502345873417666,-1.5379737640627154,1.5878938352092524
1344,573.125,232.625,1.5622905102151718,-0.11783794837334567,1.566728253522359,1.3395250914980963,0.17475256273889944,1.35087598577249
1345,572.749999999975,230.75,1.5920440188299112,-0.1400921104281935,1.5981958444747377,1.3636633365546822,0.15529975281324607,1.3724779446997697
1346,571.9999999999251,227.0,1.6472307926482959,-0.17794454236765359,1.6568142757735904,1.4077907215305088,0.12169544093480109,1.4130408684718592
1347,308.8179803006002,268.59155808427977,1.2270532665581406,-3.053451043386403,3.290778478313075,1.0633787370817889,-1.0818928319153067,1.5169925636691113
1348,310.5245398308936,262.493972165837,1.29644756177676,-2.9068730014509105,3.1828740042611066,1.1202316269269659,-1.0164644279103303,1.5126529116669536
1349,316.09484062985456,267.382268917421,1.280165217640362,-2.908066253272215,3.177368772723257,1.0906441923406065,-0.9696932304362289,1.459386760060589
1350,281.2183592104118,268.7281186106632,0.7338022627017582,-3.1403584872592663,3.2249522770496197,0.6698697580069997,-1.1652891806132095,1.34410727516317
1351,273.8564406117254,267.4041223310501,0.5005558606310481,-3.030888912060598,3.0719446230138923,0.4616764050101109,-1.0888183372335731,1.1826539960779496
1352,279.4630809216984,262.6523861058498,0.6396590273544206,-2.867762912945874,2.9382354902464516,0.5882137762264722,-0.9730465112684834,1.1370202107413805
1353,316.598658650577,250.3745809525859,1.3704713455908877,-2.5255453523331006,2.873424966094821,1.164168632591731,-0.8274608765577169,1.4282787218691477
1354,312.3511311808172,244.7045755600784,1.196774926018747,-2.328393509842204,2.617954652056157,1.0122358090740802,-0.7238146306480302,1.2443990327511518
1355,320.2222742257684,244.60983213334092,1.3633594664817905,-2.3157588258472503,2.687282637597867,1.1439956135400635,-0.7208739977935028,1.352177978112975
1356,269.3742245396535,244.53432919040281,0.2788930448808257,-2.0913748161807186,2.1098886113342177,0.2791751491919364,-0.4922024318713387,0.5658639393585704
1357,277.1521418492815,244.67199854365592,0.4112968331654057,-2.1440931077826844,2.183185823472913,0.38034825550406126,-0.5370956545459047,0.658131094537461
1358,273.08360479749376,250.34924879143213,0.38334104629771837,-2.3221625233410617,2.353590691387599,0.3666416652365343,-0.6206444439435512,0.7208506339633883
1359,321.1356009278381,255.78226026241333,1.4218615688914622,-2.619818638323157,2.9807951990695187,1.198708940374591,-0.8450585650570499,1.4666380269549317
1360,313.2644578828869,255.87700368915083,1.345165378573434,-2.7124557347052303,3.0276865769838035,1.1538559216485285,-0.9221046755422684,1.47704452220652
1361,309.21108800536285,274.5889932805866,1.152069952883048,-3.146160672169715,3.3504614833546946,0.9958141680235679,-1.1095327192754612,1.4908751498295456
1362,303.6407872064019,269.7006965290026,1.1746993798234397,-3.1470153628417554,3.3591106452332884,1.030169104843162,-1.1523776794845515,1.5457110663858111
1363,322.47212865141404,266.99948435680903,1.3043299688273648,-2.7790549351622498,3.0699223117582064,1.0955393758623024,-0.8660169632746189,1.3964927156072657
1364,325.3292715085274,261.2851986425824,1.3837972630948274,-2.642505939230936,2.98290672067021,1.153912771371827,-0.8039549030512667,1.4063634558943794
1365,286.32304863896195,269.87782348701836,0.8779881738629112,-3.216903197976758,3.334565851590912,0.7957457833357848,-1.2192182722518576,1.4559205153748904
1366,280.71640832898896,274.6295597122186,0.7378548309299746,-3.37148893902587,3.4512848937027045,0.668081966278201,-1.3326991221327633,1.4907784757634468
1367,264.62200973305255,261.30705205621143,0.2091247962600939,-2.7254096009792224,2.733421056756633,0.20798024197799883,-0.8793072146093213,0.9035690115963638
1368,267.4791525901659,267.0213377704381,0.3115536866418307,-2.9722825888925994,2.9885664603441913,0.29056933152967557,-1.0531788975587697,1.0925274947060637
1369,276.4813422150669,255.9076539854609,0.5046311272788879,-2.564032820628094,2.613219638659717,0.47055299917659144,-0.7705867838004452,0.9028976223260305
1370,268.70342490543885,255.7699846322078,0.3066159833515851,-2.5112053849405798,2.529854906234985,0.3015999000214523,-0.7313510124663436,0.7910984787802944
1371,323.15834765370175,238.76202824983477,1.303225708895241,-2.0892286127320197,2.4623715082382804,1.078691440651341,-0.6051741227218286,1.236855263539999
1372,327.40587512346156,244.43203364234225,1.4752468819126523,-2.2805608359862175,2.7161205954867245,1.224495558758856,-0.6947299728253451,1.4078491071709593
1373,319.23737337800435,232.96991337041672,1.0392242404343732,-1.8367903070610256,2.110399406278285,0.8443266568406443,-0.46614421845524134,0.9644573271280316
1374,326.4209742756974,232.79211487941805,1.1953747212668135,-1.8511728782465662,2.203579304086737,0.9710677615284578,-0.48723686029620694,1.086449426117569
1375,262.4146192624724,244.38532077468454,0.15628453470411524,-2.0578193781774416,2.0637454903621895,0.18328380318907989,-0.46369894226058084,0.4986077231301525
1376,266.4831563142601,238.70807052690833,0.20705582788739516,-1.8785143802240492,1.8898911060086712,0.21813892580919528,-0.38785639425797247,0.44499120611534043
1377,270.4713807957206,232.9285394713133,0.22285438271120248,-1.7107371241387437,1.7251914629397198,0.2165964753230089,-0.33419865690364325,0.3982496395460388
1378,263.5117755185395,232.77953105559504,0.14596442953088534,-1.6759468786418532,1.6822911622895862,0.16401077505247508,-0.3022392112199843,0.34387217847943424
1379,320.7655691211206,273.0970702752518,1.2084156365438643,-2.89217618369451,3.13447785574782,1.020254135413154,-0.9120915498016147,1.368513608279857
1380,269.2344308788793,273.09707027525155,0.3911119790194261,-3.228132941497637,3.251739667949247,0.3513554579843536,-1.2427279599623426,1.2914423875371137
1381,328.6634722762175,255.7827759060174,1.450191891614325,-2.4976712353541,2.8881513330189628,1.199820614662747,-0.7376328448444869,1.4084288129554376
1382,305.98759755363255,257.08629285600955,1.2349471476127347,-2.7992658779375716,3.059572504906925,1.0748245053163255,-0.9801082999635948,1.4545996001945043
1383,261.2242723154794,255.74864686218262,0.11738391355081298,-2.49913900382099,2.501894231093688,0.13643944444203096,-0.7303401011562005,0.7429753598582521
1384,283.84326081375326,257.2316502650741,0.704305135343511,-2.6843063911076595,2.7751660355756496,0.6396566541232109,-0.8616550076943676,1.0731309274496201
1385,278.12180850743164,290.5978079426503,0.6243544562405174,-3.8481875314543847,3.898508145979483,0.5263149458509561,-1.6996209951643566,1.7792467365235134
1386,283.5825861157836,291.41953195560666,0.6837694255682217,-3.826494077230185,3.8871065782172196,0.5820769096199021,-1.6496530797002946,1.7493338195088217
1387,279.74649189412526,296.3931525845029,0.5898055167660865,-3.932713936389793,3.9766957958941505,0.47578378202677957,-1.7525792542565917,1.816013284557769
1388,311.86465148884133,290.59103794078686,0.8715054508631768,-3.2717580835163247,3.385841506618206,0.7502072704263405,-1.1260927401062024,1.3531059854721046
1389,310.2512514385869,296.392024250859,0.752058217189665,-3.3599264589659374,3.443065112904762,0.6497409955233493,-1.1825531033807484,1.349294335413557
1390,306.4016172132016,291.4116336200992,0.8393460465423541,-3.4050620968394094,3.5069858381776617,0.7220624055319054,-1.2300006043148835,1.4262803385370983
1391,329.375,227.0,1.0506032031313466,-1.6142106496770319,1.9259914620684566,0.8360762482843466,-0.37284877987688736,0.9154450860651948
1392,333.2959742756974,232.79211487941805,1.3455617598630196,-1.8617525780458206,2.2970979760266923,1.0911654662148955,-0.49614742583974714,1.1986677366256997
1393,260.625,227.0,0.09662358709260556,-1.48464596667249,1.4877868677803063,0.11584420119688471,-0.23086078076481287,0.25829552657040594
1394,256.6367755185395,232.77953105559504,0.06877036506694297,-1.6520585244780668,1.6534892595393802,0.11124830377028072,-0.27265787507646966,0.2944800535401004
1395,246.875,227.0,-0.027192153988678313,-1.4796117174413561,1.4798615636701642,0.035357880828808724,-0.19282815515920326,0.1960430492488984
1396,249.73214285719456,232.71428571438912,-0.02432403461821776,-1.6611388723745641,1.661316951088487,0.044110887198132304,-0.26548499691542493,0.2691246067467439
1397,340.26785714280544,232.71428571438915,1.4695227444383865,-1.8663445916056722,2.3754450595704104,1.1821469335278767,-0.4894523426004631,1.2794666733160514
1398,343.125,227.0,1.3475673043065919,-1.6646826894194264,2.1417530427406493,1.07535227771838,-0.39962154563379393,1.1472052566689408
1399,295.036339511012,263.8398218590794,1.0539277594247756,-3.027415591449086,3.2056214507385534,0.9405703103728952,-1.102432973064194,1.449148359849371
1400,299.02830576457745,268.4884869653721,1.1347067314615165,-3.1686921295852355,3.36573456744876,1.0063131948963562,-1.1839478378689632,1.5538335589814969
1401,290.8169657739502,268.6250474917557,0.9802657691698418,-3.182318154226731,3.3298753449531966,0.8825411177897433,-1.1955300194235257,1.485991538311166
1402,315.625,227.0,0.7936321354394763,-1.5919763106181841,1.7788312286362944,0.6286691441477867,-0.34618066903634426,0.7176809516895105
1403,312.36237337800435,232.96991337041672,0.8896193082326923,-1.8336685987881576,2.0380782722364073,0.7226980615273344,-0.45821609119949414,0.8557186888046269
1404,294.8065671478944,238.84500239328378,0.6569846816431812,-2.0281563347870812,2.1319115812459857,0.5546573322597667,-0.525325848042592,0.7639450260661362
1405,298.25929219089903,244.68567632929802,0.8474518292738883,-2.280234532165944,2.4326208345366322,0.7257669438719422,-0.666344884357776,0.9852680659226689
1406,291.3723147800898,244.63814934461323,0.6877063045874527,-2.241994882786147,2.3450972295000048,0.5963685867266862,-0.6285040825579049,0.8664138001130515
1407,290.8250196717396,257.22760283304524,0.8868187304855848,-2.7537814073752482,2.893053663578619,0.7925994242709895,-0.9263217101142323,1.219133199442809
1408,287.8432809651081,250.48287071265634,0.7042822066297881,-2.449962229963326,2.5491818991241475,0.6257553318549306,-0.7335778002158451,0.9642126966154266
1409,284.39055592210343,244.6421967766421,0.5432416297402871,-2.1946561617656855,2.2608907838856287,0.4819872337052877,-0.5834732786925982,0.7568043078650953
1410,298.34677227935185,232.9462646889843,0.6181651479400359,-1.8097640063441118,1.9124261838791103,0.5073558599191166,-0.4275765914403977,0.6634995931739937
1411,291.4597948685426,232.8987377042995,0.50277885562601,-1.7909647582549184,1.8601992750712755,0.41894511277080865,-0.40902469186847834,0.5855050862910153
1412,305.2105300821647,244.68092687864598,1.0199130041500317,-2.3123678323591723,2.527304399585416,0.8673015078014045,-0.7020265996057031,1.1158195427525617
1413,301.77627771436016,250.47407382997542,1.0534870950685364,-2.5428805084682717,2.7524673185750634,0.912871613900829,-0.8274257792541271,1.232058441649666
1414,286.6954685877018,288.1324828369828,0.7633255389146062,-3.734182954526515,3.8114023949506626,0.6638222850983019,-1.567391951395285,1.7021684862233382
1415,288.32015197439534,293.9278274788353,0.6884445696368827,-3.801655597554751,3.8634882176450183,0.5814169247954446,-1.5985367525775511,1.700989532530925
1416,299.03635966236686,257.0910423066616,1.0861852590357286,-2.794492755859865,2.9981641348498207,0.9562841878319428,-0.9695790955399741,1.3618234358408996
1417,280.6811756642632,238.82727717561278,0.4074738789336348,-1.960380866652554,2.0022807256602757,0.3632548329010977,-0.46133617129516913,0.5871840738399587
1418,277.3463807957206,232.9285394713133,0.3041462005745754,-1.7420625479721557,1.7684136485480961,0.27328739463741414,-0.36318029744104585,0.45451724776632213
1419,284.5847948685426,232.8987377042995,0.3999978084347659,-1.769822122340305,1.8144609644403367,0.3423880953204612,-0.3890687637241512,0.5182703066190582
1420,290.31501489252736,274.5264885933111,0.9617976341962855,-3.371488681479287,3.505993528015777,0.8638203831537434,-1.3166404967259187,1.57471516534596
1421,274.375,227.0,0.2240163637402856,-1.5349151727058186,1.5511763015937141,0.2026083071654997,-0.2830279550962933,0.3480731956046873
1422,301.81773546874524,294.0138075403812,0.770228661640456,-3.5346884454575673,3.617633839633813,0.659586226548497,-1.3325183447317328,1.4868285473783056
1423,303.43113551899967,288.21282123030915,0.8912339547339638,-3.4366065089981013,3.550290447239332,0.7701286972179653,-1.2707936328167353,1.4859389851155382
1424,305.22177227935185,232.9462646889843,0.7440593685093235,-1.8191036434471886,1.9653911594055085,0.6059100523313729,-0.4397016807857814,0.7486418099478871
1425,308.83414565735615,238.916178059401,0.9669128647183312,-2.0762895435353874,2.2903927079328987,0.8046119779720222,-0.5781804451074259,0.9908042501930798
1426,307.3941085814736,302.10630996508564,0.6271923525504806,-3.472842768999147,3.52902353991688,0.5390253543200841,-1.266060707941206,1.376029813918463
1427,282.6036347512386,302.10743829872956,0.5404397680521147,-3.957334925932829,3.99406745798065,0.41499433057491997,-1.7482242799193943,1.7968050610205357
1428,301.875,227.0,0.5721027327311856,-1.588269782595542,1.6881654063226685,0.45681469746749687,-0.33520771714743947,0.5666073432788518
1429,272.0915737359927,278.81135598947833,0.5040630044368408,-3.477198196519847,3.51354334117608,0.4440669353450317,-1.4317735009116528,1.4990566370152727
1430,278.78481081476446,279.55202107480875,0.6824112529524134,-3.544313867378338,3.6094107425792474,0.6092274676524463,-1.4657826772330589,1.5873490366704879
1431,275.2646656503183,284.8835222284236,0.5934856293027345,-3.7010359528925,3.7483185986241563,0.5129279076376224,-1.598383853001852,1.678667918312182
1432,288.125,227.0,0.3817439322240707,-1.5721863622220569,1.6178684703482296,0.3151096267821244,-0.31732708858885594,0.4472030389465722
1433,314.72179434595466,284.87675222656014,0.9890227770668907,-3.1522495668522166,3.3037620049387777,0.8472953918275038,-1.0530779934388517,1.3516222627928711
1434,317.9084262640073,278.81135598947844,1.1064708959268363,-3.0185158766897486,3.2149208297190177,0.9411443445389891,-0.97743430713119,1.3568826412091626
1435,311.2016491815085,279.5452510729454,1.0779116976641454,-3.171871737394952,3.35002446952945,0.9265365827786886,-1.095791896440752,1.435001714121774
1436,299.4214134693401,274.4859221616789,1.087582918680213,-3.2982141219036736,3.472902676282448,0.9606467638544333,-1.2440741401023412,1.5718023638407517
1437,337.3138314185029,238.5064005938072,1.5280132605972965,-2.047506082852056,2.554820088357956,1.2396508939719695,-0.5646647713543216,1.3621969912366314
1438,288.47895136454497,283.94768575207206,0.844228477579074,-3.6284513575851443,3.7253699113936265,0.7458586663840205,-1.4880737463015525,1.6645325543984073
1439,293.21651722315676,286.4559812753008,0.85865570783989,-3.6106137789961243,3.7113099420127518,0.7508858406699277,-1.4461129383723033,1.6294392214029836
1440,252.61891837573407,238.49381676998416,-0.009705356266769763,-1.859538844589162,1.8595641716478248,0.053850312191805284,-0.36075091445755114,0.36474796559420897
1441,296.92362688727167,286.54308967049064,0.8873403212224074,-3.543340561897613,3.6527572028887954,0.7735679956039848,-1.378517571846103,1.5807334182939392
1442,301.50750863172794,283.9409157502086,0.9618274241211333,-3.4217221945649143,3.5543346452704236,0.8377284256344107,-1.282210281977616,1.5316174856422298
1443,331.5206151333749,250.0684901917025,1.5016168281853153,-2.357820469965461,2.7953837781738438,1.2343226866504697,-0.6833054980323101,1.4108362408235822
1444,258.367129458322,250.03436114786774,0.05868341817253877,-2.2790984264327063,2.2798538069219374,0.09536975704804591,-0.5937986924245264,0.6014085779937635
1445,306.0244560873103,280.6543895176683,1.0406028426055887,-3.291075063276578,3.451670515585137,0.902489461164187,-1.188880045491151,1.4926228559416694
1446,299.5169474555823,278.9846579578498,1.0307048275850725,-3.381202659803127,3.534810301595676,0.9064910138032829,-1.281732081372681,1.5698926990485842
1447,283.88950024331456,280.7017259511639,0.7959070243949232,-3.5774657080454504,3.664932316390347,0.7102195298809811,-1.4736176678076855,1.635836425654877
1448,290.41054887876953,279.02522438948193,0.9297213462119375,-3.492747311196996,3.614369317249689,0.8297127626320354,-1.3924380572762738,1.6208969775484832
1449,334.4566885613083,244.22068630819632,1.5270697688328263,-2.2097988644568254,2.6861037024355214,1.2465096911449174,-0.6289280090264302,1.396186538631621
1450,255.4760612329286,244.20810248437326,0.018342834108131652,-2.0639255311677847,2.064007039176306,0.07028850271917546,-0.46961044509747873,0.4748414932997701
1451,292.5,302.6698729810778,0.5678068566397994,-3.8136500087161664,3.855688137729501,0.4574928249854726,-1.5742161369001275,1.6393462509762693
1452,297.5,302.6698729810778,0.5812591368215413,-3.713493663380488,3.7587095354796385,0.4780889364135328,-1.4744558895667534,1.5500287743777885
1453,302.3941085814736,302.10630996508564,0.6079422210770815,-3.598276451830033,3.6492721422172214,0.511342182893315,-1.37062065816185,1.4628984300306442
1454,287.6036347512386,302.10743829872956,0.5585756641795151,-3.8935037885301758,3.933367326339153,0.44142601838836953,-1.6645899956837424,1.7221256584351243
1455,290.1036347512386,297.7773112798074,0.6354714133087628,-3.8154813715658995,3.8680385228044245,0.5252236409412441,-1.5929206709406554,1.6772764044466866
1456,299.8941085814736,297.77618294616343,0.6834847371389213,-3.619673674372981,3.683637997259049,0.5778478983464803,-1.3978916249490494,1.5126166694592975
1457,293.21651722315676,294.4902621611835,0.7108893907473218,-3.723484842066391,3.790739122516251,0.6024965989478872,-1.51100763047168,1.6266979470963292
1458,296.92362688727167,294.57737055637335,0.7309314527967092,-3.6507191169166067,3.723172150103709,0.6218270957888402,-1.438201843600241,1.5668737919795315
1459,295.1401441104284,290.7278867554013,0.7949192424829459,-3.638883925794437,3.724697682695173,0.6851087367799351,-1.4459599933945984,1.6000544627324114
1460,294.90446601375777,277.7724483942193,1.0035966519691049,-3.4213416519611557,3.5654992552639646,0.8914885376353239,-1.331083312677309,1.602040760412533
1461,615.2749412382616,211.6658597310038,0.3568566472990651,-0.11057137354189114,0.3735942924730914,0.2873402656740749,0.06646394687792281,0.2949269138485657
1462,609.6426328852973,210.36173873155235,0.4285077762441042,-0.08954152779116051,0.43776317741541765,0.3519321901999293,0.0824011130879101,0.36145014861948216
1463,615.9762184218907,206.07205678715928,0.24765617851156935,-0.13202993838343952,0.2806518971688756,0.1961402426857255,0.00949874884255314,0.19637011236537297
1464,-25.271836048813324,211.66973636375204,-0.0343824741820941,-0.5243619799858359,0.525488002323125,-0.04563320259755124,-0.0830552183850301,0.09476580860360027
1465,-25.97493540731077,206.07390412741967,-0.026617771204021267,-0.3889888977449951,0.38989853592022616,-0.03397656321872433,-0.06729138077867453,0.07538260260336292
1466,-19.638244682463437,210.36746270449765,-0.045933835447454524,-0.5024364691311566,0.5045317856705338,-0.05671743073484073,-0.09060368855301992,0.1068919797205295
1467,621.4714744897144,213.02450554594014,0.29019396911430295,-0.13744759353746525,0.3210987086233037,0.2285009939954885,0.04532538988480472,0.2329529893028545
1468,615.137888953121,217.31418749033327,0.4692750968801244,-0.04745294035090996,0.47166820764155515,0.3875036080821254,0.1511984118353406,0.41595673575288417
1469,-25.13416272634682,217.31883944960197,-0.059486349201752046,-0.6525241014688921,0.6552299815630674,-0.07396620381013856,-0.10105030465151632,0.12522844475696096
1470,-31.470853451194152,213.02528087252398,-0.025561614372387534,-0.5663528521484216,0.566929404128922,-0.0359880161821123,-0.09687046337160987,0.10333936318051504
1471,120.00562303435217,211.8625292276564,-0.3256915301122904,-0.7121888147333179,0.783126988819906,-0.25747623386386587,-0.11539294341406137,0.2821516301467722
1472,114.40618789829088,210.75094073040322,-0.3030484501483178,-0.667777137498003,0.7333243951365073,-0.24062279486414656,-0.10946211811659923,0.26435068509615306
1473,120.41181093286431,206.00577480343384,-0.22992316305211014,-0.5090211318599,0.5585402166252855,-0.17537174654162335,-0.08357588104143132,0.1942683128482637
1474,469.9943769672399,211.8625292277167,1.1899234834797743,-0.6366312753068886,1.349524833871358,0.9292829866982897,-0.15927455337098356,0.942833629395144
1475,469.588189069877,206.00577480342378,0.8865773678251708,-0.4583186594015746,0.9980357822720911,0.6961274837702005,-0.11442824871018137,0.705469558353236
1476,475.5938121030141,210.75094073049186,1.1510575217674872,-0.5911489555369719,1.293982421074553,0.9051951579436044,-0.15141711296545735,0.9177719847888913
1477,457.9943769672636,211.86252922759843,1.1708353224953851,-0.6670776193926806,1.3475340079929259,0.9050563354882255,-0.1591105906427025,0.9189358794072876
1478,452.38660737093426,210.9100417008103,1.12135331181053,-0.6527801412067836,1.2975188486732638,0.8643391081105134,-0.15354966682700188,0.8778721968441426
1479,458.3809843377734,206.16487577386044,0.878807173840552,-0.48397875372339216,1.0032634164810685,0.6828762476660611,-0.1166236863936479,0.6927633462117664
1480,132.00562303435828,211.86252922762685,-0.33823283248865177,-0.7293346315903888,0.8039467978730835,-0.2615231249060607,-0.11601720318875774,0.286101968354593
1481,131.61901566515496,206.16487577386607,-0.24103314992573133,-0.5258364023669359,0.5784469737299367,-0.18035324264479996,-0.0848955860413983,0.19933527701289241
1482,137.61339263058764,210.9100417008059,-0.32832440261638657,-0.7047377508088625,0.7774652473059754,-0.2500216901416415,-0.11160937596765697,0.27380193269071856
1483,126.0067476412659,212.9919570113315,-0.3491862991339513,-0.7583604598952837,0.8348902075335723,-0.2747347963320293,-0.12143029059236099,0.3003739732216273
1484,120.00112460669249,217.73712293830084,-0.40883733210127504,-0.9000375931677485,0.9885421757491593,-0.33498807898220234,-0.1451812393004368,0.3650953372819173
1485,469.9988753937728,217.73712293839054,1.3984390540193796,-0.7933409257333189,1.6078002401573452,1.0822880130171653,-0.19528427426124007,1.0997651071453316
1486,463.9932523606356,212.99195701132248,1.2270714340357887,-0.6852071616177701,1.4054227686212173,0.9517329549137715,-0.16738682313807007,0.9663405021156645
1487,457.9988753937965,217.7371229382723,1.383274725842958,-0.8326152187187701,1.6145268872329182,1.0605143205408811,-0.19397024760597836,1.0781071751122944
1488,132.0011246066986,217.73712293827128,-0.4238848851838641,-0.9222616922192869,1.0150098643966572,-0.33926241335146823,-0.14556609634594375,0.36917268793676905
1489,152.93547820082938,206.893835276912,-0.26546506046556173,-0.5772854865773123,0.6353976954166489,-0.19185621008723203,-0.09050018264397836,0.21212988570125982
1490,154.35391775386051,212.27292546626109,-0.36349105672848153,-0.7814569258516987,0.8618588488164263,-0.2710892979343929,-0.12201599802132646,0.29728321719818357
1491,148.8807662570656,212.12473047794543,-0.35781138210119845,-0.7661950635059481,0.8456263125648668,-0.2691724826527596,-0.12000788719742439,0.294712942381294
1492,437.0645218017165,206.893835276892,0.8999837665367448,-0.5534102432792214,1.0565196057792932,0.6900265598560776,-0.12694436362188727,0.7016063887695002
1493,441.11923374452124,212.12473047784675,1.1660873408840504,-0.7223646727729045,1.371703469063318,0.8922418508047654,-0.16355100774474174,0.9071077402722533
1494,435.6460822475367,212.27292546613484,1.1691290133616166,-0.7433207982432086,1.3854199576247008,0.8926218251724911,-0.16580034171904323,0.9078895726289739
1495,490.9177801231888,206.89382629081655,0.9853341477964758,-0.44694440195262775,1.081962421367119,0.7916810034544307,-0.12043287095759442,0.8007889157809959
1496,492.3449349493045,212.27211258964627,1.258462798652075,-0.5913509668426062,1.3904763865585414,1.0056749238139446,-0.16198466686601443,1.0186368757746191
1497,486.87019280225127,212.12415937439104,1.2380490570224247,-0.6018650005460355,1.3765925128651524,0.9835142799693399,-0.1615721716564516,0.9966974995239986
1498,99.08221987900616,206.89382629082357,-0.2288309813383607,-0.5200495889222975,0.5681682787330948,-0.18296487048417387,-0.08782248292671269,0.20295056624385963
1499,103.12980719908445,212.12415937434594,-0.31257519990980615,-0.6983355715165551,0.7650985727630192,-0.2561944415085893,-0.11648569250170193,0.2814329554574216
1500,97.65506505176158,212.27211258957914,-0.3094241988954387,-0.6956416730168804,0.7613544983119285,-0.2568839470661184,-0.11687899602448348,0.2822234256257966
1501,160.71712377004627,212.03385803299267,-0.36114327245569683,-0.7849329660104954,0.8640279071708525,-0.26581019103247855,-0.12242737286777206,0.29264914024139427
1502,156.6624118262825,217.2647532340261,-0.4444532160141714,-0.9625461025246597,1.0602045372053226,-0.3402350243714474,-0.15013302144608331,0.3718868052748975
1503,429.28287623172275,212.03385803293662,1.1555002568551904,-0.7558132388845594,1.380736939342748,0.8810492932714135,-0.16738838409678236,0.8968091928078062
1504,433.33758817452735,217.26475323389138,1.3550023494620171,-0.9065960010623407,1.630321341389425,1.027745408069854,-0.19356575162991352,1.0458146700121986
1505,498.7053529577314,212.03354935470708,1.2655571064362054,-0.5689094383866159,1.3875491842585457,1.019092006218884,-0.1596773215238636,1.0315257457515374
1506,494.6577656367939,217.26388243828157,1.4347729348835725,-0.7025600180242493,1.5975493587368916,1.1392985664839133,-0.19322798422300402,1.1555683785389705
1507,91.29464704360457,212.03354935468113,-0.2998120851638748,-0.6801922012985491,0.7433362073232249,-0.25200334853174977,-0.11571505777852076,0.2773006712359365
1508,95.34223436368286,217.2638824382035,-0.37401174850042956,-0.8441430183141003,0.92328880822026,-0.32261888103814906,-0.14256281930444004,0.35271390651679413
1509,321.7506275939543,211.2229215243645,0.387712684857734,-0.8338415686036098,0.9195721219844157,0.28895214043476436,-0.12828491164240363,0.31614926540628097
1510,316.4325337677871,210.17715112827705,0.33069026722661454,-0.7875218068464164,0.8541350297798669,0.24595225017592354,-0.11943188328162413,0.2734163201251812
1511,322.4083765104539,205.6420733323272,0.251024950409542,-0.5778906954714661,0.6300564908328521,0.18377002054081681,-0.08013590176498236,0.20048237628594476
1512,268.2493724079976,211.21514099457085,0.0757767444866198,-0.8251726458938278,0.8286446829229105,0.06313259186036738,-0.11300556171873544,0.1294448961310358
1513,267.5916234927582,205.634539290207,0.04684567265338562,-0.5760662649919078,0.5779678699617091,0.03603761401088233,-0.07314797022625963,0.08154345572649657
1514,273.5674662340234,210.16183655652412,0.09280925414784513,-0.7840959742441598,0.7895695374578336,0.07389071201043118,-0.11146660809530351,0.13373347390119072
1515,341.27791957401575,211.9991114465398,0.544749261256624,-0.8887690336497457,1.0424308863489897,0.4081461764643669,-0.14350538537879165,0.43263968495180566
1516,336.6329155574639,217.48913583097846,0.7337593865044059,-1.1291685432924357,1.3466344850940373,0.5646223634485985,-0.19602040115039088,0.5976808604710723
1517,334.02000401655187,212.54740826287787,0.5128491808845709,-0.8870283956741577,1.0246139063404545,0.38537151344493065,-0.13066372720124753,0.4069204012837872
1518,248.7220804284403,211.99911144693684,0.006511958233891628,-0.8415299779936251,0.8415551731538409,0.018299463161184394,-0.08166968005370578,0.0836947249954393
1519,255.97999598486635,212.5474082629127,0.03273148018150073,-0.8683019092691472,0.8689186126647986,0.03570397802994129,-0.09999215340726342,0.10617534925859312
1520,253.36708444357402,217.4891358312257,0.030298135891775123,-1.0748785128944334,1.0753054424305053,0.04496458059289746,-0.12661369307559445,0.13436086030587926
1521,333.1957391848624,206.87261380342693,0.32512161042741267,-0.6273794019816968,0.7066179842020905,0.23872916726981536,-0.08096845951408094,0.252086308119705
1522,328.55073516831055,212.36263818786557,0.465207121454125,-0.8837453510802653,0.9987109248464314,0.348338754290493,-0.1364358790884279,0.37410511469810803
1523,256.80426081823254,206.87261380343875,0.02302844225849011,-0.6236976301960112,0.6241226186135005,0.020355112118171585,-0.0683657966219956,0.0713317091979675
1524,261.4492648333662,212.3626381877276,0.052872531892145434,-0.8672518848011835,0.8688620928086869,0.048949753307337286,-0.11030950966536546,0.12068250192742332
1525,-37.61537765989898,211.70431242551967,-0.01605992989819433,-0.5361235382835828,0.5363640271774788,-0.024422724703164422,-0.09124839894587072,0.09446025509234737
1526,-37.477704337432485,217.3534155113696,-0.009720483589502832,-0.671158862842827,0.6712292506839154,-0.01977033558949945,-0.11586347393050378,0.11753812471094627
1527,627.6153776606006,211.70431242547562,0.20914088051773083,-0.1682852487211056,0.26843962606302396,0.15922362456753097,0.008044083823296105,0.15942669131917112
1528,627.4783253754601,217.35264018480507,0.2725254379250567,-0.1472497075711948,0.3097621518133652,0.21328965208706974,0.05194572428810637,0.21952410792265897
1529,-43.25221271025322,210.42357667592057,-0.012694791544693827,-0.5231926525377156,0.5233466436328927,-0.01967197694147649,-0.10512231876037109,0.1069471298275136
1530,-37.24536182401489,206.09544203707495,-0.008054241962808567,-0.393814636327001,0.3938969898323209,-0.014135556128959555,-0.06983775291110894,0.07125395202196207
1531,627.2453618251213,206.09544203702694,0.16951253412647002,-0.14555206905859333,0.2234276259400685,0.1316272959768455,-0.005214344929510006,0.13173053723119782
1532,633.2522127108671,210.42357667589187,0.16886413415982252,-0.17299879351161154,0.24175127375469968,0.1281790689840255,-0.003548525175699785,0.12822817848091794
1533,322.5748924256438,216.89771598381543,0.5559436858948883,-1.0977058561655209,1.2304598849806008,0.42261395671036855,-0.19067222846847842,0.46363612360937634
1534,267.42510757463145,216.88993545404477,0.1003268106643409,-1.0727137917209937,1.0773951679335256,0.09071721743437619,-0.15764725662659762,0.18188532392946996
1535,648.8270994496031,206.8184738960531,0.09285595496624899,-0.165325966193052,0.1896177825794834,0.07080761682226717,-0.01959599687802338,0.0734691887371333
1536,650.5173348815591,212.1764575262847,0.10756488673136348,-0.19780055452005768,0.2251560885829503,0.08003992783216178,-0.017682921662612983,0.08196996868307181
1537,644.9210973975265,212.02289021649608,0.1253003128423992,-0.1924514658328897,0.22964697929568118,0.09354221148546493,-0.013487622738140664,0.09450958309461457
1538,-58.82709944874599,206.81847389611735,-0.00864968065151373,-0.42363497566691766,0.4237232700521451,-0.01239686312040619,-0.08234527946509962,0.08327320856921178
1539,-54.92109739693131,212.02289021652706,-0.013760568951036643,-0.5640218526901032,0.5641896875784178,-0.019032029901554698,-0.11175980141226138,0.11336874072636502
1540,-60.51733488106248,212.17645752630432,-0.00819588479071462,-0.5595815570088258,0.5596415741096479,-0.013019751271965849,-0.1040814661864834,0.10489263809587375
1541,657.047946596342,211.89761372881952,0.08857508576716361,-0.200147312206394,0.21887094919633385,0.065722287351537,-0.021191202778723245,0.06905422601062854
1542,653.1419445442654,217.1020300492625,0.11029956740228007,-0.21659019993791154,0.24305824256394726,0.08030870307567359,-0.01482583571637397,0.08166574064064817
1543,-67.04794659569782,211.89761372890362,-0.003088681573516471,-0.5577193534246246,0.5577279060063643,-0.006737655870674781,-0.10771774757236124,0.10792825926834257
1544,-63.14194454388314,217.10203004931333,-0.006792135549282397,-0.6761332827760256,0.6761673973083919,-0.011295718321087764,-0.12429434983389775,0.1248065649435987
1545,142.73116335191273,211.67666772158148,-0.3455534549988646,-0.739635909530181,0.8163752010737406,-0.26200331635025637,-0.11629840604478914,0.286654944187417
1546,144.14960290494383,217.0557579109306,-0.4295616662797065,-0.9256441985453905,1.0204608799154118,-0.3352222850302541,-0.1443954185351236,0.364998653798666
1547,447.2688366495628,211.6766677215761,1.150992077304607,-0.690544676124227,1.3422498693393448,0.8837072441091396,-0.1593537050952144,0.8979599638171755
1548,445.8503970953829,217.05575791081895,1.3524095033281611,-0.8554202898231247,1.600236025382944,1.0303744470443073,-0.19049051747516366,1.0478349766875592
1549,480.7215189882563,211.67678411517306,1.2044018933376766,-0.6049177886618611,1.347779452178633,0.9511079224144806,-0.1582210653682144,0.9641785029784902
1550,482.14867381437205,217.05507041400276,1.400921080121995,-0.7382218281843532,1.583524973070531,1.0981314840055938,-0.19261592304330577,1.1148962507669278
1551,109.27848101305389,211.6767841151081,-0.31210507381764296,-0.6917321361720962,0.7588826821821195,-0.25182852373887715,-0.11413492259537905,0.2764857788826676
1552,107.85132618580931,217.05507041386363,-0.38543065517458414,-0.8585670263125077,0.9411132389991183,-0.3226972991138545,-0.1417814187096169,0.35247059103801576
1553,142.34455598270938,205.97901426782073,-0.24417237890724816,-0.5300634538422078,0.5835986769350622,-0.17903471221876624,-0.08440323933577315,0.19793265266152588
1554,447.6554440200726,205.97901426783812,0.8562917886427184,-0.4989088693148806,0.9910326367875069,0.660420263121503,-0.11748686107776107,0.6707891520197539
1555,480.3153310908934,205.82002969088015,0.8950576468565952,-0.4334814428833436,0.9945020626025322,0.710766867130282,-0.11208775024143919,0.7195506953400734
1556,109.68466891156604,205.82002969088552,-0.21882873901355582,-0.4924180263928342,0.5388520480937944,-0.17013142504445306,-0.08215827188649111,0.1889303666090524
1557,716.69573546333,211.8797600338317,0.011484699504982659,-0.21523035572963312,0.21553654991723367,0.008036676560491804,-0.035225982625437885,0.03613112262393199
1558,715.15301394424,217.30547748978694,0.014978656411847624,-0.24293165524523572,0.2433929934654945,0.010561768676884725,-0.037638534729973305,0.03909232986409776
1559,710.2927215190902,212.18220618206325,0.015574076064795694,-0.21657371081599422,0.21713296401486792,0.010957612379271797,-0.03489930449491718,0.03657910227552499
1560,-126.69573546308962,211.87976003392,0.011249584308852088,-0.5650203800094993,0.5651323588091562,0.010862655945226896,-0.11532316473006571,0.1158336290441694
1561,-120.29272151886758,212.1822061821827,0.008091182467389879,-0.570943065620561,0.5710003952835101,0.007132603768877189,-0.11557130535299415,0.11579119421406281
1562,-125.15301394413709,217.30547748987007,0.013374180328066514,-0.694842954003138,0.6949716536861447,0.01270757152851578,-0.1394374996015011,0.14001535154857472
1563,184.08587701319465,211.97366686482988,-0.33952045621395227,-0.8282209118006643,0.8951111768555088,-0.2361139425881133,-0.1260672928554556,0.2676616450155047
1564,180.6746839376143,217.03415076653158,-0.4348559713445626,-1.0205163113906977,1.1093030504007904,-0.31787673300357966,-0.16099501290458074,0.3563215002847501
1565,178.07083025888187,212.06734540260535,-0.3514051435700531,-0.8203009984385373,0.8924008645035877,-0.2488250257556389,-0.12627609165475473,0.27903323236828687
1566,405.9141229886594,211.9736668647542,1.1291670730369932,-0.8423838040501881,1.408768523270234,0.8597915150385943,-0.19116861346555614,0.8807876521084436
1567,411.9291697428206,212.0673454024724,1.142786560567406,-0.8207652011678359,1.4069884997616575,0.8699713652849285,-0.18347762388933608,0.8891086631474238
1568,409.32531606352984,217.03415076641386,1.3447820669300738,-1.0093953776753788,1.6814630046507542,1.0211822937789279,-0.2173600058086106,1.0440587384111641
1569,522.0744499206214,211.97033716005336,1.3298739376267001,-0.4983797506148189,1.420192615739722,1.100542507804875,-0.14730678169618866,1.110357194518562
1570,518.6681467833962,217.0316356778111,1.4894117674876166,-0.6112578205440594,1.6099638307449207,1.2158775006366955,-0.18068647877896138,1.2292297182252296
1571,516.0600382834884,212.0647004578576,1.3172380933937742,-0.5202675829132739,1.4162607643079312,1.082409812857075,-0.1530894974234162,1.093182234209211
1572,67.9255500805416,211.97033716003912,-0.2759064335053513,-0.6559927777422956,0.7116536267733733,-0.24429125859190373,-0.12193837192738433,0.2730333048782098
1573,73.93996171756324,212.06470045778548,-0.2829643784050967,-0.66409124743291,0.7218628847386332,-0.24728658909180057,-0.12030027686985756,0.2749960249887649
1574,71.33185321716522,217.03163567775366,-0.34109189080595564,-0.8051810895880486,0.8744485490889553,-0.3109674199327541,-0.1469240448472824,0.34392936951345127
1575,175.91280190296615,206.8863189303322,-0.25550733873716197,-0.605649372385454,0.6573394575251369,-0.17414977165274004,-0.09115486607168344,0.19656386385917438
1576,172.5016088273858,211.9468028320339,-0.35533078973356136,-0.8046623389176907,0.8796257441691693,-0.25490760893979614,-0.12466534528157713,0.2837592948426163
1577,414.0871980996566,206.88631893030734,0.8682289123903252,-0.6097205008092735,1.0609338025614974,0.6595318982942128,-0.13849380240769138,0.6739160616671104
1578,417.49839117452706,211.94680283196703,1.1435860981455188,-0.7949262887146187,1.3927300414514254,0.870806408755338,-0.17667915322802252,0.888548999613831
1579,638.4265452559584,211.3486768253025,0.14845827485149515,-0.18331509980925262,0.23589040927930566,0.1116717879581491,-0.008414569051929804,0.11198836188684747
1580,640.1167806879145,216.70666045553412,0.15923509119761053,-0.1988693986747465,0.2547643067581615,0.1173672123457533,7.290607676874172e-06,0.117367212572192
1581,-48.42654525537607,211.3486768253527,-0.018773609130569063,-0.5450672652312877,0.5453904766554897,-0.025320697302078532,-0.10655048213473711,0.10951777460763353
1582,-50.116780687692554,216.70666045553966,-0.02685220280938957,-0.6723961725188335,0.6729321315063604,-0.03397415884315632,-0.12790843050243073,0.1323435304905199
1583,513.8953165819842,206.8848219368827,1.0505733056239959,-0.4012169411782641,1.1245796122899314,0.8682610774294034,-0.11558586895604156,0.8759208820899246
1584,510.4890134447589,211.94612045464044,1.2958858008294254,-0.5343103504670301,1.4017159339208218,1.0581413026806792,-0.15540741960572402,1.069492628542747
1585,76.10468341993332,206.88482193690226,-0.2109315737205783,-0.5019424921732398,0.5444615636032747,-0.17675847802222855,-0.0906926732368426,0.1986673615156233
1586,79.51098655655694,211.9461204546168,-0.28698235412716433,-0.665080949799351,0.724355949355271,-0.24747093673723575,-0.11741415412458045,0.27391230004947875
1587,311.33082597078555,211.14683547639208,0.3222740838653821,-0.8333109293447802,0.8934582755208733,0.24101103305266153,-0.12858005086544944,0.2731650554768539
1588,308.20384812285374,216.3181218419807,0.40973264886615673,-1.075503259943914,1.150907513963161,0.31232911574187794,-0.18440781064817102,0.362706103020276
1589,303.75988924235173,211.70695799805844,0.2842294217536926,-0.8630787546495724,0.9086755751740526,0.213942798734174,-0.1361082475528862,0.2535684842052124
1590,591.9813637210221,211.62875759366085,0.887804436342637,-0.027852376784387577,0.888241224038947,0.7662336692845381,0.16678289649746314,0.7841750891920314
1591,589.3927919852716,216.74899512482688,1.1418842480676614,0.044604389309896755,1.142755086416489,0.990596145379226,0.26766395057031267,1.0261211983362821
1592,585.9668411786874,211.76987859525855,1.0316941682301912,-0.05528453842913203,1.0331743497345975,0.8953247310585566,0.14875591836587235,0.9075983127430057
1593,717.8995941529238,206.22245587555642,0.007870843385523478,-0.17094199771514032,0.17112310410474232,0.005463859392245881,-0.029501552671134357,0.030003255981075592
1594,722.7598865780735,211.3457271832801,0.007978710829937922,-0.21214829106190655,0.21229827419693073,0.005547688979412692,-0.035226148158197246,0.03566031922284993
1595,-132.7598865779314,211.34572718331873,0.013887730763304632,-0.555760740173188,0.5559342311673242,0.013037893569583263,-0.1176585129097894,0.1183786819020843
1596,-127.8995941526619,206.22245587563134,0.007915573552954882,-0.4146545630220935,0.41473010855219516,0.0075543979823764216,-0.08643954862060355,0.0867690295820451
1597,662.3362781295241,221.91159312589866,0.09147652160619453,-0.23117516628122298,0.24861599206470944,0.0656194956335269,-0.016450309917671074,0.06765006211073189
1598,665.6999331102159,216.83072518454037,0.07783543850917991,-0.2249625867048834,0.23804730812355032,0.05655437584198426,-0.023087709183326366,0.06108551172094955
1599,668.3636549806918,221.91913205864168,0.07710840365705872,-0.2356214156679465,0.2479176424458476,0.055136556379070834,-0.020230932934385576,0.058731001155591274
1600,-72.33627812915873,221.91159312595633,0.026459388092685842,-0.8352308159970165,0.8356498161366885,0.014660431236941208,-0.19193625990000762,0.19249534048505265
1601,-78.36365498033422,221.91913205868758,-0.06849826880042525,-0.8123981891077211,0.8152808292203122,-0.06437339233223023,-0.17255347336370153,0.18417012464087895
1602,-75.69993310969397,216.83072518464394,-0.010724175399164938,-0.6717354607638256,0.6718210603915161,-0.013794859560769965,-0.12497112203072891,0.1257301852854783
1603,278.66917403117327,211.10916526627386,0.1237434369346117,-0.8309894722340005,0.8401523321089652,0.09725038762619703,-0.12378035810159294,0.15741415103225048
1604,285.65833807809804,211.55723538370512,0.16671162471327924,-0.855876550707729,0.8719618316565817,0.12875292476205122,-0.13235041120793845,0.18464546293286718
1605,281.2143791961876,216.1905083783192,0.1846693480163739,-1.0641197738586128,1.0800248428687638,0.14877858898513974,-0.17411621243988895,0.2290229769582556
1606,346.9454155574639,221.9704195073202,1.1160858786298968,-1.4428808537006674,1.8241581199153312,0.8801852521460076,-0.32401925718156854,0.9379309980589332
1607,350.0650407799473,216.91604566129703,0.8773047120023793,-1.1919052708371152,1.4799668010975362,0.6748939940298808,-0.2462600073999892,0.7184190242624756
1608,353.11962522248336,221.94562615397683,1.236401795756571,-1.4937245224735318,1.9390467631258546,0.9685035381188853,-0.3526169480257306,1.030697732307479
1609,243.054584443574,221.9704195076249,-0.03592741324282135,-1.2753841631510856,1.2758900981820165,0.012423748883973983,-0.13369863264777782,0.1342746212365445
1610,236.88037477851108,221.94562615414344,-0.11910326776953789,-1.3093110079062407,1.3147170432522117,-0.04414824688859892,-0.14352025094267384,0.15015701826416492
1611,239.93495922208507,216.91604566176835,-0.04275068208251054,-1.0570931376258748,1.0579572403619328,-0.000563488837075618,-0.0904880273774461,0.09048978184486325
1612,-12.168392887018936,216.29649375889653,-0.0714819931556243,-0.626941026702838,0.6310029526941291,-0.08994247541569467,-0.10114552889878636,0.1353516416602254
1613,-14.60605874159934,211.24098727707616,-0.05769170716862427,-0.5204809695973975,0.5236685715116741,-0.06893379972220251,-0.09204831689557164,0.11499896254944349
1614,-7.839306304652285,211.5741860951426,-0.08315245827895412,-0.5263205678399843,0.5328486384042251,-0.09356493006487804,-0.09234781138827786,0.13146297732156556
1615,602.1743351146372,216.28170789931303,0.7595604202688003,0.052603551844819046,0.7613797775785796,0.6473181559085224,0.25499106936756966,0.6957307240779487
1616,597.8454532222313,211.55791679988045,0.7283938171835542,-0.020216087514331127,0.7286743052321908,0.6212328114954402,0.16701899024781827,0.6432927398796989
1617,604.6124738092622,211.23175057596433,0.5545168796343964,-0.049438854739254044,0.5567164180778189,0.4644219046440637,0.12993297472680815,0.48225541306923364
1618,347.3809977897803,211.80951344745202,0.5875638376748914,-0.9064472008771913,1.0802211770379904,0.4382655648025384,-0.15765513896070926,0.4657594316086455
1619,353.55520745479976,211.78472009410865,0.6599900480341327,-0.9284924767613344,1.1391598408065893,0.49141359468158097,-0.1730144979178666,0.5209811297231836
1620,242.61900221301153,211.80951344814406,-0.017059674847771853,-0.8327891257153957,0.8329638410013515,0.005493672351086533,-0.06739552579409103,0.06761906042650313
1621,236.44479254794862,211.7847200946626,-0.04718242036018938,-0.8355520488293445,0.8368831502031577,-0.008660811371975656,-0.06164941474031804,0.062254798943091015
1622,592.7036572638032,221.8039370616146,1.1727239834394303,0.20810449919548607,1.191045349228756,1.0153946989518605,0.4360893956075894,1.1050793435862114
1623,586.6891347214685,221.9450580632123,1.372146649118937,0.12626054859499264,1.377943450515962,1.1918098658745415,0.3671304538129006,1.2470747878586748
1624,-1.964609639628215,211.65704137139156,-0.10837676126193879,-0.5312839429156143,0.5422251842007977,-0.11547825278225772,-0.09321973585904403,0.14840871274717315
1625,4.049346529433918,211.79096499570494,-0.12940349668733742,-0.5369148117479453,0.5522886745437039,-0.13417983591605645,-0.09102291383271605,0.16214006046951468
1626,0.6123157189902506,216.76361620127636,-0.13509267514384204,-0.6452089442962342,0.6591999792759256,-0.15209161116395958,-0.10688757209106226,0.18589462405882293
1627,-108.50800662194358,211.98936479081533,0.001575906582386267,-0.5593611570385804,0.5593633769608946,0.00013097947406084378,-0.10774827687100047,0.10774835648070183
1628,-112.2927654710328,217.28356058555585,-0.0023647819365332414,-0.6854766801289197,0.6854807591713808,-0.003823059861084028,-0.13052262097244616,0.13057859844636974
1629,-114.96524115082583,212.31372784339223,0.004972069512915445,-0.5698337727230101,0.5698554641406717,0.004173411923459978,-0.11153103178838458,0.1116090875281423
1630,698.5080066223179,211.98936479077784,0.02421392334033238,-0.2137136403750913,0.21508099443211004,0.01721988362386527,-0.03322910478671237,0.03742589741002578
1631,704.9652411510664,212.313727843312,0.01933027231136686,-0.21671761880658885,0.2175779991838089,0.013654059684935618,-0.03435685012278755,0.03697061666025428
1632,702.2927654712516,217.28356058548434,0.025127461353594366,-0.24050261352128005,0.2418116962114169,0.017821487091779477,-0.03550810752688163,0.03972947397465829
1633,166.68459915696917,211.89573108025922,-0.3578158926847604,-0.7911355495265696,0.8682900844663028,-0.25995162831858243,-0.12293425222501653,0.28755465469299296
1634,168.8426275128849,217.07675755253234,-0.44502013690030784,-0.9887204547259513,1.0842559936842684,-0.3332643285148928,-0.1554011707865871,0.3677154287520778
1635,423.31540084503825,211.89573108024757,1.1453543527182126,-0.7715302215143445,1.3809762764075744,0.8724936113379387,-0.17072083297583995,0.8890392030937008
1636,421.1573724882022,217.07675755241263,1.3481694651373124,-0.952615595210498,1.6507687236457076,1.0218320937505607,-0.20159588028754105,1.0415285530255824
1637,277.7376075746314,221.371219130444,0.20575542290000862,-1.2928446489945762,1.3091151899228235,0.17465968152578837,-0.22477488520111333,0.28465725595505814
1638,284.72677162155617,221.81928924787522,0.2753332928412374,-1.326387752371382,1.3546633868927016,0.22525446129551946,-0.24233637397937602,0.3308572055842319
1639,504.67123769423773,211.895780568504,1.2770597101870562,-0.5492810844624098,1.3901766841417134,1.0358254610594115,-0.1570482015591818,1.0476633635819836
1640,506.83595939574195,217.07565908947888,1.4603632142808598,-0.6570784224545161,1.6013783971566622,1.1760563419001127,-0.18900104941414986,1.1911464712633475
1641,85.32876230722644,211.89578056851954,-0.2920227384760413,-0.6690233262451967,0.7299791030209244,-0.2484833333508489,-0.11550044946236748,0.27401518348288295
1642,83.16404060485635,217.07565908940276,-0.35745696551619094,-0.8202962553480432,0.8947968645084008,-0.3168963380693325,-0.1425317279143251,0.3474745782701173
1643,663.0232507035826,211.7120091095478,0.07391236353812675,-0.2022449357943973,0.21532777697796468,0.054599809197440285,-0.024077107146529636,0.05967282675508471
1644,669.0506275547502,211.7195480422908,0.061874513948192544,-0.20469610887285836,0.21384328949961032,0.04547837975803149,-0.026285132638914382,0.05252800418120843
1645,-73.02325070292042,211.71200910969213,-0.007045562878816197,-0.5494357957723809,0.5494809674886919,-0.010510537255038258,-0.1035903355653231,0.10412218311160111
1646,-79.05062755409591,211.7195480424234,-0.002737000351565522,-0.5552345422629814,0.5552412881738055,-0.0052304079735855935,-0.10899503490232948,0.10912046004728063
1647,-2.700820225035941,221.81484628848148,-0.1609812424126925,-0.7500224850998246,0.7671040923916719,-0.19005658260618544,-0.12640634333768153,0.228254393666246
1648,3.313135944026192,221.94876991279486,-0.1128836005287878,-0.7932789616450303,0.8012703777483355,-0.1586817670564113,-0.1530001566529522,0.2204290160844826
1649,638.0565294204791,205.73980643685383,0.12117329157408112,-0.1519710017940684,0.19436602577917267,0.09367416809134359,-0.014588947899343008,0.09480341327407489
1650,-48.05652941949197,205.739806436908,-0.009199016727865278,-0.3932264603573482,0.39333404509898284,-0.014003309990164609,-0.07653910761635407,0.07780956037267191
1651,312.2623924256438,221.37899966015718,0.5736161954585136,-1.3130672779427994,1.4328926045228976,0.4442647330788925,-0.24960616553506831,0.5095825653716771
1652,304.6914556972099,221.93912218182356,0.4957192193981158,-1.3438956229079921,1.4324081086589595,0.3867212189513675,-0.2583459463686191,0.46507626169514277
1653,605.3137509928913,205.6379476321198,0.3730687162503139,-0.10009052530746516,0.38626206168996396,0.3072876116559757,0.04167783557808134,0.31010114197743177
1654,-116.50796266977838,206.88801038744216,0.00686321965925599,-0.4285537661830562,0.42860871933941425,0.006132014091015595,-0.08554928698728997,0.08576877112822659
1655,706.5079626701564,206.88801038735676,0.013805350262347842,-0.17639230885235424,0.1769317221928573,0.009720890117286995,-0.029778658488229803,0.03132513696747372
1656,189.93250761399662,211.85957751741375,-0.3239967906471314,-0.8340675348680686,0.89478632816474,-0.2208205434185919,-0.1246186410346386,0.2535577214146758
1657,195.80894855012082,211.8469519756022,-0.3060116136889233,-0.8441012238091553,0.897858554421916,-0.20384453371802588,-0.1235635155576722,0.23837058607070313
1658,192.56617162805125,216.92784668694452,-0.40668644390956527,-1.0489796254372807,1.1250564955780424,-0.28811064236924133,-0.16333502291583413,0.33118887656038953
1659,400.06749238801115,211.85957751739014,1.1086157713594211,-0.8613934128281073,1.403932883071872,0.8439233988276079,-0.19752795690103875,0.8667317906055139
1660,397.43382837329966,216.92784668693113,1.3315559806470971,-1.071337438200631,1.709036347210715,1.015494507658714,-0.2396132788007873,1.0433808597356373
1661,394.19105145194214,211.84695197562561,1.0876574394610379,-0.8865837841783727,1.4032211201314584,0.8277647786654513,-0.20680615410458636,0.8532076618119375
1662,527.9204226928377,211.85080236637222,1.3400302933867045,-0.4749387734982393,1.4217060264928434,1.116570370966106,-0.139768900135037,1.1252842924187405
1663,533.8037174759072,211.83696024841117,1.3516335976979748,-0.4506711490076326,1.4247869549423278,1.1334826225343642,-0.1299558511639347,1.1409081377740815
1664,530.5658532035986,216.92343026204577,1.5132112048779842,-0.554676753274472,1.6116682199483212,1.2522379864655333,-0.16246142269125124,1.2627326275225959
1665,62.07957730839393,211.8508023664538,-0.2694225962741665,-0.645992966868339,0.6999253164634577,-0.24163184892416165,-0.12203883434087415,0.27070173161948596
1666,59.43414679714878,216.9234302620707,-0.32383121816305427,-0.7857320650877041,0.849847948731981,-0.30386840504504276,-0.1484893487619523,0.3382086549459769
1667,56.19628252539914,211.8369602485172,-0.26339944869689647,-0.638879448375807,0.6910471902343606,-0.239403973264608,-0.12251089421927042,0.2689296964213629
1668,-15.309158100096786,205.64515504074376,-0.04547401992818725,-0.3814379138925165,0.38413899651441796,-0.05127755631669272,-0.07159842814793471,0.08806658103427521
1669,164.3761050845472,206.9039033124942,-0.2646687508346016,-0.5919598094754093,0.6484334689869974,-0.18643504726173027,-0.09133300595963234,0.2076047803522497
1670,425.62389491804754,206.90390331249102,0.888295957261524,-0.5804881680267506,1.061148538568574,0.6777896089248052,-0.13146116560343762,0.6904207355144071
1671,502.35840700674834,206.90401071986867,1.0178103800843372,-0.42544811551979417,1.1031518793016521,0.8293361390429262,-0.11909476505249084,0.8378436576029777
1672,87.64159299530516,206.90401071989515,-0.2200362010774742,-0.5102657828984658,0.5556861515114363,-0.18007003971259972,-0.0881477575225093,0.20048752170233522
1673,726.6058402701592,214.6537954201379,0.0069387679775362475,-0.23216017042513715,0.23226383970148,0.004837682837716318,-0.0377275859194145,0.03803648136388457
1674,731.8989943799511,216.1830388333878,0.004375892125264562,-0.23998040481239227,0.24002029732048,0.0030617088576979645,-0.0388651279880986,0.03898553878889699
1675,726.8491819982719,218.53227475480526,0.007761701521672565,-0.24868370248045568,0.2488047987678279,0.00547290587071885,-0.03912504580053744,0.039505973061853585
1676,-136.60584027007258,214.65379542016856,0.020686960633749817,-0.6379515514456238,0.6382868730689522,0.019866242150436756,-0.13242469952794855,0.13390656676297563
1677,-136.84918199819066,218.5322747548374,-0.010368811115391868,-0.723476931773821,0.7235512304272648,-0.01145167712617747,-0.14508424632635253,0.14553549203231475
1678,-141.8989943799041,216.1830388333986,0.03788391609797668,-0.6648920304127287,0.6659704221699936,0.0372251682284687,-0.13186715889077127,0.13702065809052924
1679,527.3412792101396,221.9686361900034,1.6085070435962339,-0.6476104022306374,1.7339821632231471,1.314263162567046,-0.1904584867146849,1.3279917528517944
1680,533.2245739932092,221.95479407204238,1.61787772742604,-0.611685718404167,1.7296496058453197,1.330807188331308,-0.17700864390980586,1.3425274047605398
1681,62.658720790058034,221.96863619000365,-0.37625815166500715,-0.9214545703536321,0.9953133787506145,-0.3647372745760728,-0.17276045027315878,0.40358326606013545
1682,56.775426007063245,221.95479407206705,-0.36526510260993134,-0.9089252659075527,0.9795732408501976,-0.360018673824786,-0.1717095222537144,0.3988704119575134
1683,189.34486534591434,221.97023611437805,-0.4977742914534225,-1.2356639687632929,1.3321579069058627,-0.3702588466417467,-0.2002665033584674,0.42094926758922335
1684,195.22130628203854,221.95761057256647,-0.4815896367221531,-1.256498324378934,1.3456287070976318,-0.3532546296270189,-0.20304009481829688,0.40744829543973465
1685,400.65513465478426,221.9702361143478,1.4957267641406107,-1.2229054969367816,1.9320187388855055,1.1342585332569923,-0.2557163348154611,1.162726650661176
1686,394.77869371871526,221.9576105725833,1.494520410764285,-1.2640994250802289,1.9574316372939344,1.136986411769457,-0.2712524008416436,1.1688951901307238
1687,596.25,227.0,1.1495197802070927,0.3705996777362292,1.20778302944923,1.0018260908788812,0.5850626272398981,1.1601524874595204
1688,598.9536572638032,221.8039370616146,0.978580226990026,0.20471284627975683,0.9997632770250217,0.8449299563565579,0.4203045800206904,0.9436962282085607
1689,-15.717572661970479,221.48164747041503,-0.14962629174844852,-0.791456306274941,0.8054757053597366,-0.1646049743285448,-0.16537913631043044,0.23333464444973623
1690,-8.950820225023424,221.81484628848148,-0.06175423428294358,-0.7554465106384126,0.7579663685729242,-0.09877028715244175,-0.13083223268982647,0.1639287733583726
1691,-6.249999999987483,227.0,-0.17683251518961352,-0.7157772442499107,0.737296956330542,-0.2185793409549639,-0.03580750838622215,0.22149290270601388
1692,340.0704155574639,221.9704195073202,0.9966493176746992,-1.3654487614206603,1.6904911068936916,0.7831377685437105,-0.27516732473057526,0.8300733829722552
1693,249.929584443574,221.9704195076249,0.01541011553950069,-1.2586615235966032,1.2587558550582647,0.04766348368175456,-0.14978626328979439,0.1571869344029601
1694,605.720677850834,221.47777083769844,0.7797361659438822,0.13916413485211768,0.7920575388884344,0.6682847556936857,0.34774776010485564,0.7533478740598618
1695,21.23278231530778,221.92729096578162,-0.28331939868882844,-0.7874709800079316,0.8368873436897295,-0.3127077941301497,-0.12246374834273854,0.33583259842948193
1696,24.28291328310273,216.8720370998298,-0.23929623601491137,-0.6956527485560027,0.7356598637579905,-0.24638328400339798,-0.11755717056410453,0.27299159508552095
1697,27.050130967791354,221.9447461340482,-0.26750246462785154,-0.8440458915370641,0.8854213887198413,-0.29280540538328376,-0.16514056557468426,0.3361642631512096
1698,568.7672176851831,221.92729096583363,1.6044314930195451,-0.24511528581404515,1.6230471093386745,1.37489027892572,0.05336249204824142,1.375925446614766
1699,562.9498690326564,221.94474613405333,1.6268682273303257,-0.333334092477788,1.660666085131176,1.3853646362978569,-0.012862658304110819,1.3854243478022688
1700,565.7170867179393,216.872037099887,1.4972584462314729,-0.274839564178377,1.5222744958939713,1.2861062614267094,0.007253098191141727,1.2861267134751373
1701,21.46063041697689,211.82277682905737,-0.195469147781504,-0.57207570123293,0.6045484229369688,-0.1912592192866162,-0.10214113253227597,0.21682458328589474
1702,27.277979069460464,211.84023199732394,-0.2134405799917998,-0.5838643168000369,0.6216545838483054,-0.20625120657417353,-0.10519140467249277,0.23152708660170745
1703,568.5393695844941,211.82277682921548,1.29039806152543,-0.22195153663714756,1.309347028791137,1.1168351304972928,0.015458125381765081,1.11694210340251
1704,562.7220209319673,211.84023199743518,1.3286420740962817,-0.273706721735335,1.3565416066534683,1.1451127019727154,-0.022818180090210416,1.1453400235571451
1705,-102.67910513339412,211.87638996377237,0.004888723894616829,-0.5584616655569836,0.5584830628747823,0.0037045655689683142,-0.10923415335973957,0.1092969536001525
1706,-96.65103150059022,211.82133007660013,0.0003360208908179497,-0.5548878206669479,0.5548879224082589,-0.0016386165130924473,-0.10673326928635762,0.1067458469291949
1707,-99.80745730934665,216.9041376458067,1.7285620351490183e-05,-0.6746609449810461,0.6746609452024852,-0.001962362260907682,-0.12662614252787585,0.12664134726515255
1708,692.679105133856,211.8763899637533,0.02943983726485951,-0.21194888904732745,0.213983727387336,0.021063629603425553,-0.032173173581570735,0.03845503335559841
1709,689.8074573098219,216.90413764572259,0.03785952485106784,-0.23554016518053614,0.23856343608194208,0.027069651177462302,-0.03225777433711388,0.042110925186388974
1710,686.6510315011747,211.82133007652573,0.03588968324322429,-0.2102886781074024,0.21332931702758925,0.025868405194339913,-0.030914502166467073,0.0403098106110541
1711,608.75,227.0,0.7927000105525095,0.22507458968007385,0.8240339056432098,0.6878207000222337,0.4304979296729317,0.8114343983537771
1712,611.970677850834,221.47777083769844,0.6266995813312927,0.06157104976782466,0.6297168883000752,0.531903928459158,0.2678838278428347,0.5955531330872289
1713,633.75,227.0,0.30953380248424,-0.09857176249503444,0.3248500688652074,0.2522364844021509,0.11219999041565329,0.2760653580455708
1714,630.5611142731732,221.51622353217027,0.2871820914720266,-0.1341054095530134,0.3169508077503967,0.2282935865957171,0.0743372802314087,0.24009163440848824
1715,636.8111142731732,221.51622353217027,0.2176330400068101,-0.1752420914702038,0.2794171267575721,0.16743726015028226,0.034583755579369074,0.17097155388136015
1716,-43.74999999991192,227.0,-0.13168818510792335,-0.6026748603107127,0.6168944523559567,-0.1398337643035278,0.08903392052257597,0.16577249664197902
1717,-46.81111427301832,221.51622353218266,0.0612016060366405,-0.8563021789405469,0.8584864927532597,0.04578661720673581,-0.220992400031933,0.22568574431520935
1718,-40.56111427303091,221.51622353218266,-0.12810893516225594,-0.8659281173742849,0.8753533022316078,-0.1316175494706413,-0.23071427699886216,0.2656167482290309
1719,-18.749999999962352,227.0,0.07080037930310924,-0.5866023238883326,0.590859526537955,0.04961839658130919,0.10020445021415991,0.11181644388023673
1720,-21.967572661957863,221.48164747041503,0.025895685508570437,-0.8263484846193248,0.826754137915628,0.001953697066210132,-0.1961667056510008,0.19617643420704972
1721,658.75,227.0,0.11065810213201548,-0.21830373640056924,0.24474831336274575,0.0806299734860595,-0.0011855227129699275,0.0806386885338894
1722,656.0862781295241,221.91159312589866,0.1092745406061149,-0.22443619543535845,0.24962478051302492,0.0787444812196172,-0.010534793567520878,0.0794460521237961
1723,-68.74999999983655,227.0,-0.0027245390760259345,-0.7725404739285301,0.7725452782658727,-0.00913607774634333,-0.08196480252509453,0.08247240004731869
1724,-66.0862781291963,221.91159312595633,-0.06734672180424665,-0.8123138743696477,0.8151008596678122,-0.06481334302013358,-0.17260821404018734,0.18437560843991435
1725,7.222263869395277,206.78903063609354,-0.1152543095520099,-0.4210693514607724,0.4365580770182886,-0.1112899722799734,-0.07815804702658485,0.13599315514056984
1726,9.799189228013743,211.89560546597835,-0.15159205522855207,-0.5532124258807453,0.573606258122482,-0.15363443045169425,-0.09830216494338945,0.18239203341367138
1727,582.7939726809643,206.76876032675514,0.8469447703432015,-0.1168721014299303,0.854970486101331,0.7356831729451819,0.05351246231392727,0.7376268125397761
1728,580.2054009452138,211.88899785792117,1.1513143291082808,-0.10752521658417959,1.1563245031614289,1.0009862752322685,0.10670666379835149,1.0066577548016729
1729,521.3412792101147,221.9686361900034,1.5973420705471721,-0.680500065765737,1.7362551741743204,1.296275461850903,-0.2006313632891804,1.3117099591495243
1730,545.110789051923,221.92615076811148,1.632271288322633,-0.5244688478852074,1.7144611780627943,1.3612496086406833,-0.13545970661097656,1.3679728904987647
1731,551.110789051948,221.92615076811148,1.6361624545643119,-0.46928168912305945,1.7021318637144731,1.3741762358993552,-0.10336227018775912,1.3780580852086344
1732,449.00000000041206,221.80384757727415,1.4815936612798097,-0.9684039982853326,1.7700073675099577,1.1235163916502264,-0.21106864076538456,1.1431706143097329
1733,455.000000000437,221.80384757727415,1.4841355600389459,-0.9450151742099109,1.7594635659936535,1.1290830771424256,-0.21194836073783674,1.148804031464403
1734,424.4871910795066,222.01284290034658,1.4887597487044557,-1.0816734744243741,1.8402236534279879,1.1220997700390913,-0.21727138569410498,1.1429412710035536
1735,430.48719107953156,222.01284290034658,1.4867392903871883,-1.0519498561675233,1.8212611612484009,1.120920383684393,-0.21311849303282626,1.141000437612427
1736,406.6551346548092,221.9702361143478,1.494484332331471,-1.1834761483795748,1.9063313493114453,1.1303257397505908,-0.24275775870015592,1.1561001718501056
1737,134.99999999978488,221.8038475772833,-0.47938188668959925,-1.0533273917622084,1.1572837109035348,-0.39125449835437426,-0.16518461740359058,0.42469523226580214
1738,140.99999999979715,221.8038475772833,-0.4875846063487115,-1.067955203264006,1.173996194426069,-0.39362428064550437,-0.16627335995263037,0.4273018892347982
1739,183.34486534590206,221.97023611437805,-0.5086470490680576,-1.212874975562316,1.3152138711521149,-0.38305904570025906,-0.19572507124407057,0.43016570761311235
1740,159.51280892114806,222.0128429003788,-0.5117134760407055,-1.1284731954084648,1.2390732158823599,-0.40118845580737805,-0.17628737943389983,0.4382116123755512
1741,165.51280892116037,222.0128429003788,-0.5157711231144101,-1.148963492024993,1.259419293740161,-0.40058935738068846,-0.18102630436980305,0.4395933986315781
1742,68.65872079004176,221.96863619000365,-0.3871926725144197,-0.9311456615651925,1.0084395910021278,-0.3692020299527365,-0.17108424131911293,0.40691517119537063
1743,38.8892109485772,221.92615076817054,-0.31708147977601087,-0.8484904260665511,0.9058016714179447,-0.33069808874261275,-0.14655066589915655,0.36171580498162254
1744,44.88921094857174,221.92615076817054,-0.3380790436518669,-0.8719146916686842,0.9351645145664251,-0.3454319292061324,-0.15813722152567045,0.3799086713236873
1745,86.49090817770967,222.01265960165276,-0.41804910324756933,-0.9603510018576076,1.0473963430788784,-0.38090716297202226,-0.16561853131341298,0.41535498638851887
1746,92.49090817768645,222.01265960165276,-0.4262832508350637,-0.971957560561878,1.0613288413474433,-0.38268878165762066,-0.16574344831061638,0.41703908002067147
1747,110.99999999978968,221.80384757731287,-0.4472358009294866,-1.0029167526647103,1.0981174228690513,-0.38369748730848885,-0.16522986362452308,0.4177614984656035
1748,116.99999999976785,221.80384757731287,-0.454958904290611,-1.0147287713682076,1.1120530940722864,-0.3851506159312098,-0.16490640564069092,0.4189691152979207
1749,497.5090918226259,222.0126596016712,1.5476852838645725,-0.787298157494468,1.7364239478552312,1.2225837878830703,-0.21661932810363516,1.2416259709359283
1750,503.5090918225088,222.0126596016712,1.560198650651048,-0.7633059481740474,1.7369098422230302,1.2406548659416814,-0.21544606413424383,1.2592225787904647
1751,473.00000000043275,221.8038475773924,1.501120448156797,-0.8767171809812063,1.7383887986587168,1.157413659657689,-0.21493884073370317,1.177202227664454
1752,479.00000000032117,221.8038475773924,1.5095999566787686,-0.8546940012925321,1.7347604633060956,1.170315866229224,-0.2162077851710188,1.1901197557878016
1753,-4.402275494208618,206.60153488957118,-0.07856308408450921,-0.40884256565637006,0.41632247317836796,-0.08079246880342604,-0.07715758193253447,0.11171712252393694
1754,594.419502415647,206.57880027031212,0.6128154151880959,-0.08653268264132319,0.6188946907651272,0.5233753675479179,0.07036793616798542,0.5280846729421901
1755,15.232782315306926,221.92729096578162,-0.2152909693786616,-0.7920622959668445,0.8208001475318294,-0.2504850341660624,-0.13874210721295077,0.28634266998661473
1756,574.7672176852082,221.92729096583363,1.5632958009869737,-0.13257887201375798,1.5689075558132621,1.3477135863217848,0.1440316271104539,1.355388143803985
1757,187.32865393526419,206.89277215348756,-0.237217605558372,-0.6193587877790151,0.6632326140849366,-0.1548881931487068,-0.08949311714428221,0.17888367838646244
1758,402.67134606730184,206.89277215344867,0.833985237666386,-0.6404969997667834,1.0515549359665948,0.6294959379507998,-0.14640708927169055,0.646297278104717
1759,556.9498690326313,221.94474613405333,1.6355394031857542,-0.40873730110108236,1.685839648568217,1.3830998132747103,-0.06520643981744795,1.3846360436137017
1760,33.05013096779034,221.9447461340482,-0.29396253507462455,-0.8239427926048322,0.8748118069121777,-0.3136408048928641,-0.13325052467804988,0.3407730283059668
1761,365.0871323914471,221.9449069730754,1.402188773023988,-1.480111075136745,2.0388384315430605,1.0910666579590134,-0.36229680367810047,1.1496457828675835
1762,371.0871323914721,221.9449069730754,1.4451773856061219,-1.4385678296311526,2.03912115292766,1.1197129964668564,-0.34362850075736984,1.1712547720242357
1763,218.91286760971843,221.94490697319884,-0.3474065746367747,-1.3336783461014188,1.3781833183436347,-0.23120503247055207,-0.20319448600485868,0.3078047533461557
1764,224.9128676097307,221.94490697319884,-0.28616705783306456,-1.3440382379482976,1.3741653357787762,-0.1790440999771084,-0.19538978448255429,0.265016900624756
1765,525.31231419293,206.88386714641877,1.0833087431675164,-0.3740253751817652,1.1460596905497742,0.9076431144335886,-0.10847281506656131,0.9141019498869745
1766,64.68768580879195,206.8838671464856,-0.20403161085479837,-0.49409056521538613,0.5345599918277308,-0.17531939238064678,-0.09308355545035613,0.19849795374259835
1767,554.0606580847292,216.87089690216482,1.528704926571051,-0.3946526607187129,1.5788253466216464,1.2976314603904786,-0.07649901391568986,1.2998844202948197
1768,35.93934191637317,216.87089690221876,-0.27586496616685413,-0.7245474787742978,0.7752873844945699,-0.2750135111480145,-0.12612865380613547,0.30255721545669184
1769,213.11959234957436,211.84286747034724,-0.22225324747458655,-0.864042189310484,0.8921689363127671,-0.13239090150381655,-0.10935125763496667,0.1717121089129771
1770,218.952349226058,211.85471658226635,-0.1800707315152032,-0.8648127184893496,0.883360915147008,-0.09870903702451847,-0.09907949804097316,0.13985785970891648
1771,215.9929783430024,216.87796483447858,-0.2845379318916072,-1.0990290819149462,1.1352650604946681,-0.18024806555430195,-0.1537409191898258,0.23690849577294706
1772,376.88040765292806,211.84286747053602,0.9670970107952771,-0.9441959843354049,1.351585248929665,0.7310330206479947,-0.218119817895026,0.7628797626338575
1773,374.0070216589147,216.8779648344899,1.2296934888171318,-1.1983651317836483,1.7170396225812874,0.946209886436213,-0.28578567546287614,0.9884263257771939
1774,371.0476507768576,211.85471658219694,0.9031481140875551,-0.9553465001779129,1.3146723741609903,0.6795182731059365,-0.21494371858786276,0.7127032241019066
1775,671.25,227.0,0.07606466255724077,-0.2340614015124199,0.24611089485820237,0.05463609566912449,-0.015000353334271382,0.056657863974197885
1776,674.6136549806918,221.91913205864168,0.0646447137030718,-0.2402421735087798,0.2487875417740502,0.04613284877882298,-0.02427925534180425,0.05213177511271105
1777,-81.24999999981455,227.0,-0.00584015306406367,-0.7799965496013651,0.7800184131017976,-0.009898348518698741,-0.0904429899940189,0.0909830299696368
1778,-84.6136549803498,221.91913205868758,0.02057970118422833,-0.8285301945044207,0.8287857427021565,0.009835777130766606,-0.18647773595435724,0.1867369500619229
1779,-102.91776547100733,221.97959876648946,-0.07769303532211133,-0.824140294182711,0.827794317589296,-0.07157236834224992,-0.18128674593056404,0.19490379206216482
1780,-96.88969183820343,221.92453887931725,0.022299043898534755,-0.8288289928437185,0.8291289083955049,0.01246634477878211,-0.18784768297827847,0.18826088747387568
1781,692.9177654712515,221.97959876647508,0.03798822329575852,-0.2494389640832994,0.25231508459090973,0.027105777093799195,-0.03221961437000659,0.042104948664149495
1782,686.8896918385703,221.9245388792475,0.04490875795256437,-0.24684702331585429,0.25089888294039875,0.03186347786315272,-0.030030862059749946,0.04378508761653164
1783,359.1196252225084,221.94562615397683,1.3325764168953733,-1.497564830617487,2.0046097696978564,1.03998226962008,-0.36231821095719985,1.1012890661017927
1784,230.88037477849878,221.94562615414344,-0.2086897878836,-1.3391382931262805,1.3553017360293131,-0.11468123883785088,-0.17678404817892068,0.21072348286774104
1785,536.8953756979423,206.83397747413932,1.1064046949704076,-0.3393187053373568,1.1572677014608075,0.9391222875368354,-0.0948458449893059,0.9438995737154212
1786,539.5408062087033,211.9066053698129,1.3635365310979846,-0.42615720066993346,1.4285803552203702,1.150298752077552,-0.11850961426732304,1.1563873692257987
1787,53.10462430383222,206.83397747422805,-0.19707294281534418,-0.4822111914724433,0.5209274210205999,-0.17362205858779567,-0.09298029091248888,0.19695165327164688
1788,50.459193792587065,211.90660536984495,-0.25875285195635433,-0.6314110725540127,0.6823730511526344,-0.23844427361541506,-0.12055696615698364,0.26718842360581235
1789,198.90286161338958,206.84236945974106,-0.20547459295254633,-0.6283809964197796,0.6611221407656301,-0.12594666564791226,-0.0844056791310207,0.15161425149832
1790,201.5365256274442,211.91063862927183,-0.2855321571102327,-0.8552593476864703,0.9016635539651745,-0.18541437614598483,-0.12104751904759525,0.22142943063012804
1791,391.09713838934044,206.8423694597376,0.7713054867495551,-0.6667966552380068,1.0195734075222644,0.5757839160573313,-0.15168163520391253,0.5954279439600132
1792,388.463474374629,211.9106386292786,1.0620045129791609,-0.9104097022584583,1.3988207217347188,0.8073924066301899,-0.2127058474090996,0.8349408816234315
1793,15.71883559929713,211.8741265189651,-0.17580104692039142,-0.5547827550707402,0.5819707152616758,-0.17468910388115974,-0.09224994767758682,0.19755084373730253
1794,12.54591825933577,216.87606087857648,-0.18876276815006124,-0.6598863595419228,0.6863536917283722,-0.2026462857609156,-0.10316518576633427,0.22739519055357552
1795,574.2834839089785,211.87123076054252,1.2356951900412836,-0.16589382828724994,1.2467812017170308,1.072764463627717,0.05954291679370577,1.0744156334318509
1796,577.4563524067015,216.87234902904592,1.3900687743383187,-0.109825243303532,1.3944005097019707,1.204981796615334,0.13888984135744833,1.2129598172266942
1797,213.0801107332348,221.93305786127974,-0.39329573199758006,-1.3190972630467335,1.3764807017117586,-0.27116464379684513,-0.20780354813557333,0.3416322272022993
1798,376.91988926754254,221.93305786141445,1.470480001622566,-1.3978146103013986,2.028841324486455,1.1341445666717995,-0.3273095467608782,1.1804301917148576
1799,207.08011073322248,221.93305786127974,-0.4306114050674581,-1.2980019959869733,1.3675654879238277,-0.3046664869444337,-0.20664231657947618,0.36813409957296167
1800,382.91988926756756,221.93305786141445,1.4835332290974377,-1.351466139794295,2.006821259815324,1.1383112475714845,-0.30696600657351825,1.178974395625046
1801,551.1598446118687,211.8456999751046,1.3623276026985767,-0.35906160863374187,1.4088512114020775,1.1625535406026728,-0.08041917817108152,1.165331703415608
1802,556.9989245925522,211.86429534104644,1.351316190601033,-0.31791300623024116,1.388208963560903,1.1590930941039566,-0.053201068773048255,1.1603133863392587
1803,38.840155389786645,211.84569997523187,-0.2398375551797806,-0.6051834810578304,0.6509754977108491,-0.226421166063201,-0.11061977348447816,0.2519985688990652
1804,33.00107540899977,211.8642953411095,-0.22438219020841663,-0.599420991508891,0.6400413208100146,-0.21423764205766777,-0.1122285287764545,0.24185328185856161
1805,515.3268675729817,222.06299948780767,1.5865646718220014,-0.7116921068331693,1.7388769688515318,1.2785399963145383,-0.2080141542066224,1.2953510761667186
1806,74.6731324270634,222.06299948775,-0.39910308980292064,-0.9419436968311268,1.0230059649337964,-0.3748378415130342,-0.1685645964549758,0.410995657651245
1807,80.67313242704017,222.06299948775,-0.4093296174468108,-0.9512702538627408,1.0355992620715968,-0.37857014268691885,-0.16652172991115943,0.4135756756224902
1808,509.32686757303,222.06299948780767,1.5738033765193296,-0.7388846579099333,1.73862232978825,1.259644399386993,-0.21245974622348407,1.2774361654001993
1809,418.6701814089954,222.06391465206605,1.492407131337933,-1.1142471882007836,1.8624784138565662,1.125259299760038,-0.22352187452180972,1.1472447516054256
1810,412.6701814089704,222.06391465206605,1.4948974920900073,-1.1488324518032937,1.8853473192420969,1.1284272156060808,-0.23198060851841484,1.1520256002576794
1811,171.329818591577,222.06391465215353,-0.5178274968734189,-1.1713723309763342,1.2807257529600633,-0.398574221492846,-0.1861415381966699,0.4398978089066261
1812,177.3298185915893,222.06391465215353,-0.5160200199221613,-1.193901738163562,1.300645232702001,-0.39319001231346457,-0.19166925756367692,0.43741912404246064
1813,486.5189873436014,197.0,0.16971943784182028,-0.13611954909676346,0.21756198939072446,0.11849913869217465,-0.03416016428652252,0.1233246232301946
1814,488.79746835605897,201.87293653778067,0.6296152006476834,-0.2961666574020202,0.6957945025963544,0.5026085850164578,-0.07728445152136593,0.508515758044138
1815,483.16455696367797,201.87293653778067,0.6198020193409863,-0.3027470743999413,0.6897900653364675,0.49130669138866034,-0.07753279356336693,0.49738677011055693
1816,509.0506329130746,197.0,0.1784333271310784,-0.1257582231532941,0.21829700621341594,0.12985408407334853,-0.034362877177398735,0.13432382692001169
1817,511.50391802434666,201.8831209668328,0.6775015753412735,-0.26889410100403227,0.7289118068358298,0.5572421831101864,-0.07498589753906404,0.5622648268095253
1818,505.8710066319826,201.8831209668328,0.6648436501761217,-0.27616134406988735,0.7199181669731609,0.5427308029450149,-0.07604075369551974,0.5480318610153275
1819,80.94936708987501,197.0,-0.04663537406098969,-0.15366315764158017,0.1605840095719046,-0.03451925670504726,-0.030014932223894175,0.04574358140629034
1820,84.12899337061904,201.88312096686678,-0.13526558937760652,-0.33445363473600326,0.36077141441333066,-0.10732858554299628,-0.0597478936155425,0.12283825164074282
1821,78.49608197818301,201.88312096686678,-0.1323285416563322,-0.33214413535864756,0.35753401179473154,-0.10610644218709299,-0.06061948769875086,0.12220187953735374
1822,103.48101265961895,197.0,-0.05152447249339615,-0.15846050404192263,0.1666268363948104,-0.036724536813097924,-0.029344398001086097,0.04700835349363696
1823,106.83544303919197,201.8729365377952,-0.14679091716608006,-0.34673145070469813,0.37652393319713884,-0.11160002330850968,-0.05928095938851802,0.12636770690521779
1824,101.202531646756,201.8729365377952,-0.14400858281827042,-0.3432277807585166,0.3722146980033741,-0.11066907076701765,-0.05907055792113408,0.12544709656882944
1825,58.41772152013118,197.0,-0.04295274700114233,-0.14940879285049086,0.15546036747668207,-0.03323995163397207,-0.031184202793286098,0.04557794300406278
1826,61.44617297460572,201.88216617645014,-0.1259022521892871,-0.3246853965020302,0.3482412724075299,-0.10458814131451777,-0.06283301432965266,0.12201092981112747
1827,55.81326158216975,201.88216617645014,-0.12438097584895387,-0.32145851148368104,0.3446827552379752,-0.10458581555365748,-0.06283539410288347,0.12201016173699773
1828,216.1392405083384,197.0,-0.02489892109529952,-0.18165573111488192,0.18335419525768215,-0.009392175556902495,-0.019205582403085397,0.021379133685287162
1829,218.92555756670217,201.9098096090675,-0.06325839665720516,-0.4035795518990436,0.4085071351380207,-0.02425512164811206,-0.03398935069652309,0.041756279610807634
1830,213.2926461742662,201.9098096090675,-0.08010646562365423,-0.40518009805017413,0.4130229505616636,-0.03566958684133028,-0.03923192789516916,0.053023236338448396
1831,35.88607595038724,197.0,-0.03895705619488102,-0.14319020613170247,0.14839503818999664,-0.031474254720148476,-0.030675276328446063,0.04394998621177613
1832,38.71043811261819,201.91954920706132,-0.11691669879895655,-0.3114373339270408,0.3326600778897718,-0.10137361781795032,-0.061967749682200035,0.11881335106028976
1833,33.07752672018228,201.91954920706132,-0.1129715938272921,-0.3064401433542877,0.3266008917178198,-0.09879256762866713,-0.06050447667709494,0.1158480173185277
1834,2.08860759577135,197.0,-0.022330403299011946,-0.13309888864473016,0.13495910888101922,-0.019582708729189498,-0.02900997367070382,0.035000872182664296
1835,4.596970079511387,201.84219508291005,-0.07077154542017632,-0.282881575132884,0.2916000637702632,-0.0658577201008359,-0.05643951482420706,0.08673325850256021
1836,-1.0359413129245847,201.84219508291005,-0.05929835400435229,-0.28003619562847165,0.2862456386561953,-0.05686149544116531,-0.055844208644392296,0.07969821392555848
1837,24.620253165515294,197.0,-0.035205523074583564,-0.13903190239062843,0.14342000814848765,-0.02897526585546385,-0.02956372584786686,0.041395409375951826
1838,27.354430380642974,201.89548586327575,-0.10682663956184396,-0.3014588721818961,0.31982711351174853,-0.09409334667894517,-0.05984749794814956,0.11151359065108578
1839,21.721518988206945,201.89548586327575,-0.10057232282509698,-0.2951332996994763,0.31179874391975415,-0.08937395081656767,-0.057223476598846384,0.10612365126879576
1840,204.87341772346645,197.0,-0.03608175214896646,-0.18283863041750748,0.18636485079297904,-0.016974624088941914,-0.023533850004017115,0.029016890925329393
1841,207.56838390330768,201.95302805670536,-0.09864209217915192,-0.4085604216129121,0.42029975072321996,-0.049747636644517056,-0.045158748162143936,0.06718734916103503
1842,201.9354725108717,201.95302805670536,-0.11356066737088231,-0.4085685079588871,0.42405689579285394,-0.0617177916500465,-0.049723291723182794,0.07925586127187874
1843,227.40506329319726,197.0,-0.014720417561851827,-0.18115019156748716,0.1817473042389696,-0.004280073208540715,-0.01698032334032412,0.017511436474841924
1844,230.2693661911345,201.9193365035177,-0.03204925985610281,-0.40082973926408505,0.40210898390341693,-0.007817145866253823,-0.027119438647063954,0.02822360221563072
1845,224.6364547987116,201.9193365035177,-0.04621066855865609,-0.40203260938123436,0.40467968184049236,-0.01410385749567366,-0.029408744084224003,0.03261584009142874
1846,126.01265822936284,197.0,-0.05624755978178483,-0.16450875674553092,0.173858905516415,-0.03861361537205059,-0.02962304559186779,0.04866760855269693
1847,128.82840784536222,202.05868165034354,-0.16144025445920096,-0.36784665529602784,0.40171397482826793,-0.11808564436751179,-0.06086264142767084,0.13284758382162506
1848,123.19549645292624,202.05868165034354,-0.15872434531719798,-0.364130085559325,0.3972205143315416,-0.11728408424043657,-0.06076624478255621,0.13209122953887348
1849,193.6075949385945,197.0,-0.04585678198903123,-0.18240344740289666,0.18807940365401743,-0.024681623777363076,-0.026787924996963863,0.0364249293469494
1850,196.20789543354832,201.8893414030357,-0.12588973973281667,-0.40430219652788185,0.4234483353223464,-0.07243010177354275,-0.05271268261824369,0.08958094971442003
1851,190.57498404111234,201.8893414030357,-0.13646683141401336,-0.4020264348677975,0.4245567693591661,-0.08187863301472986,-0.05511644989099157,0.09870123399910963
1852,171.07594936885062,197.0,-0.05673316581365175,-0.17705620819430673,0.18592351374526297,-0.03477568877677499,-0.028938614033755333,0.045241484415233055
1853,173.52622061637834,201.88288817988038,-0.15704778538873002,-0.3914040464194417,0.4217358586236379,-0.10263407593592097,-0.05855455578947172,0.11816255560423002
1854,167.89330922394237,201.88288817988038,-0.1607203915359391,-0.3876982532437655,0.41969152936857385,-0.10717238214615679,-0.05921428494975339,0.12244284804345437
1855,148.54430379910673,197.0,-0.058927109581989316,-0.17072537205356683,0.18060885057636739,-0.0386560323541692,-0.02955220281841628,0.048658211319235596
1856,150.81977094778858,201.87282014429815,-0.16405516929954114,-0.375397893318522,0.4096799688560396,-0.11463191389165464,-0.059815221287472686,0.12929940595429296
1857,145.1868595553526,201.87282014429815,-0.16330329415199674,-0.3715322811899894,0.4058376545456704,-0.11553088599881911,-0.05985951946478962,0.13011743807125803
1858,238.67088607802017,197.0,-0.005943923566802642,-0.18117641797659187,0.1812738940338534,-0.0010471932892359113,-0.017555599563139596,0.017586804422814507
1859,241.71631650464764,201.83909394051915,-0.010554794443082166,-0.3968819418281475,0.3970222656665704,-0.0022273465662129704,-0.02987937836033966,0.029962281687587723
1860,236.0834051122476,201.83909394051915,-0.02036707571896247,-0.39665575141786297,0.3971783011522803,-0.0046462381003861165,-0.027106818052099302,0.027502129252025127
1861,463.98734177402036,197.0,0.1682138016831799,-0.14777602993005523,0.22390542221794618,0.11500412171005546,-0.034987140368287706,0.12020835246126417
1862,466.80450355026153,202.0586816503243,0.6100559375733491,-0.32937750964095064,0.6932948801381505,0.4749208482779701,-0.08065532847288603,0.48172097124802016
1863,461.17159215786154,202.0586816503243,0.6037616163844095,-0.3365843927382281,0.6912431864793147,0.467492812552991,-0.08120675539112032,0.4744934845810417
1864,396.3924050652205,197.0,0.1453295078224229,-0.18641432376655173,0.2363703999007669,0.0950484857348793,-0.03976628491403708,0.10303189824689209
1865,399.425015962137,201.8893414030423,0.48304585693475727,-0.41697388009933223,0.6381226501127556,0.35220325447816886,-0.09188580753217551,0.3639919423433076
1866,393.79210456973703,201.8893414030423,0.45809694461821615,-0.42333895863664056,0.6237537050536055,0.3302403098034098,-0.09151353777771004,0.3426855553063835
1867,418.92405063482045,197.0,0.16484982674300475,-0.17450774806746416,0.24005920001694628,0.11104351408288712,-0.03918127274897934,0.11775327661728256
1868,422.10669077929174,201.882888179901,0.5459600593859391,-0.38487289468616176,0.6679816850100034,0.4094925181412632,-0.08763224390589353,0.41876429239568025
1869,416.47377938689175,201.882888179901,0.5342919704669815,-0.39276428737374924,0.6631226848341858,0.398504347933469,-0.08865851942704767,0.4082475332306069
1870,441.4556962044204,197.0,0.16965535779603988,-0.16083848282200566,0.2337775822986176,0.11534665813642674,-0.03690620331416007,0.12110705754128377
1871,444.8131404477607,201.87282014430195,0.5727784581013922,-0.3518205649091882,0.6722000237712199,0.43691899302314396,-0.0822306116968744,0.4445897884166935
1872,439.18022905536077,201.87282014430195,0.5671333289518128,-0.35939167605125416,0.671418341738513,0.43078073332959227,-0.08308954318296524,0.4387207681365622
1873,373.86075949562047,197.0,0.1099885039526353,-0.19090429052611713,0.22032230741125375,0.06843504958509092,-0.03446745825454384,0.07662481119221486
1874,376.70735382944565,201.90980960912154,0.36591382725639193,-0.4338256656395601,0.567536463273531,0.2528505598934292,-0.0823018541457533,0.2659078803537975
1875,371.0744424370457,201.90980960912154,0.3332079706248362,-0.43370343067859646,0.54692432517699,0.2275819345544245,-0.07709007141084578,0.2402840320239022
1876,351.32911392602045,197.0,0.07662598854378923,-0.1889773052370081,0.20392146531190444,0.04844901307986095,-0.029411588945500472,0.056677583158702374
1877,353.91659489152653,201.83909394013182,0.24090418364870098,-0.42358490275117233,0.4872976457342752,0.16470659359778367,-0.06359290109887011,0.1765568436644588
1878,348.2836834991266,201.83909394013182,0.21911493664359527,-0.41905085429094324,0.4728794496933612,0.15178472551530559,-0.06069272559502353,0.16346929326301465
1879,362.59493671082043,197.0,0.0919153224231424,-0.19059762719664228,0.21160312376980747,0.056906923303869594,-0.03136188934901632,0.06497665752754939
1880,365.3635452052834,201.91933650333362,0.29942944013965317,-0.4327876268701282,0.5262728566002843,0.20262267719913402,-0.07187363979267952,0.2149924868742913
1881,359.7306338128834,201.91933650333362,0.2704206371080056,-0.43041243237217935,0.5083130756870569,0.1833661709098688,-0.06732800705697556,0.19533615427874934
1882,385.12658228042045,197.0,0.12896397681311908,-0.1897739517916452,0.22944685679710758,0.08226630364982492,-0.03783364271088238,0.09054904326926871
1883,388.0645274924239,201.95302805669527,0.4336520973803875,-0.43093220286379674,0.6113564467865319,0.3088030469730324,-0.09002289167346289,0.32165733762045734
1884,382.4316161000239,201.95302805669527,0.4028051345371215,-0.4347739793090644,0.5926891170704144,0.28288059579743674,-0.08751789418323597,0.2961094616539311
1885,587.9113924061711,197.0,0.11714119607225003,-0.06641887432550074,0.1346607837638857,0.08999055816085338,-0.007882756673078486,0.09033514493744337
1886,591.0498583564865,201.82482053204626,0.43407472212775045,-0.10031560326288957,0.4455155268318729,0.37054910940957775,0.014570669084713564,0.37083547144496226
1887,585.4169469641225,201.82482053204626,0.5087601377040697,-0.1104754535379317,0.5206166570050133,0.4387479088219036,0.00803899036070907,0.43882155013355145
1888,565.379746836715,197.0,0.16515807412533576,-0.08442309095449045,0.18548435981262698,0.12886773274998098,-0.018251350167192662,0.13015377185101476
1889,568.2784810138005,201.89548586338185,0.6751107864636962,-0.15401126640666263,0.6924550845938056,0.5863169905025355,-0.02060206334293954,0.5866788374962376
1890,562.6455696214366,201.89548586338185,0.7030057769777438,-0.16851608966877227,0.7229210157004256,0.6092326056483601,-0.029588787298976182,0.6099507063024965
1891,531.5822784825308,197.0,0.18621023654120242,-0.11325023506137691,0.21794464419707055,0.1411439733514871,-0.03224231508672783,0.1447797917376494
1892,534.1867384200206,201.8821661763688,0.7226606802501456,-0.23420467349120414,0.7596645890554099,0.6113126485623283,-0.06516895410361714,0.6147765015607282
1893,528.5538270276566,201.8821661763688,0.7129059157196095,-0.2439137242268662,0.7534777697677847,0.5990737808038796,-0.06872635388510775,0.6030030734291458
1894,554.1139240519869,197.0,0.1785122072288947,-0.09512016651856807,0.2022732167348212,0.13863742338905588,-0.024231468675246684,0.14073911765431743
1895,556.9224732820213,201.9195492069931,0.724380658672968,-0.18498552603342389,0.7476275700516571,0.625840688058471,-0.039848685588634775,0.6271080326169027
1896,551.2895618896573,201.9195492069931,0.7330652210580355,-0.19848950024356457,0.7594621123083143,0.6306269671227696,-0.0473857953812169,0.6324047637916504
1897,643.3056664147413,222.19043692336385,0.16942112628446263,-0.19700736699603325,0.25983729655729865,0.12657065229492026,0.015064539437769475,0.12746399637087216
1898,-53.305666414573565,222.19043692335703,-0.056826997155422145,-0.8085953982399561,0.8105898011081409,-0.05544691742628634,-0.1636154651161552,0.17275526352980744
1899,618.167211102287,222.8364166526348,0.5142610540208586,0.0083960041783496,0.5143295874911411,0.43228235258916603,0.21557010210154065,0.4830512408431353
1900,624.417211102287,222.8364166526348,0.39859069224876187,-0.06353247802471901,0.40362224382621503,0.3285884140540426,0.1448059635342101,0.3590809281006469
1901,-34.41659006432608,222.83719197918697,-0.03749094805531941,-0.7762336180671198,0.7771384696459556,-0.059070611259271016,-0.12235130697510199,0.13586456283026696
1902,-28.166590064338692,222.83719197918697,-0.062379974453803444,-0.7603221519375223,0.7628768157047126,-0.06709854799386207,-0.10831979376842038,0.127418181061094
1903,382.60466992350626,211.88608591810976,1.0210332925632934,-0.9319368366595691,1.382394752610731,0.7746452507633992,-0.2191632444976337,0.805051422127195
1904,385.6985829861079,216.89066843399777,1.3014444027404912,-1.1379423271415416,1.7287771034245165,0.997847637852026,-0.2652128047172284,1.0324910363547215
1905,207.39533007861587,211.8860859179851,-0.25650405396995707,-0.8623021951716651,0.8996440437755896,-0.16052213825070916,-0.11719293096425643,0.1987499432366529
1906,204.3014170153471,216.8906684338462,-0.359705368570809,-1.0773368093949933,1.1358004019439532,-0.24454321332721596,-0.16226510003460226,0.2934814233876477
1907,50.77542600706871,221.95479407206705,-0.35191297150562595,-0.8953479340599566,0.9620242525733704,-0.35310967889177064,-0.1696545174136057,0.3917513249574184
1908,539.2245739932341,221.95479407204238,1.6262792368797134,-0.5712354413452126,1.723686191206196,1.3469525715867112,-0.15944839389355808,1.3563572613508912
1909,388.7786937186903,221.9576105725833,1.4920841682331107,-1.307761594945466,1.9840754910804688,1.1398624021310368,-0.28828981859407965,1.1757539348422121
1910,201.22130628205082,221.95761057256647,-0.45923292188669823,-1.2787506784438099,1.358711954081916,-0.3313193416406912,-0.20588511965780554,0.39007843908851203
1911,98.85132618584346,222.25122283655077,-0.4369610637345058,-0.9913131010181291,1.0833451137426937,-0.3868960380197534,-0.16744831359736745,0.42157737363618647
1912,104.85132618582024,222.25122283655077,-0.44463893565519097,-1.0030756910283305,1.0972076490038445,-0.3881273765923059,-0.16734395629565735,0.4226663698108811
1913,491.148673814199,222.25122283661037,1.5391490961339742,-0.8171789521903748,1.742630591959463,1.2070577815712262,-0.2186856928637716,1.226707756686554
1914,485.1486738143161,222.25122283661037,1.5284131347870635,-0.8402132177197907,1.7441344448810885,1.1912759175915073,-0.21843782632228226,1.2111372324397807
1915,442.8503970953705,222.2519103335448,1.4904081842559354,-1.004194185018664,1.7971428760458565,1.126644261911228,-0.21203313985704986,1.1464228475109588
1916,436.85039709534556,222.2519103335448,1.49079612925522,-1.0292375531921898,1.8115747403580655,1.1249281650327714,-0.21185711823622033,1.1447038110495458
1917,147.14960290495003,222.2519103336473,-0.5010886029875831,-1.0981555997473638,1.2070772590437366,-0.4013644478183362,-0.17042656560494518,0.4360488897318907
1918,153.1496029049623,222.2519103336473,-0.5083939911884703,-1.1158186196397188,1.2261792863244878,-0.4032276028168878,-0.1733588926433003,0.4389143485145651
1919,649.5556664147413,222.19043692336385,0.13441613568858726,-0.21467093122059638,0.2532810814975543,0.09800228942889279,-0.0014011094594612583,0.09801230453887849
1920,-59.55566641456097,222.19043692335703,-0.0037974962616325186,-0.808986692257424,0.8089956051966322,-0.01805730193409162,-0.16202671886322617,0.16302982481350423
1921,545.4270212673921,211.877962065882,1.365996549519768,-0.39345483134018844,1.4215320177909634,1.1592290842743422,-0.10051483299983305,1.1635786614924297
1922,542.3353630453571,216.88094484015386,1.5290318227863982,-0.4856611884282233,1.6043082948856835,1.281819833044806,-0.1306470551733797,1.28846060762931
1923,44.57297873409009,211.87796206594845,-0.2499810730072857,-0.6192058049729898,0.667762207506626,-0.23324103031035243,-0.11648123763884521,0.26070914242141924
1924,47.664636955657016,216.8809448402376,-0.30483727055033966,-0.7598111619112038,0.8186811120829859,-0.29471150922524214,-0.14209104152526886,0.3271769211780618
1925,270.8626075746314,221.371219130444,0.1494674899057167,-1.276079315933642,1.2848030787215554,0.13533693654021278,-0.20857226566991094,0.24863321660383492
1926,319.1373924256438,221.37899966015718,0.6610993412380576,-1.3108790202721856,1.4681471808967788,0.5117802430062233,-0.25047387024802825,0.5697860798655361
1927,-106.2499999998811,227.0,-0.01198387065848586,-0.7796393588463996,0.7797314557066326,-0.01267273807466971,-0.08991969851047854,0.09080831718804472
1928,-109.16776547102431,221.97959876648946,0.016440559778596705,-0.8311971654957452,0.8313597415884383,0.007355332486825664,-0.1897516303370942,0.18989413401044541
1929,696.25,227.0,0.036368237141300934,-0.2514418867550073,0.25405840093900417,0.026042034957835046,-0.03010382593421909,0.03980487307633156
1930,699.1677654712515,221.97959876647508,0.03071000564553811,-0.2517630552441504,0.2536291395573823,0.02179133097311525,-0.034273840819158324,0.04061475433973293
1931,379.6452990414491,206.8628376658168,0.6837227691659642,-0.6874595242252513,0.9695758982792338,0.5017680856270048,-0.15011058846600522,0.5237407760747673
1932,210.35470096167148,206.86283766577287,-0.15931847917840858,-0.6344873394905681,0.6541838898823025,-0.08750822532336554,-0.07403622112221775,0.11462570190538784
1933,460.99887539380904,222.93327536099815,1.5112426068194122,-0.9469418042086984,1.783410495994783,1.1524555452711698,-0.21665233346380708,1.1726431756598348
1934,466.9988753938285,222.93327536099815,1.5162261022326444,-0.9238895042690043,1.7755318665656283,1.1613580088619424,-0.21832556080154542,1.18170151698603
1935,129.00112460669249,222.93327536098798,-0.4841748578333727,-1.0727175322809823,1.1769231907907018,-0.4027079257193941,-0.17003914056348512,0.4371349708737402
1936,123.00112460668157,222.93327536098798,-0.475857900812279,-1.0594664681882509,1.1614258215576037,-0.40069515114747933,-0.17006121696452436,0.4352900431534775
1937,18.713901385654864,206.84232141645924,-0.14837614153380588,-0.4348202979187303,0.4594389740309297,-0.13882941993643239,-0.07938227553518801,0.1599223358666037
1938,571.2884181230065,206.83942565809073,1.0083012302643912,-0.17969237482118058,1.0241878345897106,0.8776634853364207,0.006754389347510936,0.8776894754230172
1939,47.15189873525918,197.0,-0.0414744486806509,-0.14610300651755104,0.15187566759303975,-0.032874035371401295,-0.03067204840086228,0.04496083578743818
1940,50.076172849357675,201.9518112977779,-0.12359750952243584,-0.3203189083388144,0.3433373667393609,-0.10519689375137897,-0.0631163227184049,0.12267867234541116
1941,44.44326145692165,201.9518112977779,-0.12160559968714595,-0.3152829630014184,0.3379219860178147,-0.10463021800080996,-0.061441753517216036,0.12133660451062303
1942,542.8481012672588,197.0,0.18512897062431072,-0.10495055259566928,0.21280825701685838,0.14237545011556757,-0.02906332231529435,0.1453115463396256
1943,545.5567385451806,201.95181129777052,0.7391768665534365,-0.21290166978775357,0.769226599284093,0.632835838709124,-0.055115784356224634,0.6352314132974551
1944,539.9238271528166,201.95181129777052,0.735668092460494,-0.2247553284503011,0.7692350095590195,0.6262532663968597,-0.0608184507406222,0.6291995213151593
1945,580.6891347214435,221.9450580632123,1.4931069023728303,-0.007814015894922036,1.4931273491426624,1.2935694075452708,0.24938847468348468,1.3173900043047155
1946,9.31313594402354,221.94876991279486,-0.22526690963855522,-0.7419841025074406,0.7754260693011792,-0.2629436223107938,-0.10265943429719782,0.28227346308879636
1947,-76.77215189833225,197.0,0.0004108784471307706,-0.1324750653912995,0.1324757025704238,-0.00020998448762365876,-0.028655964096248848,0.028656733445571663
1948,-73.7565928266093,201.8004159837358,-0.0008082517722076591,-0.27987678917482756,0.2798779562411769,-0.002413368690486012,-0.05530970848147901,0.05536233557882479
1949,-79.38950421904528,201.8004159837358,-0.0004219084117957818,-0.27878654966657884,0.27878686891907906,-0.0017839942606237174,-0.05422083361915825,0.054250174505510854
1950,-54.240506328588424,197.0,-0.0004198977200676148,-0.13279442757340143,0.13279509143278856,-0.0014603850619835622,-0.029115261755943186,0.02915186429109385
1951,-50.919228450383606,201.83245329317006,-0.0038541148457124073,-0.28213115285677903,0.2821574766217248,-0.006880802536847269,-0.05712490349473204,0.05753781402550441
1952,-56.552139842819635,201.83245329317006,-0.004617477429459227,-0.2815474609423186,0.2815853225238808,-0.0072069002500534055,-0.056382879409595354,0.056841608894639774
1953,-31.70886075884448,197.0,-0.0033088337057282664,-0.1311669886569468,0.13120871653142474,-0.0044491158593704585,-0.028049601225150725,0.028400259872403966
1954,-28.842238070034583,202.188088893337,-0.013806722685735953,-0.2863900080576308,0.286722622592935,-0.01838429300335905,-0.05438424967284142,0.057407567808707136
1955,-34.475149462470554,202.188088893337,-0.009089492970917499,-0.2875302592561754,0.28767389327221166,-0.013495125453078821,-0.0549405747384569,0.05657371442274499
1956,-88.03797468320425,197.0,0.0007790069489371168,-0.13276752369944939,0.1327698090723578,0.00031465503742274866,-0.028928183517234723,0.028929894735366498
1957,-85.22151898698621,201.87824436311627,4.5107427822783195e-05,-0.2824927498374981,0.28249275343879415,-0.0011391035511365698,-0.05601909174809469,0.05603067193226994
1958,-90.85443037942224,201.87824436311627,0.0010126183366579663,-0.28178135117671305,0.2817831706594094,-1.469573928967972e-06,-0.055304887877890535,0.05530488789741546
1959,-121.83544303782014,197.0,0.0018206987240438994,-0.13470201513525057,0.1347143193032612,0.0016620144254501663,-0.030826098022086384,0.030870869945916368
1960,-119.01898734160216,201.87824436311632,0.005026768213657272,-0.2852417158278712,0.285286005347444,0.004572485424317794,-0.058695586952613205,0.05887341972968257
1961,-124.65189873403813,201.87824436311632,0.00496703226501552,-0.2871545323440308,0.28719748755036273,0.004606405331837953,-0.06062809203993624,0.060802833112316115
1962,-99.3037974680762,197.0,0.001301432054233428,-0.1327637395922319,0.1327701181588152,0.0009584461103845515,-0.02891185960853067,0.028927741788288597
1963,-96.59678270013899,201.89679119728288,0.0016735245494709512,-0.2828957377180452,0.28290068770410354,0.0007911682393230036,-0.05595645136094829,0.05596204424512283
1964,-102.2296940925749,201.89679119728288,0.0022028866265830587,-0.2827490057611193,0.2827575869333855,0.0014577743435667803,-0.05579982819057888,0.055818867169935324
1965,678.0379746839956,197.0,0.009926888769711149,-0.06446121256161166,0.06522109356304522,0.007110083687333438,-0.012519171303066873,0.014397324062353329
1966,680.8544303801775,201.87824436305488,0.022876786571044774,-0.125203693328117,0.12727651859953706,0.016833894690869426,-0.021727707860758602,0.02748587454213078
1967,675.2215189878135,201.87824436305488,0.027578142016465194,-0.12498486783230384,0.1279912930794075,0.020493821602520817,-0.021484241769276838,0.029691233862483526
1968,711.8354430381798,197.0,0.0029236493507654843,-0.06468632179130236,0.064752358662941,0.001991515444319547,-0.012847148014173602,0.013000590212103758
1969,714.651898734362,201.87824436305402,0.006320505952796204,-0.1261337730688891,0.12629203262317595,0.004393540551962169,-0.022762563413186096,0.0231826981113298
1970,709.018987341998,201.87824436305402,0.008133666182282135,-0.12605109627895125,0.12631324316432635,0.005697010019428149,-0.022668012109182276,0.02337294795577783
1971,689.3037974687237,197.0,0.006874465071416177,-0.06456997949729155,0.06493489448900933,0.004847917154196168,-0.012673233142763293,0.01356882968515647
1972,692.2296940931483,201.89679119727822,0.015469541366704623,-0.12580943374860956,0.1267569340519167,0.011142266611641657,-0.022200581234038924,0.024839804998712564
1973,686.5967827007842,201.89679119727822,0.018816431821156884,-0.12563831509661771,0.12703953843901214,0.013691398423835599,-0.0220089472739491,0.025920033775203292
1974,666.7721518992676,197.0,0.013972070347420573,-0.06417626800834486,0.0656796172740994,0.010108824026129766,-0.012174835896013897,0.01582450480382015
1975,669.3895042198743,201.80041598364912,0.03324635329619102,-0.12375002487267198,0.1281381624009104,0.024986535404273716,-0.020966907615997468,0.03261806503284333
1976,663.7565928275103,201.80041598364912,0.039928280217363735,-0.12339617994826393,0.12969535376003513,0.030288436057902615,-0.020584170547943703,0.036620997200792996
1977,644.2405063298114,197.0,0.025705592075025395,-0.06212319255745705,0.06723145482182054,0.018536503259510735,-0.00991673120202155,0.021022452540629028
1978,646.552139843873,201.83245329313223,0.06901148221459796,-0.12091319520456947,0.13922135415242196,0.05354921178168102,-0.01766084792278798,0.05638637806945193
1979,640.919228451509,201.83245329313223,0.08176813967632884,-0.11928199820512729,0.14461750849027794,0.06373262510058683,-0.015941342239734244,0.06569607213994065
1980,621.7088607603553,197.0,0.04683298576908562,-0.059586561318328284,0.07578843477596217,0.03373527583181027,-0.006646493579455681,0.03438378560237467
1981,624.4751494637871,202.18808889330535,0.13881775928958762,-0.11544692081557696,0.1805501642756937,0.10930067196812737,-0.008048489810833795,0.10959660159384177
1982,618.8422380714231,202.18808889330535,0.16506210709388316,-0.11462523249193705,0.2009588095160378,0.13064698651733064,-0.006537415396024815,0.1308104463952316
1983,233.31479661776197,206.7584304440369,-0.04361223273194595,-0.6139342370766648,0.6154813354593069,-0.01082227019445834,-0.04013161417444844,0.04156522571102739
1984,230.63075362683554,211.86496265766115,-0.0873835578042762,-0.8471362935045179,0.8516312499827058,-0.03196497275544049,-0.06795407018514266,0.07509670524053201
1985,356.6852033859895,206.75843044346544,0.4537027124020436,-0.6719996295012517,0.810820358211849,0.32360541699667333,-0.1131705439805909,0.34282362511130077
1986,359.3692463761565,211.86496265731046,0.744012592880955,-0.9486012474660501,1.2055700166558507,0.5542688548078197,-0.18967468014406796,0.5858245878227769
1987,-143.749999999983,227.0,0.16451638743735583,-0.7071345286611106,0.7260198918488454,0.166251855061375,-0.02297626570547573,0.16783202345534973
1988,-146.0711680540111,223.53075908403372,0.07683777685665152,-0.794237859604428,0.7979460016700978,0.06784331429204127,-0.1367542044118707,0.15265787800979158
1989,-139.8211680539941,223.53075908403372,-0.09452627640851195,-0.8080342602879188,0.8135444565177139,-0.08350996449501491,-0.1377517974221829,0.16108839766724595
1990,733.75,227.0,0.004523517073530449,-0.26088022659433446,0.2609194412737882,0.003320751036328442,-0.03838108676344154,0.03852447544857819
1991,729.8211680540319,223.53075908402758,0.0069770847325215605,-0.2599716415475959,0.26006524973613154,0.0050605939207107676,-0.03945190709382945,0.039775150334982835
1992,736.0711680540319,223.53075908402758,0.0025306750073428213,-0.26037428927856754,0.2603865872761344,0.0017981206264959405,-0.039814747654493,0.03985533049139583
1993,30.178792542873936,206.81503507033707,-0.17085847023272066,-0.4521073052075341,0.4833152514376966,-0.15668015932606402,-0.08529520243242833,0.17839266768684672
1994,221.78986046463945,206.82914611258522,-0.09837419381245056,-0.6281969131573881,0.6358528475274139,-0.04204235144344143,-0.05576951175357636,0.06984123249289158
1995,368.2101395391086,206.82914611245516,0.5693645205900091,-0.6895897688053039,0.8942650650381258,0.40931274010400304,-0.13555860560579225,0.4311763615566534
1996,559.821207459107,206.81503507037496,1.0880456599465813,-0.24264993527925893,1.1147745732746241,0.9422981703343908,-0.038076044763900696,0.9430671381192344
1997,224.66324645806748,211.86424347671655,-0.13615650634589185,-0.8594967399623942,0.8702144794395817,-0.06585305657000384,-0.08489913384985481,0.10744527904039194
1998,227.7932423882541,216.89053312734228,-0.16997879118759646,-1.0956796195736078,1.1087861011947087,-0.0885036909776383,-0.12458030708093992,0.1528173950473132
1999,365.3367535450953,211.86424347640903,0.8301556574524154,-0.9585961218907495,1.2680950045261739,0.6214606938052021,-0.20656853758908933,0.654892322955872
2000,362.20675761390555,216.89053312705224,1.0856867445570637,-1.2318137743842155,1.641974689838306,0.834502807628482,-0.28608014047769037,0.8821772966448151
2001,576.645569621443,197.0,0.1442606248159825,-0.07418490362314827,0.16221753233813374,0.11228226731797594,-0.012194539107616878,0.11294252670324233
2002,579.655506730649,201.94393979470888,0.5836139468598165,-0.12296873365633511,0.5964281586464001,0.5061128591240984,0.0011126294382972912,0.5061140821149284
2003,574.0225953382849,201.94393979470888,0.6374506377412088,-0.13741137646776944,0.6520929396485142,0.5538690884805112,-0.008649865644410948,0.5539366275576103
2004,13.354430380643294,197.0,-0.02935089932086345,-0.13541067305045776,0.13855513583740384,-0.02468669567937528,-0.028926636561066615,0.03802871607485746
2005,15.979724170527184,201.94683555318346,-0.09221224551453996,-0.2933141193743632,0.3074675118564431,-0.08279938160622745,-0.05786205968784858,0.10101364039422511
2006,10.346812778091213,201.94683555318346,-0.08240185827464737,-0.28849813325654655,0.30003539647786087,-0.0750675597043099,-0.05651445180445752,0.09396287449156972
2007,41.63471222671669,206.87136050483923,-0.18839372636981144,-0.4679390095030807,0.5044394044384595,-0.16975837162775428,-0.08844897734285445,0.1914187199066578
2008,548.3652877752149,206.87136050476363,1.1170807182430438,-0.29717487626892525,1.1559334920988515,0.958864423790402,-0.072229339050668,0.9615810213552449
2009,705.625,222.30396181900926,0.0248602775323742,-0.25415782206970317,0.2553707734221,0.01769780487982623,-0.03589228968736241,0.04001835524563626
2010,-115.62499999990656,222.3039618190664,-0.06258787470697676,-0.8109062559109946,0.8133180177125819,-0.05512004368341203,-0.16359333166779133,0.1726296538310531
2011,683.75,227.0,0.05287185341777996,-0.24405567577629703,0.24971705140509773,0.03779499827854168,-0.023643420892961065,0.04458108619579245
2012,680.6396918385703,221.9245388792475,0.05452196012132284,-0.24359598376250852,0.2496230106394349,0.03889486854400744,-0.02717431597242559,0.04744738399137348
2013,-93.74999999984712,227.0,-0.005680154552458245,-0.7789956869504693,0.7790163954906041,-0.0080580894834217,-0.0896595666548039,0.09002094588955425
2014,-90.63969183818645,221.92453887931725,-0.0681561035023499,-0.8164575110505919,0.8192973341806687,-0.06290458461944083,-0.17560662400383642,0.18653330308598828
2015,660.3986410408763,206.78643658656998,0.06497829974008684,-0.16901158529363036,0.18107207239267645,0.04889187957047353,-0.023372518090750333,0.05419123997322942
2016,-70.39864104009976,206.7864365866831,-0.004240331143245644,-0.4196602852962854,0.41968170732492505,-0.006886031626083696,-0.07899191088843316,0.07929148388926512
2017,264.0625,222.51871632360078,0.10556958862252919,-1.306606263930141,1.310864168014143,0.10833684620761524,-0.19958688062733887,0.2270942429141789
2018,325.9375,222.51871632365825,0.7918924328312598,-1.3719010897524715,1.584047418873384,0.6163681166040373,-0.2752889507986618,0.6750508585268492
2019,-82.20595991526328,206.6786603468521,-0.0023913927896915877,-0.4187487559824875,0.4187555843166219,-0.004290659046462153,-0.08046586512974108,0.08058017874223579
2020,-93.78032700392095,206.77503556039917,0.0008033562124972389,-0.42171075280810866,0.42171151800156687,-0.0006222375120406092,-0.08126723918349432,0.08126962128636177
2021,683.7803270046021,206.7750355603331,0.030880314426984305,-0.17325723972539597,0.17598768404741494,0.022483086543753167,-0.02755267275504744,0.035561762561501765
2022,672.2059599160563,206.67866034670396,0.044648239220813415,-0.17074928370120418,0.17649017862190886,0.03307944236776958,-0.02583462329145364,0.041972339319769965
2023,283.73417721722046,197.0,0.02297320767087755,-0.18496150877447765,0.18638274597939702,0.015724724565260206,-0.02735458469898247,0.03155218323202221
2024,286.24011076135207,201.73794613582987,0.06975149211877016,-0.40417009547620764,0.4101447753294459,0.05068813363086175,-0.0552439842378859,0.07497456025516845
2025,280.607199368952,201.73794613582987,0.05660099881921219,-0.40371132222671163,0.4076597904642697,0.04117200546311342,-0.05446953419918671,0.06827931011463877
2026,261.20253164762033,197.0,0.007277042592292537,-0.18298510371957594,0.18312974507751056,0.004857511850128912,-0.0237401427440449,0.02423199948171365
2027,264.55448635337643,201.84392186412686,0.025173401607893768,-0.40418266437584244,0.4049658335347158,0.018040502517945114,-0.04863251869584012,0.05187081651373172
2028,258.9215749609764,201.84392186412686,0.015922667803424967,-0.4020550674623138,0.4023702382409811,0.011420367343836429,-0.044760391063971505,0.046194343793021085
2029,328.79746835642055,197.0,0.05888783600950993,-0.1803235902082734,0.18969547811027085,0.03994610203882946,-0.023409141944022938,0.0462998811515968
2030,331.0784250427208,201.84392186420732,0.18085379558621836,-0.40073271214860334,0.43965304725876403,0.13005110020937963,-0.04903336447262546,0.1389876235395635
2031,325.4455136503208,201.84392186420732,0.16831298709008055,-0.4030959565196809,0.4368244633553644,0.12120420694234314,-0.052119178758778695,0.13193509228030226
2032,306.26582278682054,197.0,0.04214687725323156,-0.183798298666571,0.18856875100324816,0.02919274555049136,-0.02690439785504717,0.0396996601587268
2033,309.392800634752,201.7678358162349,0.12851103894569774,-0.403071891458441,0.4230626866255022,0.09258271178770826,-0.054612845384879594,0.10749009909288677
2034,303.7598892423521,201.7678358162349,0.11448483545289957,-0.4039915122988713,0.419899892305543,0.08267238119602399,-0.05505477312745777,0.09932648517256888
2035,295.00000000202056,197.0,0.0325306263581518,-0.18462293464545476,0.18746698282191865,0.02251011198098036,-0.027366198081868187,0.035434643201989795
2036,297.8164556981643,201.86744803915397,0.10073317968997746,-0.40967243660599056,0.42187519339864327,0.07297820144443044,-0.0563195600685617,0.09218302844005614
2037,292.18354430576426,201.86744803915397,0.08580698504892753,-0.4102470384311381,0.41912464879162925,0.06224028154525424,-0.056516669153372556,0.08407131817108787
2038,-133.10126582269208,197.0,9.125179538314949e-05,-0.1333699766504918,0.13337000786774697,1.634204522423744e-05,-0.029481359485966405,0.029481364015310138
2039,-130.7160498488799,201.34421151251502,0.0018719317985189552,-0.2691614016343848,0.26916791090032427,0.001650986123706185,-0.05553509096939285,0.05555962638606752
2040,-136.34896124131586,201.34421151251502,-0.000979199260871668,-0.2680308950776287,0.2680326837296289,-0.001078891985743372,-0.054455357144472416,0.054466043822265484
2041,723.1012658229079,197.0,0.0016033423449096106,-0.06472430609439692,0.06474416194589414,0.001074731050824895,-0.012900425077613811,0.012945115450034987
2042,726.3489612414696,201.34421151250243,0.0029127205367674683,-0.12013735512254001,0.12017265927308339,0.001984882660871356,-0.021970842827148437,0.022060319438137965
2043,720.7160498491055,201.34421151250243,0.00427994993787753,-0.12007687771907162,0.12015312952325302,0.0029425222148045512,-0.021903873146588745,0.02210063564258888
2044,72.9250571391893,202.00170097003547,-0.1318220555663919,-0.3341379696887308,0.35920083118146606,-0.10699507762641501,-0.06231547870894988,0.12381908384012603
2045,67.29214574675339,202.00170097003547,-0.1297764747776502,-0.33149733520842783,0.3559949671779123,-0.1065980472406952,-0.06290197807960313,0.12377318983469868
2046,517.0749428630762,202.00170097004994,0.7001384328098658,-0.2646325860644941,0.7484812828018058,0.580230610923595,-0.07454178698857689,0.5849991793671326
2047,522.7078542554402,202.00170097004994,0.7125245804469075,-0.25636064522287566,0.7572397626644619,0.5947489267346538,-0.07253720870397623,0.5991560168258238
2048,405.2716465627853,202.00343075040635,0.512051425105665,-0.41464382641588504,0.6588825120896358,0.3771042902415982,-0.09264693737819729,0.3883182982093158
2049,410.9045579551853,202.00343075040635,0.5294782964397777,-0.4065553945039519,0.6675586530043882,0.3929030480923167,-0.09152786476937497,0.40342304746937097
2050,184.72835344031037,202.00343075045183,-0.14767522110731643,-0.40383864797950586,0.42999258660005996,-0.09191429331087143,-0.05744270570540966,0.10838773802232063
2051,179.0954420478744,202.00343075045183,-0.15431784736294835,-0.4002911556078682,0.4290070014261035,-0.09866099707510993,-0.058531934272681774,0.11471695460373933
2052,700.5696202534518,197.0,0.004609979558695463,-0.06463365993645785,0.06479785419528386,0.0031931231198025984,-0.012770826790090853,0.01316396794894002
2053,703.6915069739742,202.00976602430276,0.010264155759280488,-0.12742148798526123,0.12783422270201686,0.007251998379003996,-0.022764915774699912,0.02389210896338491
2054,698.0585955816102,202.00976602430276,0.012672096080555945,-0.12726767322094215,0.12789700022341163,0.00902915525091793,-0.02259630270957151,0.024333485995388485
2055,-110.56962025294814,197.0,0.001822876428612038,-0.1333851742704788,0.13339762964026006,0.0015773687390054558,-0.0295221041129847,0.029564213559584156
2056,-108.05859558112437,202.00976602432584,0.003574209399648279,-0.2865209371943721,0.2865432295894877,0.0029146352018787243,-0.056826052118753634,0.05690074953604157
2057,-113.6915069735604,202.00976602432584,0.004643858121635933,-0.2879983268417558,0.2880357645881926,0.004107271133419432,-0.05829623024123076,0.058440740382904185
2058,-134.52801394416258,222.00151567080368,0.07965595087160568,-0.9263605992603107,0.9297790223333615,0.0729410321972459,-0.2831998919872921,0.292442426811866
2059,724.52801394424,222.00151567077768,0.010141274482103934,-0.2570853181858629,0.25728526245171474,0.007242971296042823,-0.03894364490952923,0.039611464401544186
2060,695.3515808136707,206.90655722158098,0.020974414418144675,-0.17565353287905616,0.17690135576947322,0.014998598665196459,-0.02891381042934163,0.03257247911141456
2061,-105.35158081318716,206.90655722160875,0.003030244597135532,-0.42487371510574223,0.42488452098196505,0.00197229615894346,-0.08149582604307926,0.08151968850886526
2062,69.68354430500307,197.0,-0.04463162786425592,-0.15170115027822506,0.15813039303546314,-0.03375338531846147,-0.030752256267339698,0.04566171575826585
2063,520.3164556978027,197.0,0.1833350660482214,-0.12005201896508196,0.21914432162503797,0.13636728232201703,-0.033869417158057,0.1405104021292345
2064,407.65822785002047,197.0,0.15750115399790796,-0.18108613569072976,0.23999750425801122,0.10495275745581875,-0.04004611060325877,0.11233330882702758
2065,182.34177215372256,197.0,-0.05271151527653538,-0.18009232882083567,0.1876479436147927,-0.03070023994643365,-0.02826587776565273,0.04173085882930547
2066,90.09487810699716,202.02088975302837,-0.14085351394577142,-0.34227647214660684,0.3701255135437147,-0.11066435283089932,-0.06003523121009702,0.1259000713817573
2067,95.72778949943313,202.02088975302837,-0.1438200951629161,-0.3454529549304078,0.3741950879458743,-0.11180405892144085,-0.05993822530798182,0.12685715763952546
2068,494.2722105031122,202.02088975303587,0.6521620269679703,-0.294285925845622,0.7154855103842331,0.5245651673953887,-0.07819667494361418,0.5303615133253821
2069,499.90512189547627,202.02088975303587,0.6638220955072465,-0.2875829655427802,0.7234388270987477,0.5379083769625475,-0.07786535559998325,0.5435148899608859
2070,433.7070775583762,202.02101513259004,0.5723436319037669,-0.3731811302309847,0.68325792270655,0.43339393699224205,-0.08574134830815178,0.44179393774851106
2071,428.07416616597624,202.02101513259004,0.5651212082872178,-0.38124142817973,0.681694217825357,0.426150520839113,-0.0868785640945599,0.4349162578135931
2072,161.92583383701947,202.02101513261383,-0.16609773521391943,-0.3893409123501372,0.4232904483600244,-0.11298568213246085,-0.060448438099474144,0.12813968173678067
2073,156.2929224445835,202.02101513261383,-0.16711266708872438,-0.38530381259344065,0.4199829419161546,-0.11539417607877467,-0.0606147577088792,0.13034555890019953
2074,-90.90867917987347,211.80278324243352,0.00044800745744540886,-0.5554230429464319,0.5554232236291131,-0.0012858338028672936,-0.10765195305467917,0.10765963201244673
2075,680.908679180568,211.80278324230235,0.043066491574158844,-0.20886514493863198,0.21325893056738057,0.031244016315166726,-0.029697246354696283,0.043105858030596335
2076,344.7680862488682,206.8677858793514,0.3724769008808225,-0.6561687385466135,0.7545173656952079,0.2696210777559994,-0.10027387376508523,0.2876636496503563
2077,245.23191375430383,206.8677858798311,-0.006032219494074841,-0.6189853853302222,0.6190147776300888,0.00373606168770448,-0.05090992580087228,0.051046828520336644
2078,332.8125,222.51871632365825,0.9032343496472456,-1.3812701485135899,1.6503755674262262,0.7072744258142196,-0.2826151010493203,0.7616484810934449
2079,257.1875,222.51871632360078,0.06048515086483222,-1.2898860212955383,1.2913033731113597,0.07866018252097302,-0.17714550900054893,0.1938245486859091
2080,-6.910637977948655,201.7593398066611,-0.04755215947785027,-0.2766378671351815,0.28069506123925525,-0.04761789633828212,-0.05577843418794598,0.07333960575393354
2081,478.0368500784358,200.94709315309947,0.5359215308542292,-0.2779456769798033,0.6037099358010449,0.4201081945552029,-0.06994041379751503,0.42589031054321935
2082,472.4039386860358,200.94709315309947,0.528191851689775,-0.28389019656472514,0.5996501279054576,0.41120555801735176,-0.0701751695831844,0.41715053082836934
2083,111.96314992442898,200.94709315309032,-0.13190103855277202,-0.3147897177563193,0.34130697381741704,-0.0985674709820916,-0.0537978101604924,0.11229314633524991
2084,117.59606131686495,200.94709315309032,-0.13447907858899397,-0.3179762776262071,0.3452441682507665,-0.0994731870541764,-0.05395715755401376,0.11316487880090638
2085,455.5638225615322,201.10619412353617,0.5246164416860596,-0.3092927082436353,0.609002783458356,0.4021932222884166,-0.0737777510266992,0.40890407750632335
2086,449.9309111691323,201.10619412353617,0.5190190676431914,-0.315882768337161,0.6075876199442811,0.39584447941198514,-0.07435389286586644,0.40276712038751905
2087,134.43617744159155,201.10619412352256,-0.14461142862690377,-0.3340199421052569,0.3639804761433135,-0.10387870715800376,-0.055205543968712245,0.11763688998651624
2088,140.06908883402753,201.10619412352256,-0.1462323726287501,-0.33737219998423124,0.3677008405304967,-0.10386325165164284,-0.055176632517743573,0.11760967570591548
2089,291.60177162155617,221.81928924787522,0.34542237045944957,-1.334410635018282,1.3783933969893065,0.2757454522618857,-0.25008280902823055,0.37225927230166117
2090,596.9139478576956,201.75397973826585,0.3549536344811222,-0.10012118412509524,0.36880392370739407,0.2987300352739727,0.010747281798025227,0.2989232979224522
2091,718.27801394424,222.00151567077768,0.014305565523917436,-0.25624411562509436,0.2566431296517517,0.010135072652930904,-0.038194653514217,0.039516468146220715
2092,711.875,222.30396181900926,0.019215791400295956,-0.255669105234131,0.25639020654143724,0.013595847725138775,-0.03722788414094466,0.03963284538077931
2093,-128.27801394414558,222.00151567080368,-0.1451443529192422,-0.8658932033576282,0.8779737597475681,-0.13754661188547115,-0.22362780026609308,0.2625423080058223
2094,-121.87499999992355,222.3039618190664,-0.003064853400512216,-0.8476671932257371,0.8476727339000387,-0.012318102559059635,-0.20030296682333504,0.2006813747433617
2095,-67.78128871938672,201.9860206029473,-0.0026515994615719882,-0.28417628982861287,0.2841886603657162,-0.004561392183210614,-0.05515763835389942,0.05534592457831571
2096,-62.14837732695081,201.9860206029473,-0.0037569819507173173,-0.2863687178547926,0.286393361443969,-0.00603219776000206,-0.05738638373427485,0.05770255148529585
2097,652.1483773279056,201.98602060292086,0.05909975759145067,-0.12389723156215277,0.13727091948455045,0.04560285385854939,-0.019233124007730515,0.0494927604720221
2098,657.7812887202697,201.98602060292086,0.049522264635141776,-0.12464113472694886,0.13411885460521364,0.03794050149000714,-0.020018867248961014,0.04289798013012685
2099,92.21518987474701,197.0,-0.04901514698029898,-0.15572921771473303,0.16326075426612188,-0.035588223692036555,-0.029369593545700706,0.04614211406723901
2100,497.78481012834646,197.0,0.17340163509195,-0.13093781064638343,0.2172851520684972,0.123418752860208,-0.03428802430273409,0.12809315816293226
2101,430.1898734196204,197.0,0.16858584788275277,-0.16762997823113013,0.23774145138809055,0.11425964919189338,-0.03802085959311369,0.12041948844623866
2102,159.81012658397867,197.0,-0.05870242939320195,-0.17393287130839546,0.183571835906946,-0.037397064170243716,-0.029372451399537675,0.047552931663268974
2103,721.25,227.0,0.013271781515882842,-0.25976935526859474,0.2601081661948866,0.009531900505934623,-0.03744393167641197,0.0386381307343257
2104,-131.249999999949,227.0,0.2878700362814941,-0.5640658157975357,0.6332767186152103,0.2854129422018299,0.12568936664118469,0.3118627333667286
2105,247.81939472007642,202.02869193931193,-0.0005188472763119189,-0.4067747581292921,0.4067750890278806,0.0017138286607650006,-0.035836557011300285,0.03587751422691705
2106,342.1806052833621,202.02869193921958,0.20567098461211766,-0.4218746553741771,0.469338661052335,0.14451628044761156,-0.05869756420426153,0.15598191997127783
2107,-9.177215189100593,197.0,-0.014804579501160112,-0.13195233255209898,0.13278024566985064,-0.013990298732732404,-0.02911271507028962,0.03229982410780223
2108,-12.543549370384627,201.7593398066611,-0.0375153862994491,-0.2756259712244682,0.27816736009573134,-0.039536587038659414,-0.0552234565025623,0.06791738998780712
2109,613.2099297184589,200.88396789385394,0.16820770396097345,-0.09957560192027097,0.19547156358306125,0.13384149158921133,-0.003190991772453966,0.13387952531779007
2110,-23.208646703684696,200.88581523408266,-0.01870211514399915,-0.24761021115755488,0.2483154964563193,-0.022236706608339433,-0.04753317100696405,0.05247736146913881
2111,278.0114251159338,205.52856356191003,0.07802890147895637,-0.5770677694836485,0.5823192595499876,0.05873295389132428,-0.0795727304642565,0.09890085594340242
2112,311.9885748872851,205.56598728435478,0.20904343867359146,-0.5768074827725028,0.6135193814663321,0.15302932796291652,-0.08103657780598028,0.17316149156000754
2113,475.2531645588204,197.0,0.16812898498999823,-0.14168705098593856,0.21986945220029772,0.11582821492929118,-0.034350684793229905,0.12081450624602126
2114,114.7468354444909,197.0,-0.05402108725142422,-0.16146304167386685,0.1702603644257901,-0.037808034062789986,-0.029514412956027747,0.047964028311141944
2115,452.7215189892204,197.0,0.1690010372399264,-0.15414555541879055,0.22874047049776394,0.11509929102061225,-0.03582430630195142,0.12054554208042548
2116,137.27848101423479,197.0,-0.05795223596033549,-0.1675540060071031,0.1772929964263415,-0.03894049368856879,-0.02960093385572471,0.04891397892055455
2117,-40.11198451282479,200.90735314373794,-0.0036892129344738454,-0.24954589423681778,0.24957316286517853,-0.007021416599421466,-0.04751770474121361,0.04803366064475813
2118,-45.74489590526076,200.90735314373794,-0.0021947313016365522,-0.2506427043256109,0.2506523131294463,-0.0052198712450184405,-0.04835616090557318,0.04863707796877043
2119,635.7448959064176,200.9073531437216,0.0850199153883839,-0.10803494727730589,0.1374770375221194,0.06637582314981762,-0.013581745564680614,0.06775111594209786
2120,630.1119845140536,200.9073531437216,0.10093367398497707,-0.10610588322980495,0.1464447506743845,0.07912304315541413,-0.011420891673682904,0.07994305926592706
2121,-65.50632911346037,197.0,-0.00014255028417925627,-0.13271995951512702,0.13272003606946645,-0.0009610523513315229,-0.028943455981385938,0.02895940720678559
2122,655.5063291145395,197.0,0.019133281970671816,-0.063463328638628,0.06628481395360279,0.013864997160079023,-0.011381221114627936,0.0179379580863891
2123,599.1772151908991,197.0,0.08842832213575992,-0.06189404630320083,0.10793720917055663,0.06629391309971015,-0.0060500105916190886,0.06656940394979231
2124,602.5468592500597,201.75397973826585,0.2861615398577481,-0.09930494066736,0.302902456468589,0.2364415548607609,0.008968706218901196,0.23661159429794468
2125,-84.88264232203684,211.79737642180388,-0.0027374775055021856,-0.5516580649985716,0.5516648570110855,-0.005346182040705908,-0.10407195084360354,0.10420917721009891
2126,674.8826423226894,211.79737642169653,0.05188812770308943,-0.2070172571063101,0.21342099834916015,0.037880913502921124,-0.02801334362645158,0.04711380932327004
2127,740.0,211.99999999999994,0.0,-0.2171904036456708,0.2171904036456708,0.0,-0.03644393077936567,0.03644393077936567
2128,735.8278263259192,214.65227974936022,0.0021357161381287404,-0.23269831436762264,0.23270811501311164,0.001490949578661598,-0.03824606326307872,0.03827511313855951
2129,735.8278263259192,209.65227974936022,0.0016730324488383652,-0.20053534118945815,0.2005423199814624,0.0011458838455685593,-0.03419815707072027,0.03421734935410967
2130,-150.0,211.99999999999994,0.0,-0.5764332097151587,0.5764332097151587,0.0,-0.1250841228306105,0.1250841228306105
2131,-145.827826325893,209.65227974936485,0.007095299929145014,-0.4857198760467958,0.4857716966518317,0.007067869800688346,-0.0829982299860369,0.0832986252247572
2132,-145.827826325893,214.65227974936488,0.013043820019825549,-0.6023764530979488,0.6025176615565514,0.01265138568075789,-0.09848808430522604,0.09929733284311618
2133,297.8164556972099,221.93912218182356,0.416170896804039,-1.343381550729932,1.4063684461008912,0.3278650028882454,-0.25578217254428703,0.4158364821782531
2134,727.8096989597528,208.99649126186267,0.004855727095928151,-0.1951672693111614,0.19522766478141754,0.00334321527612142,-0.033241105346473676,0.033408803825307073
2135,-137.80969895964483,208.9964912618799,0.004554475315998659,-0.4848128227973485,0.4848342153707154,0.004159697224795011,-0.09537068156389794,0.0954613533476474
2136,300.9434335460958,206.63528385538888,0.18237549245858534,-0.6291417889483051,0.6550421443316339,0.13486842253698275,-0.0909882700806014,0.16269098527538206
2137,289.0565664574958,206.60539417498387,0.12989238476284537,-0.6287324597712691,0.6420097644034782,0.09707874443487999,-0.09059380805520545,0.13278373650035666
2138,-87.75334681870612,216.84367093800483,-0.004804808553475889,-0.6731661648754944,0.6731833121211613,-0.0071859855644356724,-0.12626191969969125,0.12646624353867542
2139,677.7533468192621,216.84367093788916,0.054783118162204915,-0.23099317574204614,0.23740058398194797,0.03950560904322701,-0.02839517533944777,0.048651609720894974
2140,249.93670886282024,197.0,0.001073003676001712,-0.18175322900929183,0.1817563962896294,0.0015431100725655808,-0.020363807465031636,0.020422189969955023
2141,253.45230611247646,202.02869193931193,0.008119600237038841,-0.40859715532952456,0.40867782329285857,0.006415501808162562,-0.04125472583339512,0.041750581637135735
2142,340.06329114122053,197.0,0.06536573743408747,-0.18543294615604192,0.1966165230859594,0.04266459314070329,-0.02725347507320952,0.0506262719487402
2143,336.54769389096214,202.02869193921958,0.19438807368960956,-0.41467267871222196,0.4579739661412281,0.13840489498620762,-0.05405621431637997,0.14858663890929613
2144,708.75,227.0,0.02337879925938772,-0.25639203629116386,0.257455713722458,0.01670112367509727,-0.034441472105279314,0.03827718031398901
2145,-118.74999999991506,227.0,-0.01956489332869065,-0.8344335209325484,0.8346628576298653,-0.020503621870920252,-0.14509528004426908,0.14653681721994152
2146,610.4430379756272,197.0,0.0643407615901809,-0.05968671762769669,0.08776239435642635,0.04702734304579698,-0.005695121159449895,0.04737093411542444
2147,607.5770183260948,200.88396789385394,0.20708666931195358,-0.0985009824046364,0.2293192799164451,0.16742699234275607,-0.0007604071534654672,0.16742871911347929
2148,-20.443037973972537,197.0,-0.008353700708218064,-0.1310517810125307,0.13131775821296518,-0.008904059132108138,-0.028306537534694295,0.029673933615736475
2149,-17.575735311248724,200.88581523408266,-0.026402830833181196,-0.24901655317987972,0.25041236637513226,-0.029112522994035155,-0.04941954162877715,0.05735704045604745
2150,-56.24999999988673,227.0,0.010715512795607693,-0.8395560382466323,0.8396244181601995,0.0035344459414361233,-0.14924994804674652,0.14929179247389815
2151,646.25,227.0,0.1760102932013378,-0.18142920176360916,0.25277693440146254,0.1343411116194821,0.03294620483903535,0.1383220397639285
2152,632.9746835450833,197.0,0.03448439134238223,-0.060450908065704904,0.06959515451684027,0.024753767670320028,-0.008012279872545422,0.026018179079869856
2153,-42.974683543716424,197.0,-0.0005761952115693922,-0.13121199954607335,0.13121326467168093,-0.001778137604513739,-0.027720699378256816,0.0277776699411645
2154,-144.36708860756403,197.0,-0.0006946325435382789,-0.13105619047264344,0.131058031328005,-0.0007027414852416519,-0.027234503608259894,0.027243568642587937
2155,-140.8024461210058,200.39929825237598,-0.00274646757540596,-0.2357065216554947,0.23572252212097797,-0.0027393379321596564,-0.04545179203228597,0.04553426590220538
2156,-146.43535751344177,200.39929825237598,-0.0019405561362531415,-0.23381526503534997,0.23382331774583326,-0.0019185409491170712,-0.04366778934528959,0.04370991450092331
2157,734.367088607636,197.0,0.0005081643472619361,-0.06474366133195501,0.06474565555827445,0.0003368392175634847,-0.01292672166717062,0.012931109531629029
2158,736.4353575134778,200.39929825237255,0.0006357458295885039,-0.10892722000427373,0.10892907523071739,0.00042523913774425605,-0.02022128435701699,0.020225755100159042
2159,730.8024461211138,200.39929825237255,0.0016866160595390665,-0.10891449362153631,0.10892755204523771,0.0011387789457686975,-0.02020618521241789,0.020238249388864184
2160,621.25,227.0,0.5177847111800411,0.04275857986310157,0.5195472098700057,0.43989449798750535,0.24954004678454506,0.5057444061073857
2161,-31.249999999937124,227.0,-0.05343463047321486,-0.8677628229624109,0.8694064507751835,-0.06629457957622675,-0.18102229931192626,0.192779781433026
2162,314.4945084317536,200.7981514681199,0.12151549779737786,-0.3576259853753476,0.37770671376166043,0.0869386041857546,-0.047916771163124205,0.09926901760603113
2163,320.1274198241536,200.7981514681199,0.13281538140162932,-0.35662730023022193,0.3805561151871785,0.09498785323559912,-0.04710583122109341,0.10602665512661359
2164,269.8725801794021,200.79061742608013,0.029714257253332425,-0.3579722660977542,0.35920339694841213,0.021095273588335985,-0.045498273671889355,0.05015080732040997
2165,275.50549157180217,200.79061742608013,0.0393993183125233,-0.3593132261722118,0.3614668737045963,0.028250990633196263,-0.04744885689090311,0.05522239121959811
2166,297.81645569816396,211.8065702209775,0.24614629832441404,-0.869689902343675,0.9038520489645208,0.18634273862911288,-0.13794962843680847,0.23184847686722335
2167,317.5316455716205,197.0,0.050713211467436806,-0.18256890243853535,0.18948148710349622,0.034820923665552866,-0.02593234307986836,0.04341639255551129
2168,272.46835443242037,197.0,0.014398938394724798,-0.18431189388651079,0.1848734801287829,0.009627093883682738,-0.026195293956357613,0.027908320660785507
2169,740.0,201.99999999999997,0.0,-0.127776887041272,0.127776887041272,0.0,-0.02326055080814876,0.02326055080814876
2170,736.4353575134778,205.39929825237252,0.0010736155922344288,-0.163636457937159,0.16363997988468312,0.0007256314624227577,-0.02884683860598744,0.028855963657087338
2171,-150.0,201.99999999999997,0.0,-0.27946737773807884,0.27946737773807884,0.0,-0.050246293984469975,0.050246293984469975
2172,-146.43535751344177,205.39929825237596,-0.002843977157550513,-0.3735772869082605,0.3735881120964764,-0.0028250030444288772,-0.0645154360073888,0.06457725702927085
2173,291.6017716225102,211.6867372870292,0.20492581495530562,-0.8637812663118164,0.8877570983474823,0.15655560631559665,-0.13574443075570564,0.20721054111708373
2174,-138.4172301471936,204.74350976489103,0.00045297429426735476,-0.366565639297153,0.3665659191728573,0.00035912428971415105,-0.0721628448280936,0.07216373842823678
2175,728.4172301473114,204.74350976487497,0.003420923741258976,-0.15702882487609082,0.15706608342099038,0.0023333245140851706,-0.02772773729570638,0.027825740220661466
2176,294.4182273187661,216.75841142969875,0.2968077453634189,-1.099238091968769,1.1386040666284554,0.2305620920270457,-0.1893802575785355,0.2983684973994412
2177,736.0711680540319,218.53075908402758,0.002296227173366413,-0.24936920591592351,0.24937977768530065,0.0016228433899233194,-0.03976990365931768,0.039803000612260726
2178,-146.0711680540111,218.53075908403372,0.08099164059465738,-0.7073796951526778,0.7120011790443255,0.0786193342072078,-0.1313658284516367,0.15309467853576583
2179,-142.26318383933477,208.05157800174086,0.0012002678394651318,-0.45880735183916493,0.4588089218231853,0.0011013343874752145,-0.09027095255480971,0.0902776706200694
2180,732.263183839397,208.05157800173276,0.0028563974551791904,-0.18759547511538524,0.18761722013234575,0.0019535483223906626,-0.03230881725901791,0.03236782389541393
2181,-150.0,222.0,0.0,-1.1013004786553724,1.1013004786553724,0.0,-0.44722004751708133,0.44722004751708133
2182,740.0,222.0,0.0,-0.2582721621033505,0.2582721621033505,0.0,-0.04003803870477288,0.04003803870477288
2183,740.0,193.25,0.0,-0.05107885186508581,0.05107885186508581,0.0,-0.010196491765865484,0.010196491765865484
2184,736.2191319550728,193.2499999999999,0.00027094126131564227,-0.0510774338663408,0.051078152467933895,0.00018078831072309816,-0.010195056665557055,0.010196659493540688
2185,736.2191319550728,189.4999999999999,0.00018849203356542297,-0.035738067941971784,0.03573856501696324,0.00012615407645102567,-0.007135115152216858,0.0071362303134357855
2186,740.0,185.75,0.0,-0.01871184024164731,0.01871184024164731,0.0,-0.003736403777355809,0.003736403777355809
2187,736.2191319550728,185.7499999999999,9.94207228782148e-05,-0.018715298033021143,0.01871556210603739,6.71339302844517e-05,-0.0037392595709064246,0.0037398621770341665
2188,-150.0,193.25,0.0,-0.10066300057705733,0.10066300057705733,0.0,-0.02081809389350714,0.02081809389350714
2189,-146.21913195504362,189.4999999999999,-0.0002498942725566899,-0.06885025822510198,0.06885071172334153,-0.00025251344583715593,-0.014290289973819925,0.014292520791525435
2190,-146.21913195504362,193.2499999999999,-0.00036982862574236856,-0.10073406635960307,0.10073474523992867,-0.00037347268180171477,-0.02088361417947872,0.020886953416938928
2191,-150.0,185.75,0.0,-0.03525205691389758,0.03525205691389758,0.0,-0.007310305993838792,0.007310305993838792
2192,-146.21913195504362,185.7499999999999,-0.0001393470362338671,-0.035271625570733524,0.03527190082769187,-0.0001401441935687787,-0.007328668884417907,0.007330008732083902
2193,730.5862205627088,193.2499999999999,0.0006825453229387225,-0.05108098808815669,0.05108554797768417,0.00045626562773591666,-0.010196278686515431,0.010206482125401586
2194,734.367088607636,182.0,0.0,0.0,0.0,0.0,0.0,0.0
2195,730.5862205627088,185.7499999999999,0.0002486949618285358,-0.018719207577774684,0.018720859529515625,0.00016773471338618395,-0.003741839697629765,0.0037455973164280164
2196,-140.58622056260765,193.2499999999999,-0.0007598391095157039,-0.10111334180165385,0.10111619675289626,-0.0007771004892423715,-0.021242215467514064,0.02125642498489985
2197,-144.36708860756403,182.0,0.0,0.0,0.0,0.0,0.0,0.0
2198,-140.58622056260765,185.7499999999999,-0.0003145755766204996,-0.03532743926465227,0.0353288398166583,-0.00031895783603653755,-0.0073806165852944375,0.0073875053489180255
2199,483.7025316474078,193.24999999999994,0.12994189785813773,-0.10541957997651186,0.16732658085731292,0.08969305013480519,-0.02585611845773518,0.09334549857483815
2200,489.33544303978874,193.24999999999994,0.13020078570149862,-0.1032370917304666,0.16616299740391163,0.09039727644153323,-0.025669461624453563,0.09397121286934777
2201,486.5189873436014,182.0,0.0,0.0,0.0,0.0,0.0,0.0
2202,489.33544303978874,185.74999999999994,0.046537298886935634,-0.03629611929256059,0.05901803506888186,0.0321884248066577,-0.009039551017698499,0.033433638362215835
2203,483.7025316474078,185.74999999999994,0.04663720646893845,-0.03707683412332111,0.059579532188786644,0.032133388304336506,-0.009159694473129334,0.03341339023143785
2204,492.1518987359688,189.4999999999999,0.08948264492969549,-0.06981732128751934,0.11349714575873113,0.06202776604711177,-0.0173659116874106,0.06441287642645821
2205,494.9683544321624,193.24999999999994,0.13072942474560553,-0.10110915147532193,0.1652671867201004,0.0914006523237229,-0.025526224802423392,0.09489819491363324
2206,494.9683544321624,185.74999999999994,0.046365578255454634,-0.03549691202638527,0.05839347232672178,0.032182421232905274,-0.008896803322218729,0.03338953946622197
2207,478.06962025502014,193.2499999999999,0.13011318646371786,-0.10771715869097953,0.16891544502561,0.08945067267434065,-0.026144296617876636,0.0931930635162057
2208,480.8860759512075,189.49999999999983,0.09001486465290437,-0.07293477346615891,0.11585403333091435,0.06195373869696583,-0.017831051202344066,0.06446869104854337
2209,478.06962025502014,185.7499999999999,0.04675051610078374,-0.03787048480191874,0.06016464389341965,0.03210274945152196,-0.009288681620577204,0.03341954710338909
2210,573.8291139252608,193.24999999999994,0.11624848632325967,-0.06298051465865889,0.13221291842750707,0.09034989053957491,-0.013354051174475398,0.09133144805204654
2211,568.1962025328969,193.24999999999994,0.12366834265166088,-0.0666042374472298,0.14046345937693394,0.09608650990658059,-0.015434212302286518,0.0973182012545416
2212,571.0126582290786,189.4999999999999,0.08566645515626393,-0.04653807839659111,0.09749120103828571,0.06707830989068629,-0.011351133200721862,0.06803196221432593
2213,573.8291139252608,185.74999999999994,0.04457615997332574,-0.024375181338357123,0.05080534915976192,0.03520738357500802,-0.006219353621767211,0.035752485475423014
2214,568.1962025328969,185.74999999999994,0.04612785079446345,-0.02535061000581776,0.05263489381183693,0.03614987423262034,-0.006702085228910203,0.03676589932872368
2215,658.3227848107215,193.24999999999994,0.013864082743764342,-0.050819636554456316,0.05267682839591785,0.010024227093358389,-0.009653585999708163,0.013916783086366685
2216,661.1392405069034,189.4999999999999,0.008918951991238214,-0.0360196003497952,0.03710740241489531,0.006452075960583883,-0.007178363589049282,0.00965184894296077
2217,663.9556962030856,193.24999999999994,0.011836173236785735,-0.05104513313177915,0.052399433330259024,0.008549136038909853,-0.009926609226098844,0.0131005838701738
2218,630.1582278489011,193.24999999999994,0.031200857059794137,-0.04863196573007386,0.05778028705394933,0.02292244586493992,-0.00695998120609867,0.02395578975572185
2219,624.5253164565371,193.24999999999994,0.036997881150891795,-0.04859942504318942,0.06107984384544627,0.027394514524275132,-0.006703508320418487,0.02820277379660804
2220,627.3417721527189,189.4999999999999,0.026430223617389455,-0.03526604821101119,0.044070975447414104,0.020215714901170016,-0.005877682485895944,0.02105284494718933
2221,658.3227848107215,185.74999999999994,0.005173186683471634,-0.019096507984505986,0.01978480421091776,0.0037935177375673706,-0.003950738671008555,0.005477144591102256
2222,663.9556962030856,185.74999999999994,0.004347535143319149,-0.01907471806752176,0.019563893558743262,0.003167832959723026,-0.003958756794554237,0.005070199307634453
2223,630.1582278489011,185.74999999999994,0.014544920274195327,-0.019263552329968903,0.02413791942467595,0.011551459253092044,-0.0038427076832045024,0.012173849564308108
2224,624.5253164565371,185.74999999999994,0.017500853233275396,-0.01944857417260639,0.026163465008290056,0.014022552166442702,-0.0039242613976666185,0.014561311643455177
2225,506.2341772168925,193.24999999999994,0.1330310828150314,-0.09707181572534061,0.16468213747445176,0.09474973398531528,-0.025424423909582924,0.09810154647823947
2226,500.60126582452654,193.24999999999994,0.13175778135047664,-0.09910562767547787,0.16486976188297978,0.0929363245221225,-0.02549525481137506,0.0963699560733438
2227,503.4177215207085,189.4999999999999,0.08950685615615477,-0.06687720973253411,0.11173199398814977,0.0627445847661703,-0.017046462898073732,0.06501895734948797
2228,506.2341772168925,185.74999999999994,0.046113906514291376,-0.033948747318065166,0.05726263894088921,0.032296897990424206,-0.00864951580746448,0.03343506757145026
2229,500.60126582452654,185.74999999999994,0.046224500597336154,-0.03472867836695499,0.05781682762473689,0.03221828762674371,-0.0087810466542141,0.0333934849625353
2230,720.2848101267252,193.24999999999991,0.001509566858725793,-0.051086799920678785,0.0511090981943179,0.0010193009828450886,-0.010192290194668246,0.010243132035952649
2231,714.6518987343616,193.24999999999994,0.0020229367201842876,-0.05108823610426619,0.05112827144759655,0.0013747858408456166,-0.01018536095104465,0.01027772415524248
2232,717.4683544305431,189.49999999999986,0.0012276446723345391,-0.03576577133533661,0.03578683432008337,0.0008340833808571198,-0.007148582724921065,0.007197077883506744
2233,697.7531645572697,193.24999999999994,0.004035613212578497,-0.05111824173038701,0.05127729333348064,0.0028128619815719325,-0.01017476908153523,0.010556425455140487
2234,692.1202531649056,193.24999999999994,0.0049104170421314505,-0.051128878182209535,0.0513641351499164,0.0034489706990499173,-0.010166596971871264,0.010735692472838761
2235,694.9367088610875,189.49999999999991,0.0031026586452601243,-0.03586536401825285,0.035999317032838186,0.002174705546918862,-0.007199410231795805,0.007520694908150828
2236,697.7531645572697,185.74999999999994,0.0014634007923810164,-0.018815764182040798,0.018872586564467275,0.0010255093834964403,-0.003804920420502995,0.003940696499605106
2237,692.1202531649056,185.74999999999994,0.0017851784973196506,-0.018851650406679854,0.018935986515705095,0.0012615102055655671,-0.0038295893478917566,0.0040320171840199405
2238,720.2848101267252,185.74999999999991,0.0005486655507700765,-0.018734641145852545,0.018742673575305978,0.00037312795374729946,-0.0037517930396153143,0.003770301775982072
2239,714.6518987343616,185.74999999999994,0.0007362884304972635,-0.018747737232178083,0.018762189956923483,0.0005040724822227268,-0.003760075429691376,0.0037937127334977494
2240,523.1329113939847,193.24999999999994,0.13813280071086595,-0.09094317523895208,0.16538238042418715,0.101730984587155,-0.025127841557836983,0.10478836598796513
2241,525.9493670901666,189.4999999999999,0.09236819418410702,-0.061308604997852734,0.11086310632313906,0.0673317509699762,-0.016631506493623265,0.06935540135368207
2242,528.7658227863487,193.24999999999994,0.13955756315645115,-0.08865189986858958,0.16533442709997603,0.10389408222140634,-0.02476313911484085,0.10680446329367187
2243,540.0316455710768,193.24999999999994,0.14073912397277466,-0.08340336390065883,0.16359591109367544,0.10679415652733848,-0.02332833406592194,0.10931241026835392
2244,534.3987341787126,193.24999999999994,0.14052975323583838,-0.08613288407520328,0.1648256207743142,0.10568195165365116,-0.024157096086106847,0.10840774970747276
2245,537.2151898748946,189.4999999999999,0.09425940961184383,-0.058256259561532985,0.11080897111007781,0.07035088047365717,-0.016104799210398354,0.0721707069455887
2246,596.3607594947171,193.24999999999991,0.07818311419488885,-0.05282170843131093,0.09435429098251683,0.05983691901927264,-0.008038442123559392,0.060374443512903754
2247,590.7278481023529,193.24999999999994,0.08801238427367625,-0.054808414582390684,0.10368289200525065,0.06771969363365449,-0.00901671242742906,0.0683173331507823
2248,593.5443037985349,189.4999999999999,0.0629076482609668,-0.03954414682424609,0.07430418398571544,0.049471001062442795,-0.007723298993423472,0.05007024359299675
2249,523.1329113939847,185.74999999999994,0.04625399174957699,-0.03173337582255971,0.056093126975287746,0.03309792078332914,-0.008354505098009682,0.034136053017479934
2250,528.7658227863487,185.74999999999994,0.046528243765619835,-0.031026715850605596,0.05592436467575793,0.033634425159234836,-0.008278397163411961,0.034638221885474385
2251,540.0316455710768,185.74999999999994,0.047211274874159076,-0.029563003523185225,0.05570346176455523,0.034931230718507816,-0.008056139000583502,0.035848183428262397
2252,534.3987341787126,185.74999999999994,0.04685988817608316,-0.030265256378220966,0.05578382259682876,0.034255899359848685,-0.008141517928481747,0.035210097346242475
2253,675.2215189878135,193.24999999999994,0.00848525153870107,-0.05118334124284715,0.051881922809941874,0.006085587706671022,-0.010141199580568916,0.01182701596635925
2254,680.8544303801775,193.24999999999994,0.007110297287272797,-0.0511611932557658,0.0516529188223397,0.005067332436286709,-0.010150136102126395,0.011344739790384485
2255,635.7911392412651,193.24999999999994,0.026378509824914593,-0.04906943719391768,0.055710281341157734,0.019264174346739674,-0.0075646064150903525,0.02069617557610123
2256,579.4620253176248,193.24999999999994,0.10740453201333829,-0.060016301694567946,0.1230353199942911,0.0833038047458956,-0.011799520588208455,0.08413532296992658
2257,725.9177215190894,193.24999999999991,0.0010398974717371115,-0.051081359066712476,0.05109194291523991,0.0006972515597759155,-0.01019332765160344,0.010217146781296295
2258,517.5000000016207,193.24999999999994,0.13638274709117035,-0.09306693457278721,0.165111198938502,0.09930378673760468,-0.025317187522263668,0.10248025197307593
2259,596.3607594947171,185.74999999999991,0.03384427682562997,-0.021236515533407233,0.03995528332837249,0.02719792257230322,-0.004663348897594975,0.027594815005535032
2260,590.7278481023529,185.74999999999994,0.036947565146512165,-0.021927021556615453,0.04296413439835649,0.029600568716419706,-0.005018182562493808,0.030022921652730634
2261,709.0189873419977,193.24999999999994,0.002608487418299689,-0.05109415766370831,0.051160699310851,0.0017879817772540104,-0.010180342486786072,0.010336162343154931
2262,669.5886075954495,193.24999999999994,0.01002722417688282,-0.05112298507636779,0.052097071201863035,0.007216736258589488,-0.010046213334399104,0.012369627503942816
2263,641.4240506336292,193.24999999999994,0.022395559574308638,-0.0496212152641167,0.05444103317291301,0.016290756778925313,-0.008232946312672296,0.018252949389549224
2264,647.0569620259932,193.24999999999994,0.019046585867436128,-0.050068183100035246,0.053568604537959294,0.013813517056510622,-0.008773388004771572,0.016364155662690928
2265,618.8924050641731,193.24999999999994,0.04380967217051944,-0.04883468985964193,0.06560574905734862,0.03270830362606607,-0.006619807862244913,0.03337146958448139
2266,562.5632911405328,193.24999999999994,0.1299751075996814,-0.06999887613051427,0.14762578113284902,0.10083975262145328,-0.01718502121194622,0.10229360030232065
2267,545.6645569634406,193.24999999999994,0.13994394421033834,-0.08036424727936457,0.16137756895530786,0.1070100337930994,-0.022164035940879775,0.10928125100669778
2268,511.86708860925654,193.24999999999994,0.13468071337761575,-0.09514103299745753,0.164896060340224,0.09697888586220821,-0.025446580241712785,0.10026182099420065
2269,686.4873417725416,193.24999999999994,0.005941463856122943,-0.05115636713049825,0.051500241657141156,0.004208304572289202,-0.010171096115047885,0.011007316819038706
2270,607.626582279445,193.2499999999999,0.05974369351724034,-0.04981447076691062,0.07778682673094037,0.04521165762004191,-0.0066117744402324555,0.04569255460138342
2271,613.259493671809,193.2499999999999,0.05135938662446099,-0.04901145665596588,0.0709923198520832,0.03860894213517555,-0.006374459375636812,0.03913162589426841
2272,601.9936708870812,193.24999999999991,0.06867416540267209,-0.05102243677839425,0.08555366765112295,0.05226364904748605,-0.007107390342170998,0.052744705983015734
2273,585.0949367099889,193.24999999999994,0.09798441140304351,-0.05701517103897347,0.11336522662000142,0.07576060623589428,-0.010079661263826818,0.07642819524510386
2274,610.4430379756272,182.0,0.0,0.0,0.0,0.0,0.0,0.0
2275,613.259493671809,185.7499999999999,0.023745379080823085,-0.019780366739365056,0.030904788238002377,0.019122782318156638,-0.003957507081988075,0.019527996975921263
2276,607.626582279445,185.7499999999999,0.0270905493427741,-0.020093136405543086,0.03372880066508501,0.02182062069321562,-0.004063666433397579,0.022195785012454772
2277,703.3860759496337,193.24999999999994,0.003266407109649651,-0.05109807095204372,0.05120236586746811,0.0022560946282140174,-0.010171240416771428,0.010418449720914371
2278,652.6898734183574,193.24999999999994,0.016265052781417984,-0.050532813352365986,0.05308594133372197,0.011781262059120032,-0.009307742473026681,0.015014399943049539
2279,551.2974683558048,193.24999999999991,0.13801069270139923,-0.07708338899535735,0.15807846203366743,0.1062044973577606,-0.02073264856063619,0.10820923239425287
2280,556.9303797481689,193.24999999999991,0.13462495972946,-0.07366778668142568,0.1534627726085345,0.10408519382949438,-0.01911309152671368,0.10582550657677926
2281,548.4810126596227,189.49999999999986,0.09476828732021121,-0.054726420761616455,0.10943495516051345,0.07226337377081868,-0.015040265595204529,0.07381195552155043
2282,551.2974683558048,185.74999999999991,0.04770748496175276,-0.027966730532809476,0.055300471409117695,0.036198383814991124,-0.007660967989621039,0.03700018136922317
2283,545.6645569634406,185.74999999999994,0.04756813117263953,-0.028757971079492014,0.0555855017416083,0.03565072023916406,-0.007858195021429752,0.036506507400269964
2284,689.3037974687237,182.0,0.0,0.0,0.0,0.0,0.0,0.0
2285,686.4873417725416,185.74999999999994,0.00215082056253308,-0.01889381810301045,0.01901584580295761,0.0015299298310164485,-0.0038585183172202987,0.004150764856283548
2286,599.1772151908991,182.0,0.0,0.0,0.0,0.0,0.0,0.0
2287,601.9936708870812,185.74999999999991,0.030468612952691324,-0.020589884200302153,0.0367733559339199,0.02452051277559851,-0.004310288071536671,0.02489646822418636
2288,587.9113924061711,182.0,0.0,0.0,0.0,0.0,0.0,0.0
2289,585.0949367099889,185.74999999999994,0.039947569155784554,-0.022655844670593964,0.04592489062800553,0.03190489088892879,-0.0053710247098956825,0.032353824643599115
2290,723.1012658229079,182.0,0.0,0.0,0.0,0.0,0.0,0.0
2291,725.9177215190894,185.74999999999991,0.00038044160781597634,-0.0187251046896057,0.018728969044067827,0.00025766826583489567,-0.0037457777941729813,0.0037546297045830987
2292,711.8354430381798,182.0,0.0,0.0,0.0,0.0,0.0,0.0
2293,709.0189873419977,185.74999999999994,0.0009460731609298844,-0.018764508201334254,0.018788342727972904,0.0006522840954764467,-0.0037706856603749745,0.0038266885018993883
2294,700.5696202534518,182.0,0.0,0.0,0.0,0.0,0.0,0.0
2295,703.3860759496337,185.74999999999994,0.0011881338314792826,-0.018786860038737786,0.018824393007920028,0.0008261726098949824,-0.0037853518306098944,0.003874461209360905
2296,678.0379746839956,182.0,0.0,0.0,0.0,0.0,0.0,0.0
2297,680.8544303801775,185.74999999999994,0.002585137151673666,-0.01893931174142841,0.019114927761620534,0.001852773098761122,-0.0038883547398066865,0.004307211480537032
2298,675.2215189878135,185.74999999999994,0.00307949357983453,-0.01899317114659863,0.01924120138952422,0.0022192759861303212,-0.00392390694067757,0.0045080185871081225
2299,666.7721518992676,182.0,0.0,0.0,0.0,0.0,0.0,0.0
2300,669.5886075954495,185.74999999999994,0.0036512473026405236,-0.019037405019890156,0.019384385385056154,0.0026429035886587566,-0.003946623132856739,0.004749818263022836
2301,655.5063291145395,182.0,0.0,0.0,0.0,0.0,0.0,0.0
2302,652.6898734183574,185.74999999999994,0.006247278315233689,-0.01910873169168923,0.020104032262532743,0.004635145439541579,-0.003927656088999606,0.0060754469464524815
2303,644.2405063298114,182.0,0.0,0.0,0.0,0.0,0.0,0.0
2304,647.0569620259932,185.74999999999994,0.0076166523787064904,-0.01910784375254327,0.020569955914626122,0.0057324180665515425,-0.003884194943282829,0.006924419632514368
2305,641.4240506336292,185.74999999999994,0.0094454635113798,-0.019136857231150203,0.021340948564443733,0.007244947274792484,-0.0038613947376335694,0.008209727786860369
2306,632.9746835450833,182.0,0.0,0.0,0.0,0.0,0.0,0.0
2307,635.7911392412651,185.74999999999994,0.011722384050982734,-0.019175041023272846,0.02247435173888072,0.009153508235284772,-0.0038353935322243144,0.009924563293185964
2308,621.7088607603553,182.0,0.0,0.0,0.0,0.0,0.0,0.0
2309,618.8924050641731,185.74999999999994,0.02055199640469247,-0.01959582450276902,0.028396846553126544,0.016528768481584168,-0.003939307904737951,0.016991713694802565
2310,576.645569621443,182.0,0.0,0.0,0.0,0.0,0.0,0.0
2311,579.4620253176248,185.74999999999994,0.0424622953298451,-0.023550793197985267,0.04855601286074933,0.033743297572631566,-0.005850213975867134,0.03424668063679449
2312,565.379746836715,182.0,0.0,0.0,0.0,0.0,0.0,0.0
2313,562.5632911405328,185.74999999999994,0.04710276222603689,-0.02620315467340388,0.05390060782737886,0.03656184911090877,-0.007028593032404693,0.037231303098656486
2314,554.1139240519869,182.0,0.0,0.0,0.0,0.0,0.0,0.0
2315,556.9303797481689,185.74999999999991,0.047653251866893426,-0.027116882196447117,0.05482843891217014,0.036601878310921515,-0.007387891553861298,0.03734003799541615
2316,542.8481012672588,182.0,0.0,0.0,0.0,0.0,0.0,0.0
2317,531.5822784825308,182.0,0.0,0.0,0.0,0.0,0.0,0.0
2318,683.6708860763595,189.4999999999999,0.0045175080745275195,-0.03595419818882911,0.03623689068621953,0.0032117990279999604,-0.007246939343839728,0.007926776321402899
2319,497.78481012834646,182.0,0.0,0.0,0.0,0.0,0.0,0.0
2320,509.0506329130746,182.0,0.0,0.0,0.0,0.0,0.0,0.0
2321,511.86708860925654,185.74999999999994,0.046051621105616516,-0.033210636876367855,0.05677762066333204,0.03243755502148268,-0.00855586863919268,0.03354695014368425
2322,520.3164556978027,182.0,0.0,0.0,0.0,0.0,0.0,0.0
2323,517.5000000016207,185.74999999999994,0.04612269364353965,-0.032463694850762594,0.05640207755304092,0.03272810252349938,-0.008449108051615573,0.03380112604125137
2324,604.8101265832629,189.49999999999977,0.05005251841884505,-0.03700564203264957,0.062246864517961256,0.0392865855343953,-0.00634821849805485,0.039796176713981
2325,638.607594937447,189.4999999999999,0.01795823551049926,-0.03538571135694231,0.03968181939991402,0.013372000910434658,-0.006270879535781659,0.01476937163527787
2326,616.0759493679909,189.49999999999983,0.037641216746184224,-0.035772105782638126,0.051927880278877854,0.029344754608965556,-0.005905674937459186,0.029933119107893497
2327,649.8734177221752,189.4999999999999,0.012500336052499207,-0.035765733853417504,0.03788728176445107,0.009133726866312891,-0.006815552997109561,0.011396347183409912
2328,672.4050632916314,189.49999999999986,0.006395293809139138,-0.03604505983497993,0.036608006247438506,0.004593066789832579,-0.007281166579926859,0.008608812304871488
2329,582.2784810138066,189.4999999999999,0.0753668564386383,-0.042676006683234145,0.08661064943683174,0.05926486602274847,-0.009340238760286064,0.05999636993013391
2330,472.4367088626201,193.2499999999999,0.1303832209579369,-0.11004100630029676,0.17061303401249314,0.08933913852249478,-0.026445503923269248,0.09317105961454533
2331,559.7468354443508,189.4999999999999,0.0922411254174435,-0.05070269387225906,0.10525772363195282,0.07149718548920966,-0.013368123658347046,0.0727361963744552
2332,475.2531645588204,182.0,0.0,0.0,0.0,0.0,0.0,0.0
2333,472.4367088626201,185.7499999999999,0.04675187048149215,-0.03864466703028633,0.0606559781340629,0.03197165333575912,-0.00939402114690998,0.03332317887492952
2334,514.6835443054385,189.4999999999999,0.09051577117004574,-0.06410565604437787,0.11091726631768456,0.06454765316435401,-0.016866493295234805,0.0667149018218864
2335,706.2025316458155,189.4999999999999,0.002039477410390896,-0.0358010600628757,0.03585910441900534,0.001406595182248175,-0.007164457686547079,0.007301230303794512
2336,224.58860759698274,193.24999999999994,-0.012674041946659954,-0.13688144443732614,0.13746694573792823,-0.0036897744214245895,-0.012456432511049567,0.012991425871832999
2337,230.22151898940564,193.24999999999994,-0.00923390717663045,-0.1368921289640788,0.13720320701085892,-0.0024311122272850146,-0.012255095905004398,0.012493905806532651
2338,227.40506329319726,182.0,0.0,0.0,0.0,0.0,0.0,0.0
2339,230.22151898940564,185.74999999999994,-0.0029711790191347793,-0.046265475106869194,0.04636078182718752,-0.0006830187492103297,-0.003767206710196508,0.0038286239054159442
2340,224.58860759698274,185.74999999999994,-0.004076534387847347,-0.04623125735349506,0.04641063767177082,-0.0009570301104845588,-0.00379226322007635,0.003911159286288137
2341,233.03797468560322,189.4999999999999,-0.004960516400276388,-0.09192555546205114,0.09205929866104809,-0.0011775206296918243,-0.007906195844179398,0.00799340275226198
2342,235.85443038181774,193.24999999999994,-0.0058937354663795355,-0.13698059609338162,0.1371073295774001,-0.0012725292808025198,-0.012538931356156163,0.012603338062787019
2343,235.85443038181774,185.74999999999994,-0.001972845170321347,-0.04636736862228586,0.04640932008789829,-0.0004943086902880758,-0.00391581145835368,0.003946887439320798
2344,466.8037974702202,193.24999999999994,0.13079408714034288,-0.11237238809705756,0.17243737076837878,0.08940406363021541,-0.026740065970524335,0.09331729594080404
2345,469.62025316641996,189.4999999999998,0.09053319649094063,-0.07608614000376954,0.11825971574268426,0.06195401200925958,-0.01829586173490383,0.06459905696421736
2346,466.8037974702202,185.74999999999994,0.04675584727476013,-0.03941026549824031,0.06114963843738149,0.03185613712793663,-0.009486848630770563,0.033238738990176146
2347,461.1708860778202,193.24999999999994,0.1311089199832524,-0.11483243484636432,0.17428722555574572,0.08941242016586481,-0.027150261829856262,0.09344366001686202
2348,455.5379746854203,193.24999999999994,0.13149730572770735,-0.11722892909392074,0.17616515895645662,0.08954008211911951,-0.02748257497717152,0.09366279001436227
2349,458.3544303816201,189.4999999999999,0.09069068766649216,-0.07927754711731337,0.12045634191008406,0.061698672261505744,-0.01876703022483836,0.06448974788516927
2350,461.1708860778202,185.74999999999994,0.04659078323041702,-0.04017781013053591,0.06152200832961406,0.03158567311374377,-0.009577845481225557,0.033005906594282625
2351,455.5379746854203,185.74999999999994,0.046376615793454236,-0.04090185150611958,0.06183649366743174,0.03128281872661823,-0.009621842880531577,0.03272910948834527
2352,421.7405063310204,193.24999999999991,0.1260897615272556,-0.13143150591348196,0.1821342052133147,0.08404212101427372,-0.02907675217418465,0.08892994783298133
2353,424.5569620272204,189.49999999999986,0.08521203191128089,-0.08802373474342932,0.12251231881174546,0.056030473680213695,-0.019200870237961562,0.059229109386552126
2354,427.3734177234204,193.24999999999994,0.1281303781712804,-0.12912636596909732,0.1819093515977136,0.08585958341949812,-0.0288901990643506,0.09058979891217091
2355,365.41139240702046,193.24999999999994,0.07014836424379724,-0.14291402718461976,0.15920179701312007,0.0420935120917028,-0.022507397015252256,0.04773307742662855
2356,368.22784810322037,189.4999999999999,0.047704541386203114,-0.09518544311263356,0.10647061495744432,0.027703775677404202,-0.014325050663868272,0.031188239182524002
2357,371.0443037994204,193.24999999999994,0.07647550425568309,-0.14280024663224586,0.16198892921860816,0.04581948562340135,-0.023412300336937503,0.051454456268238295
2358,286.5506329134205,193.24999999999994,0.018902709589740302,-0.13971226366524941,0.1409852086153091,0.012759879878404053,-0.019828753707113914,0.023579525187939737
2359,289.3670886096204,189.4999999999999,0.013807900322786735,-0.09366556692453058,0.09467785664355595,0.009259022093075438,-0.012625311412801515,0.015656563428488233
2360,292.1835443058205,193.24999999999994,0.022572026926097243,-0.13952439960213942,0.1413384395127169,0.01541551882161149,-0.019780827615105592,0.02507826472621226
2361,421.7405063310204,185.74999999999991,0.04171656525179555,-0.04472894243540322,0.061163306874276596,0.026635152505109443,-0.00933249987693665,0.028222808204065385
2362,427.3734177234204,185.74999999999994,0.042963660478831295,-0.04419147349840275,0.06163410137010454,0.027790572512922315,-0.009479846718318773,0.02936295990527543
2363,269.65189873622035,193.24999999999994,0.009362536875993487,-0.13926227591548376,0.13957664055963903,0.0059388034690715154,-0.018719488797180966,0.019638957392693727
2364,264.0189873438203,193.24999999999994,0.006673413718655264,-0.1388176098613675,0.13897792363639333,0.004114541156791959,-0.017859498426230816,0.01832733294747154
2365,266.8354430400202,189.4999999999999,0.005309301692441221,-0.09354925384772296,0.093699794983378,0.003115375354174936,-0.011863058254665548,0.01226530532644781
2366,393.57594936902035,193.24999999999991,0.10338704833564452,-0.14050968483746462,0.17444727941897095,0.06504825312054358,-0.027801990319306538,0.07074055343117638
2367,387.9430379766204,193.24999999999994,0.09711644831650633,-0.14143946543871022,0.17157134643407315,0.06023252237492956,-0.02680353576729226,0.06592712856840427
2368,390.75949367282027,189.49999999999986,0.06487145762412268,-0.09394479894751809,0.11416624397591409,0.038964039750670296,-0.017060331925531372,0.04253529498077003
2369,359.7784810146204,193.24999999999994,0.0642646141244205,-0.1428590668426778,0.15664818418264972,0.03893115885865592,-0.02186998280214579,0.044653457624735576
2370,354.14556962222036,193.24999999999994,0.05862996172146448,-0.14237959732791147,0.15397864185242902,0.03597288960492587,-0.021248194991770553,0.04177959522226714
2371,356.9620253184204,189.4999999999999,0.03999794486719164,-0.09518787377389396,0.10325002134234003,0.023799436110860276,-0.013565349715082761,0.027394011609974473
2372,365.41139240702046,185.74999999999994,0.022416662219603166,-0.0476569582626741,0.05266585626302914,0.012695700692904299,-0.00664873860852621,0.014331313309265056
2373,371.0443037994204,185.74999999999994,0.024366215320655474,-0.047545582945443116,0.05342560160330024,0.013662566024062807,-0.0068424363669979185,0.015280204376849514
2374,325.98101266022053,193.2499999999999,0.042297146132864026,-0.13654000828767812,0.14294132514491414,0.028651429659168927,-0.01723309544063216,0.03343477231835506
2375,320.3481012678204,193.24999999999994,0.039141854213466595,-0.13792171385362884,0.14336835042501725,0.02662385569715104,-0.018702591603905153,0.03253638924166579
2376,323.16455696402045,189.49999999999983,0.027164899862561483,-0.09206546108264724,0.09598948332449458,0.018435222610224795,-0.01141227286417111,0.021681729742223977
2377,314.71518987542044,193.24999999999994,0.03639609739895353,-0.13836592264989267,0.14307272436292737,0.024959927715426218,-0.01912837843473225,0.0314466668043154
2378,309.08227848302045,193.24999999999994,0.0330977482905106,-0.1387118134596122,0.14260584888130026,0.022738727105454094,-0.01937434819858984,0.029873317165934454
2379,311.89873417922036,189.4999999999999,0.02304129507853323,-0.0930449687941429,0.09585545105417358,0.015725257868416827,-0.01236633325012075,0.020005247638588415
2380,399.20886076142034,193.24999999999991,0.10967576233341488,-0.1391271765829673,0.17715852818129832,0.0701527604522193,-0.02841348288626279,0.07568841264549292
2381,402.0253164576202,189.49999999999983,0.07324010714727651,-0.09251414362641659,0.11799567816608277,0.04562850229495413,-0.018206669122021374,0.04912680553627929
2382,404.84177215382033,193.24999999999994,0.11471593385004454,-0.13753831598646885,0.1790992290421194,0.07426651285613406,-0.02888202183449258,0.07968491775146933
2383,393.57594936902035,185.74999999999991,0.0326124725613787,-0.04677491378079938,0.0570216268249854,0.018965730395043057,-0.008096526216092803,0.020621655272682116
2384,387.9430379766204,185.74999999999994,0.030443033707582706,-0.046980599347584896,0.05598173824006639,0.017358360669948794,-0.007712091362033796,0.01899444756565406
2385,286.5506329134205,185.74999999999994,0.00632864555300345,-0.047186309371152,0.04760881795009846,0.004155371285518302,-0.006051794049481592,0.007341070884949336
2386,292.1835443058205,185.74999999999994,0.007472589408169444,-0.047124178517191355,0.047712973009268723,0.004979209919432194,-0.00604541807779381,0.007831960875610153
2387,416.1075949386204,193.24999999999991,0.12307363238215495,-0.13367847484951095,0.18170595374348403,0.08138899099014925,-0.029211043438286677,0.08647226672840297
2388,269.65189873622035,185.74999999999994,0.003131705984132592,-0.04721700591648155,0.047320748410059045,0.0018002993845606767,-0.005838482112112714,0.006109742322513257
2389,264.0189873438203,185.74999999999994,0.0022091946936924982,-0.0471502832241641,0.04720201001348914,0.001146515735946437,-0.005636886229613752,0.005752302556227545
2390,297.81645569822047,193.24999999999994,0.02608554910850806,-0.1392531805814712,0.14167534780034322,0.017878501988104804,-0.01964971528265555,0.026565996010465984
2391,275.28481012862034,193.24999999999994,0.012320137777954869,-0.13950231669087698,0.14004528609342595,0.008036914680589369,-0.01925560969564978,0.02086553383774963
2392,325.98101266022053,185.7499999999999,0.013761686577831946,-0.0465276970330742,0.04852020825046016,0.009214206724942234,-0.0056095747086344905,0.01078744334778739
2393,320.3481012678204,185.74999999999994,0.01315787392132033,-0.04661972223708421,0.048440975914944624,0.008968050188728338,-0.0057216284993817645,0.010637807897893627
2394,314.71518987542044,185.74999999999994,0.01190988190434597,-0.046942128798031744,0.04842942022228295,0.008058922964541061,-0.006034777695823182,0.010068007806235166
2395,309.08227848302045,185.74999999999994,0.010875287398589624,-0.04689255613129941,0.04813713427831977,0.007362976104633623,-0.005954830208749068,0.009469605056835063
2396,280.91772152102044,193.24999999999994,0.015510753543261034,-0.1396772840795409,0.14053585721557524,0.010324961452173712,-0.01962959186910694,0.022179398232066227
2397,331.6139240526205,193.2499999999999,0.044210441575846984,-0.13724434726328646,0.14418936854032252,0.02933159677241779,-0.017686789142964038,0.03425149747686049
2398,337.24683544502045,193.24999999999991,0.04595205702161576,-0.1391034711100231,0.14649698706586037,0.029639464358008065,-0.01912246570285546,0.0352727450304979
2399,342.8797468374205,193.24999999999991,0.049471591419113996,-0.14059065674804858,0.14904083709637225,0.03138702299465718,-0.020135333217823348,0.03729043920712008
2400,359.7784810146204,185.74999999999994,0.020496520193135023,-0.04768415722221493,0.05190266072197556,0.011799178662736654,-0.006486452022985478,0.013464571176300877
2401,354.14556962222036,185.74999999999994,0.01874632624749134,-0.04767901540019461,0.051231955431247964,0.011032477718050354,-0.00640647423404514,0.012757683046335719
2402,218.9556962045563,193.2499999999999,-0.016361412192065487,-0.13699415738407317,0.13796773161247117,-0.00534972612506091,-0.013178178965982654,0.014222656941395545
2403,221.77215190076467,189.4999999999998,-0.009498013190709375,-0.09187497989814541,0.0923646262692353,-0.002653392089598046,-0.008109943359843247,0.008532975499848048
2404,258.38607595142025,193.24999999999994,0.004199226514954822,-0.1383758093901518,0.13843951071750984,0.0025771830293517557,-0.016831269055639253,0.01702743346456236
2405,433.0063291158204,193.24999999999994,0.12976907573238694,-0.12682725847162124,0.18145293193515885,0.08738931225035171,-0.02870426449091118,0.09198275216340103
2406,410.4746835462203,193.24999999999994,0.11951785553886717,-0.1356973516870147,0.1808266823438368,0.0783540685176839,-0.029122277226347443,0.08359107060040646
2407,382.31012658422037,193.24999999999994,0.08997153626362983,-0.14212927834525987,0.16821298731246054,0.05486076222523779,-0.02570937519608478,0.060586097455663346
2408,376.67721519182044,193.24999999999994,0.08320977782477151,-0.1426036877222929,0.1651050540645109,0.05016981868649332,-0.0245539843983634,0.05585614430723524
2409,303.4493670906205,193.24999999999994,0.02970929277565293,-0.1389901439682009,0.14212987791991757,0.02042707364161761,-0.019526564872305058,0.028258663685185235
2410,241.48734177421773,193.24999999999994,-0.0030098266893360676,-0.1371716663401051,0.13720468324084628,-0.00039915568283959996,-0.01326609362648612,0.013272097248206056
2411,247.12025316661976,193.24999999999994,-0.0004748326532268803,-0.1374101970065843,0.13741101741649714,0.00041967490669369553,-0.014297747899018859,0.014303905830618661
2412,252.7531645590198,193.24999999999994,0.0019735849919324134,-0.13786872726678354,0.13788285243598322,0.0014575157754770475,-0.015563692154988013,0.015631790227961732
2413,449.90506329302025,193.24999999999994,0.13158107146950987,-0.1197434560270394,0.17791029658331692,0.08941552118832514,-0.02792009982072434,0.09367319468972453
2414,438.6392405082204,193.24999999999994,0.13077085355609683,-0.12450319442967256,0.1805604097330945,0.08838310434224103,-0.028490379055749207,0.09286158964777493
2415,444.2721519006203,193.24999999999994,0.13140515314302886,-0.12208544571111636,0.17936602333503637,0.08909234426701446,-0.02817183506700474,0.0934403451301136
2416,447.0886075968202,189.4999999999999,0.09004170007835857,-0.08236751295111441,0.12203243397864799,0.06077438677402475,-0.01910518276386916,0.06370662521433385
2417,399.20886076142034,185.74999999999991,0.034666818607151414,-0.04643530313016394,0.05794847443316651,0.020566565253340652,-0.008379279435928297,0.022208014998763168
2418,404.84177215382033,185.74999999999994,0.036687917390481516,-0.04613316322816958,0.05894295574441219,0.022228499944437964,-0.008722244500385716,0.0238785208692747
2419,345.6962025336204,189.4999999999999,0.03343898069742257,-0.09458446593750744,0.10032141659070662,0.02063575665032011,-0.013127493741252702,0.024457423095204846
2420,348.51265822982043,193.24999999999994,0.05377861882557582,-0.14183702287591157,0.15169008174923118,0.033579036719259416,-0.020913842395895166,0.03955932899776884
2421,244.30379747041732,189.4999999999999,-0.0011371927124442056,-0.09238639002964011,0.09239338867026158,-0.00014170429176616883,-0.008986619681437644,0.008987736834437654
2422,418.92405063482045,182.0,0.0,0.0,0.0,0.0,0.0,0.0
2423,416.1075949386204,185.74999999999991,0.040217569631012924,-0.04526908514850901,0.060553637192230926,0.025278686454966472,-0.009192293713340877,0.02689814589522541
2424,396.3924050652205,182.0,0.0,0.0,0.0,0.0,0.0,0.0
2425,413.2911392424203,189.49999999999983,0.08016623588045957,-0.09051745255737996,0.12091333504919552,0.0515196482317527,-0.018923363022316786,0.0548850418784383
2426,255.56962025521977,189.4999999999999,0.00199640556769826,-0.09305907727757794,0.09308048935703421,0.0010617187396211687,-0.010625578337788794,0.010678490609376834
2427,342.8797468374205,185.74999999999991,0.015710540005272635,-0.04742392015779932,0.049958475461032596,0.009656172627915408,-0.006254794554926557,0.011504960875398129
2428,348.51265822982043,185.74999999999994,0.01707229417213091,-0.04757965470016728,0.05054984440813765,0.010258444948937654,-0.006326546268195246,0.0120524221820346
2429,295.00000000202056,182.0,0.0,0.0,0.0,0.0,0.0,0.0
2430,297.81645569822047,185.74999999999994,0.00864354494438325,-0.047051859885814874,0.04783919301075143,0.005814661859938,-0.006024572473162487,0.008372918608812866
2431,449.90506329302025,185.74999999999994,0.04598400484155872,-0.041627018453397266,0.06202690840746436,0.03082035088083771,-0.009663772511654192,0.03229988432757859
2432,444.2721519006203,185.74999999999994,0.04549904016295451,-0.0423022720748271,0.06212604026044831,0.030288511294150635,-0.009653314848746236,0.031789627301761735
2433,407.65822785002047,182.0,0.0,0.0,0.0,0.0,0.0,0.0
2434,410.4746835462203,185.74999999999994,0.038526305968016296,-0.045686624658496114,0.059762395569685066,0.023791982501698193,-0.008937130055094306,0.02541516722319141
2435,340.06329114122053,182.0,0.0,0.0,0.0,0.0,0.0,0.0
2436,337.24683544502045,185.74999999999991,0.01474519343995057,-0.04725360260894224,0.04950074432880171,0.009305096772245235,-0.006185676950420695,0.011173514454987498
2437,218.9556962045563,185.7499999999999,-0.00521131489000544,-0.04627681283829212,0.04656931617871483,-0.0013148738688193427,-0.004001177313339946,0.004211687688289602
2438,283.73417721722046,182.0,0.0,0.0,0.0,0.0,0.0,0.0
2439,280.91772152102044,185.74999999999994,0.0051800803116352325,-0.047256234633255935,0.04753929894043799,0.003307259182223454,-0.00605792269201906,0.006901912100344426
2440,452.7215189892204,182.0,0.0,0.0,0.0,0.0,0.0,0.0
2441,441.4556962044204,182.0,0.0,0.0,0.0,0.0,0.0,0.0
2442,438.6392405082204,185.74999999999994,0.04483155422431049,-0.042966148724541464,0.06209636213488442,0.02960016165570587,-0.009629787075026514,0.031127196615729272
2443,373.86075949562047,182.0,0.0,0.0,0.0,0.0,0.0,0.0
2444,376.67721519182044,185.74999999999994,0.026349846797255546,-0.04741572274658318,0.054245416302390784,0.01473900839402724,-0.007116359676672374,0.016367068872799855
2445,362.59493671082043,182.0,0.0,0.0,0.0,0.0,0.0,0.0
2446,249.93670886282024,182.0,0.0,0.0,0.0,0.0,0.0,0.0
2447,252.7531645590198,185.74999999999994,0.0005617540518228276,-0.046895812639326344,0.046899177079321334,0.00018094691683151145,-0.004998698049936336,0.005001972009232775
2448,247.12025316661976,185.74999999999994,-0.00019199012072378637,-0.046710129870248064,0.04671052443188683,-8.080600999273189e-05,-0.004595334007834628,0.004596044413929484
2449,430.1898734196204,182.0,0.0,0.0,0.0,0.0,0.0,0.0
2450,433.0063291158204,185.74999999999994,0.04401309372460367,-0.043591724771582234,0.06194667777832903,0.02879268246121678,-0.009567379292421657,0.030340621447780516
2451,385.12658228042045,182.0,0.0,0.0,0.0,0.0,0.0,0.0
2452,382.31012658422037,185.74999999999994,0.028427387412234842,-0.0472077212866675,0.055106127646251536,0.016020391926591875,-0.0073936379458775375,0.017644229639072664
2453,306.26582278682054,182.0,0.0,0.0,0.0,0.0,0.0,0.0
2454,303.4493670906205,185.74999999999994,0.009754585503377359,-0.046979551174172005,0.04798156069647325,0.006584383039678151,-0.006000155627772084,0.008908196650876445
2455,261.20253164762033,182.0,0.0,0.0,0.0,0.0,0.0,0.0
2456,258.38607595142025,185.74999999999994,0.0013897917871000271,-0.04704622965096956,0.047066753080951505,0.0006262679189678603,-0.005357492617282314,0.005393972436948749
2457,463.98734177402036,182.0,0.0,0.0,0.0,0.0,0.0,0.0
2458,317.5316455716205,182.0,0.0,0.0,0.0,0.0,0.0,0.0
2459,238.67088607802017,182.0,0.0,0.0,0.0,0.0,0.0,0.0
2460,241.48734177421773,185.74999999999994,-0.0010350112510640315,-0.04652787859951669,0.04653938907271122,-0.0003016989913553758,-0.004213105999204027,0.004223894463870258
2461,328.79746835642055,182.0,0.0,0.0,0.0,0.0,0.0,0.0
2462,331.6139240526205,185.7499999999999,0.014017009161100996,-0.04692726464637206,0.04897596056243339,0.00907023985358936,-0.0059504211050733155,0.01084789206847776
2463,351.32911392602045,182.0,0.0,0.0,0.0,0.0,0.0,0.0
2464,272.46835443242037,182.0,0.0,0.0,0.0,0.0,0.0,0.0
2465,275.28481012862034,185.74999999999994,0.0041223097422005365,-0.047259149109003,0.04743859833635076,0.0025282834646260153,-0.0059829554497738,0.0064952269545782105
2466,300.63291139442043,189.4999999999999,0.018496747701913625,-0.09334957353029685,0.09516445005271951,0.012581766018658597,-0.01250560511359125,0.01773953199510494
2467,334.4303797488204,189.49999999999983,0.029268703157185695,-0.09326731518328084,0.09775197729969916,0.0188827859478658,-0.012322689426717937,0.02254791076486387
2468,278.1012658248203,189.4999999999999,0.009260411313347119,-0.09379127924681024,0.09424733036243257,0.0059508795927638355,-0.012512167638825705,0.013855226701488876
2469,379.49367088802035,189.4999999999999,0.056050697384095925,-0.09475660225711754,0.11009311671742732,0.03267740494365068,-0.015590503421020155,0.03620602975710216
2470,435.82278481202036,189.4999999999999,0.08833107900636093,-0.08528420880267218,0.12278345079661902,0.05897644869234598,-0.019246373655167764,0.06203744352594853
2471,213.32278481212032,193.2499999999999,-0.02008681150176573,-0.1371661701189331,0.13862913914976016,-0.007287333810329774,-0.014230122093054562,0.01598754542906493
2472,216.1392405083384,182.0,0.0,0.0,0.0,0.0,0.0,0.0
2473,213.32278481212032,185.7499999999999,-0.006389372295585453,-0.04634984639945584,0.0467881645246396,-0.0018016011220555643,-0.004322676605905053,0.0046830865507943254
2474,207.68987341968437,193.2499999999999,-0.023668002990636948,-0.1372631138201638,0.1392886814539216,-0.0094011130810383,-0.015449307808143561,0.018084856618542353
2475,210.5063291159023,189.49999999999977,-0.014272345631427104,-0.09213820640499391,0.09323705770428505,-0.004879247400741726,-0.00945180973897318,0.010636905684426892
2476,207.68987341968437,185.7499999999999,-0.007581455226858533,-0.04642108960496216,0.047036114034524436,-0.0024171068420129277,-0.004709509768846924,0.005293570415945208
2477,21.803797469297276,193.2499999999999,-0.027134441464459903,-0.10673214099737478,0.11012732556214962,-0.02192885459736512,-0.02308320189985337,0.03183879510756925
2478,27.436708861733305,193.2499999999999,-0.028910678558541566,-0.10808172055259888,0.11188156976162512,-0.023146596024958232,-0.0233018220632389,0.03284417481090763
2479,-113.38607594916616,193.2499999999999,0.0015399602650498251,-0.10262925605274707,0.10264080901648356,0.0013651837175533898,-0.022746984313582325,0.022787913944567924
2480,-107.75316455673013,193.2499999999999,0.0014381249356687268,-0.10232894596222157,0.10233905112453337,0.0012280526682849088,-0.022452124961955616,0.022485684972073948
2481,78.13291139365697,193.2499999999999,-0.035778284510546314,-0.11760419531605944,0.12292612577664463,-0.026059039293752896,-0.023272225436102092,0.0349380881798377
2482,83.765822786093,193.2499999999999,-0.03663438791889596,-0.11833693376716227,0.12387779571660895,-0.026435968983624172,-0.02298846515407703,0.03503326970528662
2483,44.33544303904115,193.2499999999999,-0.032018982723544774,-0.11189647598349639,0.11638744172880441,-0.02489361541148718,-0.023776379615361387,0.03442394974242213
2484,49.96835443147718,193.2499999999999,-0.032808683014581695,-0.11286331344680627,0.11753525940475625,-0.025271127355620055,-0.023673530614361935,0.034627531381447044
2485,-57.05696202480644,193.2499999999999,-4.7417724516590294e-05,-0.10219473661380883,0.10219474761457341,-0.0008075735415459112,-0.022443585913523578,0.02245811042101982
2486,-51.42405063237041,193.2499999999999,0.00014380251245012856,-0.10135782724588216,0.1013579292565149,-0.0006875698645153756,-0.021655797093397072,0.021666709488728897
2487,-90.85443037942227,193.2499999999999,0.0007847731769287101,-0.10200478431588862,0.10200780309500927,0.0004462818217250897,-0.022144170446058695,0.022148667052635507
2488,-85.22151898698624,193.2499999999999,0.0007265603594611582,-0.10181734998751564,0.10181994229244186,0.0003334727712258805,-0.021964607215533227,0.021967138507821254
2489,86.58227848231097,189.4999999999998,-0.02562992510401921,-0.08101083740246673,0.08496851674288858,-0.01808829257244466,-0.015700560382480466,0.02395190857761176
2490,89.398734178529,193.24999999999994,-0.03761663301531277,-0.11911836569400536,0.1249167567823449,-0.026923891191292598,-0.022750455134356445,0.03524881736599015
2491,-48.60759493615241,189.49999999999977,-9.242691846224471e-05,-0.06920591629989761,0.06920597801955905,-0.0006761438195739546,-0.014774496342862119,0.014789959859647834
2492,-45.7911392399344,193.2499999999999,-0.0002869634899305151,-0.10118786541916938,0.1011882723250698,-0.0011695452336999402,-0.021551523945250325,0.021583234706974957
2493,38.70253164660519,193.24999999999991,-0.031147152772028276,-0.1107631978487822,0.11505925049074733,-0.024444723694254544,-0.0237337866967888,0.034071060263178174
2494,41.51898734282319,189.49999999999977,-0.02201586711085472,-0.07605316850935837,0.07917564552913776,-0.016817932668330964,-0.016275989972905032,0.023404074620343763
2495,30.253164557951255,189.49999999999977,-0.02078577851017584,-0.07449332259052159,0.0773388886579682,-0.016201467165510117,-0.01619164872148819,0.02290539295963229
2496,33.06962025416927,193.24999999999991,-0.030105050968430445,-0.10973237241688191,0.1137871154834723,-0.02385015986805782,-0.02381811869710551,0.033706570635431345
2497,-96.48734177185821,193.24999999999991,0.0010193751158007955,-0.10196661812225825,0.10197171341561913,0.0007284782285378531,-0.022100153314245446,0.022112156318247384
2498,-93.6708860756402,189.49999999999977,0.0006608436468930113,-0.06962728110407082,0.06963041711975404,0.0004432282690839072,-0.015065656857556203,0.015072175285875141
2499,-104.93670886051214,189.4999999999998,0.0010170271038478294,-0.06974821650305837,0.06975563095182687,0.0008587323160401141,-0.01517793028669135,0.015202203425104999
2500,-102.12025316429413,193.24999999999991,0.001224072873952248,-0.1020549281540114,0.10206226881135445,0.0009759529864672527,-0.022183116118568894,0.022204574415234924
2501,52.78481012769515,189.49999999999977,-0.022956185119476176,-0.07740091776780603,0.08073344106712119,-0.01720798056427279,-0.01619871652293016,0.02363287989413564
2502,55.60126582391318,193.2499999999999,-0.03318899350721408,-0.1142967961006496,0.1190179267543145,-0.025236966652234398,-0.02405857172884872,0.03486716735609806
2503,-82.40506329076825,189.49999999999983,0.0004235612343579328,-0.06952718936861076,0.06952847952902401,0.00013057137063588343,-0.01497771958016706,0.014978288710829069
2504,-79.58860759455024,193.24999999999994,0.0005048798163395013,-0.10185763455925301,0.10185888582561307,5.0812706203822485e-05,-0.022013536123375393,0.022013594767467334
2505,72.500000001221,193.2499999999999,-0.03504998606781145,-0.11685446598051002,0.12199781859912066,-0.025794520604604593,-0.02353753763519227,0.034919521347656864
2506,75.316455697439,189.49999999999977,-0.024415861443346436,-0.07994881501564367,0.08359394303671949,-0.017514758539271202,-0.01599892908416653,0.023721983444247724
2507,-62.68987341724239,193.24999999999994,-4.339999481576039e-05,-0.10197789511150077,0.10197790434663678,-0.0007232667351349768,-0.0221911931736562,0.022202976585149078
2508,-59.87341772102437,189.49999999999983,-2.9914872964063448e-05,-0.06966332790061568,0.06966333432364777,-0.0005253192914284123,-0.01516991307115289,0.015179005993288301
2509,202.0569620272484,193.2499999999999,-0.028076653335246032,-0.1379024396962975,0.14073159324294796,-0.012641483589048477,-0.017319190969158432,0.021442049416004083
2510,196.42405063481243,193.24999999999994,-0.03186736054844099,-0.13788448181068708,0.1415191117571264,-0.015571423022428137,-0.018630487492932904,0.024280944775023364
2511,199.2405063310304,189.49999999999983,-0.019398753294702257,-0.09249484646363522,0.09450718624379933,-0.008311751806619163,-0.011353730431479706,0.014070977677672054
2512,134.46202531801677,193.24999999999994,-0.044482582524476094,-0.12773202677557113,0.13525594557076612,-0.029539892162512564,-0.022738825420316383,0.037278135823408574
2513,128.8291139255808,193.24999999999994,-0.043891945475680816,-0.12663478435499304,0.1340256374216356,-0.029475700202084336,-0.022788137224145813,0.037257430138828075
2514,131.64556962179876,189.4999999999999,-0.030311511595377677,-0.08655085393381905,0.09170516916657422,-0.019900127252961086,-0.015528403076973354,0.02524175839368169
2515,-119.01898734160213,193.2499999999999,0.0014151048112035457,-0.10326110709944653,0.10327080304243817,0.0012739015972290364,-0.023374471930643292,0.023409159816530235
2516,-116.20253164538411,189.49999999999977,0.0011081895424955733,-0.0701908278214506,0.07019957545685458,0.0009993357209113424,-0.01561308692503078,0.01564503612049702
2517,16.17088607686128,193.2499999999999,-0.024747997774205215,-0.10534264109522536,0.10821060681259267,-0.020179164928459746,-0.02280118097113555,0.03044819454234444
2518,18.98734177307929,189.49999999999977,-0.018515121748424766,-0.0728739270941833,0.07518922119218509,-0.014723750365193309,-0.016052993069536434,0.021782731952331297
2519,111.93037974827288,193.24999999999994,-0.04154817614197707,-0.12333577521006554,0.1301459349629967,-0.028756243749862218,-0.022794117038021894,0.036694595326076704
2520,106.29746835583691,193.24999999999994,-0.04063306647335429,-0.12220337140753625,0.12878163717858332,-0.028379660359786722,-0.022724659240580522,0.03635677735632452
2521,109.11392405205487,189.4999999999999,-0.028394109242093905,-0.08369766082185061,0.08838282563202825,-0.019450460712062398,-0.015612874401567597,0.024941577115142652
2522,61.23417721634915,193.2499999999999,-0.03380654132762807,-0.11518633520141178,0.1200448834964182,-0.025433224391836366,-0.023912341848228533,0.03490915346484417
2523,-73.95569620211427,193.24999999999994,0.0003160325623253157,-0.10175018230885331,0.1017506731007974,-0.00020733085192976332,-0.02191969933287999,0.02192067984634649
2524,64.0506329125671,189.4999999999998,-0.023564622671431456,-0.07884045010574417,0.08228674264134701,-0.01725855702323048,-0.016253975571962676,0.023707583436910172
2525,66.86708860878508,193.2499999999999,-0.03439019312354327,-0.11604844564862471,0.12103688330643848,-0.02558263852644975,-0.02375051076209972,0.03490785234636479
2526,-71.13924050589628,189.4999999999999,0.00012086640572470099,-0.06954449986131775,0.06954460489246349,-0.000266930223531603,-0.015014746881225574,0.015017119419233095
2527,-68.3227848096783,193.24999999999994,0.00012742102070793335,-0.10200818070755918,0.10200826028995184,-0.00047154650923805124,-0.02219416961750066,0.022199178388417083
2528,179.52531645750452,193.24999999999994,-0.0406458064667882,-0.13614077539188799,0.14207882427596344,-0.023209283267400425,-0.020990108487602077,0.03129305808174935
2529,173.89240506506854,193.24999999999994,-0.04228344927291783,-0.13519620898922236,0.14165417398535385,-0.024840258140882435,-0.02140649635442249,0.03279140909868893
2530,176.7088607612865,189.49999999999986,-0.027751467201994756,-0.09159325385181727,0.09570511001522766,-0.015488005593801752,-0.013953366943749726,0.020846456925352135
2531,168.25949367263257,193.24999999999994,-0.04362012370248216,-0.13419885681187957,0.14111005761970052,-0.026302856661841203,-0.021746268468223584,0.034128294139400224
2532,162.6265822801966,193.24999999999994,-0.04443047960741294,-0.133143954469239,0.14036160489910168,-0.027348436655891248,-0.02200540166257084,0.035102345930897144
2533,165.44303797641456,189.49999999999986,-0.029730408769490728,-0.09048621567456958,0.09524522262405465,-0.017611590084740416,-0.01459203103931482,0.02287128057554395
2534,-23.25949367019052,193.24999999999986,-0.0057663519282195215,-0.10126281695291037,0.10142686484259834,-0.006172130792370321,-0.02208907868993286,0.02293518249084083
2535,-17.626582277754547,193.24999999999986,-0.008089050268227389,-0.1015656696855604,0.10188728082012137,-0.008052637762628842,-0.022440503650807422,0.02384158507813642
2536,-34.52531645506246,193.24999999999986,-0.0022983159651929425,-0.10111057593264346,0.10113669374518192,-0.0031433541458724436,-0.021693702789101585,0.02192025127566396
2537,-28.892405062626487,193.24999999999986,-0.0038000451156899513,-0.10120428664968281,0.10127560406708244,-0.004485687537995085,-0.021914691600505923,0.02236906570766444
2538,-26.0759493664085,189.49999999999972,-0.0035003088965738665,-0.06948782557871981,0.06957593022037162,-0.003805866330577352,-0.015299227811401118,0.015765499996872025
2539,-40.15822784749843,193.2499999999999,-0.001153602126821039,-0.10104124761655556,0.10104783282078394,-0.0020504502090654885,-0.02149971568429225,0.021597271137003833
2540,-37.34177215128044,189.49999999999977,-0.001336786904779254,-0.06921118723171785,0.06922409578501328,-0.0019123481025998196,-0.014891157512716843,0.015013448882054397
2541,190.79113924237646,193.24999999999994,-0.03549657527695323,-0.1375974723324684,0.1421023266828408,-0.01859840868984326,-0.019698718442072383,0.027091332821669735
2542,185.1582278499405,193.24999999999994,-0.03822363830877198,-0.13693077371807835,0.1421656896603094,-0.020960238503613927,-0.020411020421989404,0.029256475399392325
2543,156.99367088776063,193.24999999999994,-0.045050737033311215,-0.13213237220353402,0.13960133484812318,-0.028289941295389226,-0.022279181720239724,0.03600948092683415
2544,145.72784810288871,193.24999999999994,-0.045222306318168065,-0.1299477935332542,0.13759173679002487,-0.02929195523254492,-0.022580981997052066,0.036985394269854754
2545,151.3607594953247,193.24999999999994,-0.04523822690849755,-0.1310437626536755,0.13863248141852455,-0.02886650342490666,-0.022448271268378492,0.036567744022825026
2546,154.17721519154264,189.49999999999986,-0.03066372459371187,-0.08926798161312376,0.09438769277421719,-0.018968500698970617,-0.015064076269363402,0.024222518709169086
2547,140.09493671045274,193.24999999999994,-0.04493096522708599,-0.1288372648420068,0.13644717823468178,-0.029480239625489495,-0.022671003798597378,0.037189500421655274
2548,123.19620253314483,193.24999999999994,-0.04320591686578288,-0.12555023986288755,0.13277655659732082,-0.02932822140932219,-0.022826567538760903,0.03716445555414256
2549,117.56329114070886,193.24999999999994,-0.04243259597626969,-0.12444022662240968,0.13147583505390645,-0.029097636118126866,-0.02281746660173241,0.03697714442441567
2550,100.66455696340094,193.24999999999994,-0.039633733924568586,-0.1211060141207478,0.12742644749430262,-0.027911753139155854,-0.022675647934391432,0.03596179879463272
2551,95.03164557096497,193.24999999999994,-0.03862455282458789,-0.12004542941062,0.12610615053707544,-0.027423299406189126,-0.02265083224541485,0.035568209847157306
2552,10.537974684425308,193.2499999999999,-0.022105337153766447,-0.10430568689911587,0.1066223346685772,-0.01826646341141221,-0.02278244201214734,0.029201084733230666
2553,-0.727848100446636,193.2499999999999,-0.016306558529412884,-0.10287930196393787,0.10416359548162821,-0.014106275223326158,-0.022947553774013793,0.02693654070008768
2554,4.905063291989336,193.2499999999999,-0.019238070622954892,-0.10341775850002767,0.10519190146804956,-0.016197480417523398,-0.022787360829220088,0.027957506781491226
2555,-11.993670885318576,193.2499999999999,-0.010622155104535605,-0.10197224343896508,0.10252399041707441,-0.009984314147653045,-0.022783284566254253,0.024874979087949885
2556,-6.360759492882605,193.2499999999999,-0.013386621169059962,-0.10241857894628026,0.10328972330149483,-0.01200544810787514,-0.02296476645191098,0.025913534734993193
2557,-124.6518987340381,193.2499999999999,0.0006230925303017466,-0.10285350789771963,0.10285539524578957,0.0005143057696340992,-0.022959061100705155,0.02296482085822991
2558,-135.91772151891004,193.2499999999999,-0.0007930922161203055,-0.1014814249934106,0.10148452401207039,-0.0008332466751816346,-0.02159094759875184,0.021607020114623603
2559,-130.28481012647407,193.2499999999999,-0.00017554541212422856,-0.10264593345031234,0.10264608355937244,-0.00025036189069523485,-0.0227481971370994,0.02274957481063437
2560,7.721518988207321,189.49999999999977,-0.014790715210765838,-0.07152130223996632,0.07303466252777917,-0.012059357945647244,-0.01602371225837057,0.02005461215282661
2561,-14.810126581536558,189.49999999999972,-0.006725236290835129,-0.06999131468618303,0.07031367530337086,-0.0063388255737380555,-0.015804926940438682,0.017028694173273535
2562,-127.46835443025606,189.49999999999977,5.21027688891625e-06,-0.06987151586102085,0.06987151605528445,-5.6861218973108475e-05,-0.01528590367083521,0.015286009427979443
2563,-3.544303796664619,189.49999999999977,-0.010588088535744318,-0.07069589090158208,0.07148438017643544,-0.009093157503079062,-0.016119390626482537,0.018507303086752972
2564,142.9113924066707,189.4999999999999,-0.03079412838337656,-0.08793885087595542,0.09317467379215987,-0.0196934299250716,-0.01535937370625956,0.024974818174758412
2565,187.97468354615845,189.49999999999986,-0.024329205049323097,-0.09236443699980364,0.0955149173722236,-0.012347923329443058,-0.012953716409747795,0.01789608838193345
2566,97.84810126718294,189.49999999999986,-0.027082379743288944,-0.08225243924984636,0.0865962993153251,-0.018856884387881828,-0.015568708475873244,0.02445335912353697
2567,120.37974683692681,189.4999999999999,-0.029475318323513806,-0.08514227049576917,0.09009994792144552,-0.01979491259414468,-0.015614957938049193,0.025212407184100314
2568,-57.05696202480644,185.7499999999999,0.0001392345556290145,-0.03548346235173195,0.03548373552387431,-0.00012933623269808874,-0.007585695623720443,0.00758679813602682
2569,-62.68987341724239,185.74999999999994,3.436458611543694e-05,-0.035651106714475085,0.035651123276716955,-0.00020784433703231655,-0.007741920485097215,0.007744709940727561
2570,80.94936708987501,182.0,0.0,0.0,0.0,0.0,0.0,0.0
2571,83.765822786093,185.7499999999999,-0.013100621244287788,-0.04130498307809898,0.04333275786363392,-0.00912393624741461,-0.008118041948281328,0.012212649905771537
2572,78.13291139365697,185.7499999999999,-0.012774098698058815,-0.041018305142298345,0.04296136583367022,-0.008958016135415003,-0.008172767136155439,0.012126012359559011
2573,47.15189873525918,182.0,0.0,0.0,0.0,0.0,0.0,0.0
2574,49.96835443147718,185.7499999999999,-0.01182104936343082,-0.03941224065198278,0.04114683367237961,-0.008721851000785966,-0.008291409700680753,0.012034041702788554
2575,44.33544303904115,185.7499999999999,-0.011575837342495277,-0.03908042702802441,0.040758800115713034,-0.008612093845862732,-0.008315171272212624,0.011971225237885087
2576,24.620253165515294,182.0,0.0,0.0,0.0,0.0,0.0,0.0
2577,27.436708861733305,185.7499999999999,-0.010678640899362843,-0.03800826386093886,0.03947988719817087,-0.00818821818308356,-0.0083369269291544,0.011685515291840582
2578,21.803797469297276,185.7499999999999,-0.010107325191528852,-0.0376545980614601,0.03898752079444689,-0.007824861991328052,-0.008346805758581037,0.011441050281980758
2579,-54.240506328588424,182.0,0.0,0.0,0.0,0.0,0.0,0.0
2580,-51.42405063237041,185.7499999999999,4.311876121150418e-05,-0.03550281678618503,0.035502842970401544,-0.00024802683104768996,-0.0076190584286803045,0.007623094427367665
2581,-88.03797468320425,182.0,0.0,0.0,0.0,0.0,0.0,0.0
2582,-85.22151898698624,185.7499999999999,0.00027085438111860115,-0.0355870683447474,0.03558809907074967,0.00012992917057729598,-0.007652030830181917,0.0076531338297080274
2583,-90.85443037942227,185.7499999999999,0.00035431632354294637,-0.03558921344518795,0.03559097713893615,0.00023288765179814736,-0.007650625581178301,0.007654169350212985
2584,-110.56962025294814,182.0,0.0,0.0,0.0,0.0,0.0,0.0
2585,-107.75316455673013,185.7499999999999,0.0005791520885186483,-0.035706377863974896,0.035711074435062745,0.000504081848323616,-0.007759930976825497,0.0077762862135408355
2586,-113.38607594916616,185.7499999999999,0.0005997986002769307,-0.035827294002920874,0.035832314381471705,0.0005374636204331479,-0.007878820112543195,0.007897130713689894
2587,-102.12025316429413,185.74999999999991,0.0005113859854137606,-0.03566128443778696,0.03566495090952494,0.00042253136006292454,-0.007717143593075751,0.007728702218767827
2588,202.0569620272484,185.7499999999999,-0.008697211472525135,-0.046375110118790946,0.047183602299186625,-0.0030755904441167907,-0.005025280682751446,0.005891748681026487
2589,196.42405063481243,185.74999999999994,-0.010093146608923482,-0.046495748501290686,0.0475786321489437,-0.004126566299749506,-0.005538587979147219,0.006906844882359992
2590,55.60126582391318,185.7499999999999,-0.012012119122799115,-0.03977404012116628,0.04154834862398819,-0.008777813547701293,-0.008302489686502074,0.012082274027379186
2591,-79.58860759455024,185.74999999999994,0.00020825098649451929,-0.03555432995654052,0.03555493984148941,4.526646731038033e-05,-0.007623687474725648,0.00762382186080915
2592,72.500000001221,185.7499999999999,-0.01250302516820343,-0.04073974441228032,0.042615166468461134,-0.008841113325617014,-0.00823542852170079,0.012082531513405855
2593,38.70253164660519,185.74999999999991,-0.011310735832673953,-0.03881108190268815,0.0404256456167827,-0.008488907464516974,-0.00840668101772387,0.01194712667024548
2594,-96.48734177185821,185.74999999999991,0.00040446855634928186,-0.03563070998317109,0.03563300560881615,0.00030032031578560066,-0.007689116275665649,0.007694978972861455
2595,33.06962025416927,185.74999999999991,-0.01105730337457803,-0.0383899022431682,0.039950576368276154,-0.008389600393970187,-0.008350971061568738,0.011837403112239747
2596,16.17088607686128,185.7499999999999,-0.009382996703651987,-0.037377158104406755,0.03853689887760254,-0.007348703098465594,-0.008420442445742995,0.011176192921181528
2597,-119.01898734160213,185.7499999999999,0.0003379089105422182,-0.03572297066524312,0.035724568794901414,0.0002876565157514471,-0.007772482562939116,0.007777803768561332
2598,58.41772152013118,182.0,0.0,0.0,0.0,0.0,0.0,0.0
2599,61.23417721634915,185.7499999999999,-0.012084887796249116,-0.04019057442956827,0.041968163958250516,-0.008713093509314805,-0.008372240153206749,0.012083559230832245
2600,-76.77215189833225,182.0,0.0,0.0,0.0,0.0,0.0,0.0
2601,-73.95569620211427,185.74999999999994,0.0001128751416135169,-0.03558176991482486,0.03558194894984155,-7.469445487032018e-05,-0.007656538135293239,0.0076569024728533695
2602,89.398734178529,185.74999999999994,-0.013470258865159058,-0.04159406373723219,0.04372086472236488,-0.009326760846032177,-0.00806466285229189,0.012329933284499783
2603,-45.7911392399344,185.7499999999999,-0.00019750471434933832,-0.03546422533075747,0.035464775290743496,-0.0005017548104139714,-0.007598206346463188,0.007614755253664232
2604,156.99367088776063,185.74999999999994,-0.015440810952023053,-0.04549293524213892,0.048041917112054966,-0.009201713976691533,-0.007490729197849183,0.011865182848331945
2605,151.3607594953247,185.74999999999994,-0.01563368299993209,-0.045228031330218056,0.047853807185526544,-0.009527336263868341,-0.007635249791067326,0.012209306927783183
2606,134.46202531801677,185.74999999999994,-0.01561960143491663,-0.04430843984830469,0.046980951360913126,-0.010009633111666878,-0.007900049380145414,0.012751609123515114
2607,128.8291139255808,185.74999999999994,-0.015471829457704598,-0.04397982833908401,0.04662191338312482,-0.010045171677756702,-0.007951385642517003,0.012811323416089024
2608,111.93037974827288,185.74999999999994,-0.014816171974446105,-0.042950185113595864,0.04543387891506198,-0.009953560405468673,-0.00802239675007848,0.0127840609495177
2609,106.29746835583691,185.74999999999994,-0.014529701979800963,-0.042596649343740786,0.04500651924927593,-0.009852958738432631,-0.008024367821385055,0.012707134800344877
2610,10.537974684425308,185.7499999999999,-0.008476950715024325,-0.03710002368479983,0.038056148660074104,-0.006733170619788933,-0.008467182918764513,0.010817983785114785
2611,4.905063291989336,185.7499999999999,-0.007397430907039397,-0.036832731102334475,0.03756823211812473,-0.005978912819071931,-0.008484172100399229,0.010379237675631835
2612,-65.50632911346037,182.0,0.0,0.0,0.0,0.0,0.0,0.0
2613,-68.3227848096783,185.74999999999994,6.268981131119471e-05,-0.035578339762116676,0.03557839499248181,-0.00015161826631355092,-0.0076601094312581,0.007661609791520919
2614,-99.3037974680762,182.0,0.0,0.0,0.0,0.0,0.0,0.0
2615,69.68354430500307,182.0,0.0,0.0,0.0,0.0,0.0,0.0
2616,66.86708860878508,185.7499999999999,-0.012284726007674595,-0.040437830035423845,0.042262661902173926,-0.008770698824206304,-0.008275592090923593,0.012058631030108308
2617,35.88607595038724,182.0,0.0,0.0,0.0,0.0,0.0,0.0
2618,204.87341772346645,182.0,0.0,0.0,0.0,0.0,0.0,0.0
2619,193.6075949385945,182.0,0.0,0.0,0.0,0.0,0.0,0.0
2620,190.79113924237646,185.74999999999994,-0.011328168825783323,-0.046501719007043765,0.047861647271646476,-0.005120302298849185,-0.005956572784278552,0.007854823675042501
2621,182.34177215372256,182.0,0.0,0.0,0.0,0.0,0.0,0.0
2622,185.1582278499405,185.74999999999994,-0.01251501227994342,-0.04647794029848979,0.04813340281714057,-0.006152924649554153,-0.006355484453612434,0.008845940559556143
2623,179.52531645750452,185.74999999999994,-0.013420291492369956,-0.046357237002174895,0.04826072571165907,-0.0069802515683245105,-0.0066624687484063486,0.009649476762010884
2624,171.07594936885062,182.0,0.0,0.0,0.0,0.0,0.0,0.0
2625,173.89240506506854,185.74999999999994,-0.014197748296508286,-0.04620882187982091,0.04834078274306302,-0.007740589102440381,-0.006942464535549787,0.010397813879858848
2626,168.25949367263257,185.74999999999994,-0.014755203724436207,-0.045996553563792376,0.04830526862254714,-0.008333017452086457,-0.0071564412014880965,0.010984253753766519
2627,159.81012658397867,182.0,0.0,0.0,0.0,0.0,0.0,0.0
2628,162.6265822801966,185.74999999999994,-0.015176649210889022,-0.04576114875594438,0.048212170836149336,-0.008829339951162299,-0.007342849487497631,0.011483670256901096
2629,148.54430379910673,182.0,0.0,0.0,0.0,0.0,0.0,0.0
2630,145.72784810288871,185.74999999999994,-0.01571112919904284,-0.044933419473928995,0.047600963922268195,-0.00975751823410322,-0.007742928796813875,0.012456408328301798
2631,137.27848101423479,182.0,0.0,0.0,0.0,0.0,0.0,0.0
2632,140.09493671045274,185.74999999999994,-0.015704284490840603,-0.044628527715184024,0.04731099277540268,-0.009917192246426463,-0.007832836462995728,0.012637405948556711
2633,126.01265822936284,182.0,0.0,0.0,0.0,0.0,0.0,0.0
2634,123.19620253314483,185.74999999999994,-0.015283607041778365,-0.04363829590036896,0.04623731732373382,-0.010044294602749937,-0.007982973688663304,0.012830265896727243
2635,114.7468354444909,182.0,0.0,0.0,0.0,0.0,0.0,0.0
2636,117.56329114070886,185.74999999999994,-0.015059982160414445,-0.04330126795206527,0.04584542364215382,-0.010009157983372562,-0.008012640556001947,0.01282129682270081
2637,103.48101265961895,182.0,0.0,0.0,0.0,0.0,0.0,0.0
2638,100.66455696340094,185.74999999999994,-0.014217596003612493,-0.04224708876501349,0.044575290747687416,-0.009723398304370693,-0.008025856580570763,0.012607888341722015
2639,92.21518987474701,182.0,0.0,0.0,0.0,0.0,0.0,0.0
2640,95.03164557096497,185.74999999999994,-0.01385995199656573,-0.04190050501552642,0.04413332742841016,-0.009543687693868583,-0.008026596914713836,0.012470294015354742
2641,13.354430380643294,182.0,0.0,0.0,0.0,0.0,0.0,0.0
2642,2.08860759577135,182.0,0.0,0.0,0.0,0.0,0.0,0.0
2643,-0.727848100446636,185.7499999999999,-0.006241408903055017,-0.03661694498489703,0.037145064882459285,-0.005171842461241489,-0.0084976016006105,0.009947722724654048
2644,-9.177215189100593,182.0,0.0,0.0,0.0,0.0,0.0,0.0
2645,-6.360759492882605,185.7499999999999,-0.005179512044371629,-0.03642180649947197,0.03678824994074561,-0.0044526442973763115,-0.008470339041042413,0.009569361771255442
2646,-11.993670885318576,185.7499999999999,-0.00413930583566705,-0.036210783221081545,0.03644660031176225,-0.003729964190856882,-0.00836525372348192,0.009159154039719102
2647,-121.83544303782014,182.0,0.0,0.0,0.0,0.0,0.0,0.0
2648,-124.6518987340381,185.7499999999999,2.0453822158538812e-05,-0.03570628185405816,0.03570628771239435,-1.757614728183545e-05,-0.007753902148148098,0.007753922068476634
2649,-133.10126582269208,182.0,0.0,0.0,0.0,0.0,0.0,0.0
2650,-130.28481012647407,185.7499999999999,-0.0002922574297848245,-0.03546488733211324,0.035466091522533896,-0.0003170777017726077,-0.0075116452733949915,0.007518334455335085
2651,-135.91772151891004,185.7499999999999,-0.00038227328400758137,-0.03544106320451268,0.035443124776604114,-0.0003942334194653724,-0.0074899105456439005,0.007500278659541329
2652,-17.626582277754547,185.74999999999986,-0.003175368613091984,-0.036009895700565606,0.03614962730367525,-0.0030291844857650036,-0.008214869673045785,0.008755572076907754
2653,-20.443037973972537,182.0,0.0,0.0,0.0,0.0,0.0,0.0
2654,-23.25949367019052,185.74999999999986,-0.002309563182691788,-0.03583544735795202,0.035909794895535065,-0.0023619534939536913,-0.008052883548869627,0.008392124746406904
2655,-31.70886075884448,182.0,0.0,0.0,0.0,0.0,0.0,0.0
2656,-28.892405062626487,185.74999999999986,-0.001581024344432818,-0.03571044599789335,0.035745427558586375,-0.0017682930748880706,-0.007916191177210936,0.008111284926129114
2657,-34.52531645506246,185.74999999999986,-0.0010136135299174242,-0.03559562819122139,0.0356100569883805,-0.0012790035103514663,-0.007778532915124214,0.00788298321012814
2658,-42.974683543716424,182.0,0.0,0.0,0.0,0.0,0.0,0.0
2659,-40.15822784749843,185.7499999999999,-0.0005463339050089175,-0.03550472235017119,0.03550892549625387,-0.0008471788488839536,-0.007661584472916025,0.007708280524061398
2660,727.7697648665262,189.49999999999983,0.0006265867912843787,-0.03574535398105827,0.03575084533599409,0.00042140482815225175,-0.007138737861046917,0.007151164959496791
2661,-137.7697648663896,189.49999999999977,-0.0006282429988872582,-0.06915114144280061,0.06915399519990054,-0.000647190269190207,-0.014573755672575267,0.014588118783738165
