element_id,material_id,x_centroid,y_centroid,sigma_x,sigma_y,tau_xy,sigma_vm,eps_x,eps_y,gamma_xy,max_shear_strain,vp_shear_strain,plastic,yield_function
1,1,346.16523494055036,303.62311305428955,257.17435136645173,616.4156541169003,86.87197790851849,556.9747133027627,0.005381685872378724,-0.006030638447880667,0.003096407169919737,0.005912463187046375,0.005586951069577885,True,15.295159988857733
2,1,243.83476505943926,303.6231130542862,292.4778605873038,660.535213980562,-101.26801164298838,599.5196178281698,0.006527314984116642,-0.007235267553795599,-0.012048437152537759,0.009145675425187294,0.00879919007411868,True,26.517439881318523
3,1,393.4767218969878,277.5597739879753,876.3212472759733,1964.1929394577874,292.6958958344121,1778.1286476410417,0.0014463674138689056,-0.003556463666871093,0.002703030422323058,0.002843180098341561,0.0016961928658199468,True,18.655151355604744
4,1,196.5232781028117,277.55977398786973,2036.7550851831409,2514.6305502564164,-171.63559781406812,2332.0437079998333,0.0017463097886819307,-0.005127339117865586,-0.0020372044184875163,0.0035845938100845867,0.003079499597695255,False,-22.725621087641287
5,1,422.5425097555131,262.89102989474617,1178.6527586582085,2626.05111566363,391.3347308059786,2376.8872523368373,0.0009260010651519066,-0.0037523525146481787,0.0025411168497746373,0.002661966710058413,0.0011340772954665868,True,20.36098113049809
6,1,167.45758108918008,262.89101656788176,3216.802103702479,3746.6590534546963,-247.57941517717327,3537.9225277934147,0.0003089230370808036,-0.00548177989668327,-0.0013221307793052821,0.0029698598563185708,0.0024127587089622818,False,-76.99934049225402
7,1,493.8038173200726,240.5505381215462,1079.5618785337213,2416.739614508791,334.0411579217675,2175.2734865553184,0.0006344807157182814,-0.003231733253407034,0.0019420923564616574,0.002163292235002389,0.0007753308715064723,True,10.062115358161009
8,1,96.19619199277895,240.55053675531545,4748.965587410946,5072.434296690308,-373.7736972471218,4961.105547711067,-0.0015640757240824458,-0.005731821332678513,-0.0012764097975628808,0.0021794107821430956,0.001785201283195257,False,-46.94786024812288
9,1,499.59190171888264,243.5499505048042,815.2821166326547,1774.4027311677448,259.2657978256204,1602.5627692598623,0.00011819974295299841,-0.0020419656298904356,0.001167458015891386,0.0012277288642958655,0.00021529345988826836,False,-0.9770868215064183
10,1,90.40810759388523,243.54994913855492,4409.879312779303,4556.312818193811,-195.09028023443338,4497.600811914935,-0.0011780911171498357,-0.005482508751573049,-0.0006804839598013722,0.0021789372174916195,0.002024654260473284,False,-144.34674921473487
11,1,173.51644292301413,266.65607405809834,2879.6747065205054,3425.442016700296,-225.54354041762963,3211.639823653591,0.0006920359802415226,-0.005375836974634102,-0.0013584227717941865,0.003109035003961842,0.0025420438146130336,False,-45.80502593759843
12,1,416.4835833414938,266.65607791107493,1069.617455209427,2393.1519584895996,355.05846549876105,2165.5715714123144,0.0011341861060898256,-0.00370652909912341,0.0026212720390815444,0.0027524348675696825,0.0013577497471094074,True,20.742738331774717
13,1,193.18598737208853,272.443239033948,2543.007247185153,3153.983402247697,-213.43285609945596,2920.711431083342,0.0013873886687034021,-0.005619438865425004,-0.002240148107950493,0.003678107381472642,0.00302820525672202,False,-51.27262043215643
14,1,396.8140144167425,272.4432392964434,1127.3128930120397,2495.2041216693274,378.9503154976262,2261.595059982978,0.0013260322651392554,-0.004017044904616886,0.0029786832788216266,0.0030586364493635416,0.0016065796249174205,True,17.963955400578584
15,1,254.95739384112767,290.5590549699873,1628.2704972719432,2785.179086642744,-345.17218693850356,2496.1758624878303,0.018409382751907073,-0.02168794529995801,-0.025467830226025466,0.02375082152958368,0.022535207744116978,True,43.28303689934728
16,1,335.04260615886665,290.5590549699846,1103.5476013907198,2626.8982052952138,235.86371734369163,2320.8617699994243,0.007261804567635674,-0.010032992881173852,0.008039620826333081,0.009536056861021712,0.008071469400533842,True,10.650669813005607
17,1,354.1551696998283,285.82994761603624,1176.9205925710312,2608.380008578706,378.3528101832823,2355.5009556238087,0.004662912829050496,-0.0074748504184760246,0.006095982654771605,0.006791286718661673,0.005288335423095401,True,11.303740215363291
18,1,235.84483030014385,285.8299476160317,1922.347135273713,2663.2175449833667,-391.90192983675024,2475.7380616741593,0.008133922133092102,-0.011540341609854496,-0.016916866573290418,0.012973598464627438,0.0119893378231657,False,-2.7585626420329845
19,1,350.6926386630955,298.3315815361447,491.5464975006107,1110.2559185172597,172.11717858147418,1008.6707714709397,0.005329507437324573,-0.006519417803509311,0.004881726246117331,0.0064075791158771725,0.005772496084228581,True,16.210544731450966
20,1,239.3073613368716,298.33158153612334,669.9549914731847,1138.1434003341967,-181.88705598118486,1039.6893486318268,0.006836090367824434,-0.008179249173167091,-0.014280403399454675,0.010360867999140084,0.009819349736755006,True,11.195056143734632
21,1,339.4150806577533,302.58259475505037,466.08963074953607,1045.5441791208693,165.1252916900091,951.2538882307551,0.005754885699545033,-0.006877813672591618,0.005348326595977875,0.006859112384340011,0.006255904398314427,True,14.692851929816925
22,1,250.58491934225412,302.5825947550564,568.0705061969974,1126.1369281720772,-243.17657214070564,1062.3407371856842,0.00811357510789227,-0.009372129201995141,-0.020265035835236207,0.013383025934147169,0.012724682394069103,True,41.26904959317102
23,1,272.4518678030732,309.6331759800271,490.18990167972765,778.2148515830221,-160.06231599156027,735.7249950570709,-0.000503926828292033,-0.00043831670270318666,-0.0038906498936402386,0.0019456015318830436,0.002589705834165552,False,-52.17930677469559
24,1,317.5481321969294,309.6331759800258,333.00455278090146,886.9999123538297,4.668761730080212,776.1129167632122,0.009380566641919389,-0.010286855673162405,0.0016104421518746241,0.009866623338867151,0.009389687781347257,True,19.752127809706735
25,1,255.30814599431895,297.1008812117104,1047.5227969236992,1988.893384429206,-316.8978928938438,1808.5526167138355,0.0163985221517995,-0.018654145600804535,-0.026285248724066068,0.021906641784288066,0.020876853030078597,True,55.33596557166686
26,1,334.6918540056824,297.10088121170577,812.0416692364792,1891.0801806370555,219.4157421016167,1686.531890975121,0.007781853033817978,-0.009789886408009754,0.008317605486837371,0.009720449938739351,0.008641484172443781,True,12.372373144034896
27,1,348.447923580702,290.57952312409105,1004.7953075928496,2208.075985674694,337.08920182777086,2001.858179149098,0.005942876084572378,-0.008329580473856874,0.007331953749438779,0.00802278882303653,0.006743984516304855,True,12.080187371035208
28,1,241.55207641927367,290.5795231240768,1555.0547455423637,2283.0583239933126,-367.66584335503825,2117.9717676170985,0.010151327656947444,-0.013002497365745326,-0.021399124960051797,0.01576405850532617,0.014825816252219591,True,7.954190907585712
29,1,185.1274152155091,251.9594740506133,4617.943222938114,5637.798695824112,-513.546639188603,5278.856875982863,0.0004593884691357732,-0.008077939608787655,-0.0034359425753494833,0.0046014039186752275,0.0034087087285310665,False,-122.85737693400824
30,1,404.8726073326847,251.95947735828886,2250.3284588240085,4849.794934763208,761.9697173355931,4405.979013919538,0.0004413345273868734,-0.005715711905480204,0.0035974516130197164,0.003565490109525595,0.0007674984442720324,True,9.285896375642778
31,1,28.60937499991603,234.9218749999935,3981.713903385549,3627.4861962962823,-287.822548344645,3849.3655254611253,-0.034424058384017596,0.028771509738539636,-0.15328685524423868,0.08290135677568998,0.09983011668339224,True,498.662139831379
32,1,561.3906250000076,234.92187500002274,251.68156857992673,211.28390796364548,60.84561413987145,256.7387828814139,-0.003297793671324527,0.0029538764601779346,0.005900755220131714,0.004298322102897585,0.004194321640225177,False,-33.52339125838127
33,1,560.1406249999244,228.67187500002274,611.1325656892126,1090.116111986103,209.18775536761618,1013.3653068008529,-0.0014285875376519612,0.00016480280566457374,0.0032449629631300676,0.0018075312872990784,0.0017520552406655487,False,-22.190222962243922
34,1,29.8593749999646,228.6718750000107,5190.509225145453,4990.139605994103,-242.13973367412768,5110.5194056794535,-0.008560670203827649,0.0009979025006954325,-0.0056632283645562205,0.005555143284758005,0.014566275319131045,True,44.88830908914977
35,1,248.72888227144622,287.03871010128057,1921.966565824132,3049.9820685829145,-373.65827623460996,2748.316586356,0.015617175983862664,-0.019310623540850728,-0.023858537469214985,0.021149355721915647,0.01992316363091662,True,21.118222030671518
36,1,341.2711177285441,287.03871010127557,1243.1650897764441,2872.881952614167,326.45691536958606,2558.743042263959,0.006690742526789247,-0.009748377472565139,0.008023481738589116,0.00914632338104561,0.0075225245738734835,True,9.79331389014078
37,1,128.73814666715066,255.2927517124311,3602.9296058884743,3977.104606889237,-242.80221259182267,3827.021506154498,-0.0006819293981037044,-0.004948953159959751,-0.0009398145103477395,0.002184647746096856,0.0017948527405894906,False,-62.99138316915122
38,1,101.73977100873299,251.9521095844716,3447.4776220804983,3932.9043371313396,-106.2708059811219,3718.6179207254286,0.005224647667326388,-0.010707217122740902,-0.008679296489268885,0.00907130783346069,0.009066068298325456,True,25.58801963570778
39,1,488.2602848690056,251.95211778178768,588.3358040961062,1194.003692232736,196.4901779828766,1088.6385457141314,-0.0001377414525855038,-0.001186282173258814,0.0009077686765484715,0.0006934481979630253,0.00011178218897717501,False,-14.880712609402678
40,1,461.2633993704375,255.29297851469684,846.7471297762654,1905.6210609574252,264.912909924736,1716.1962928162732,0.00012678902670405575,-0.0021714053969633766,0.0011500746866806308,0.0012849483835858575,0.00018549750850306785,True,11.572737049988746
41,1,428.6433484452579,265.78177555179485,874.0302164022563,1973.6285047672663,287.55530926868,1783.869813792608,0.0008487762975401335,-0.0029641799189803085,0.002028132118091118,0.002159395459239382,0.0010071911197185102,True,19.918777248404353
42,1,161.35671988673144,265.7817655274069,2888.861376433977,3267.02740992999,-200.7421283390927,3114.7858763417935,0.00023820805085118305,-0.004811154006435848,-0.0007790654067081791,0.002554554760300672,0.002174808199569661,False,-69.50454066457081
43,1,304.4444444444444,310.3333333333333,324.895103605981,847.798457028464,24.334993872195998,742.0579898727667,0.0018650266458579388,-0.002736170433757774,0.0023307200521137453,0.0025789179187592063,0.0021609905422894575,True,15.274172054418045
44,1,285.5555555555556,310.3333333333333,610.3096559875376,779.389726380737,69.02291270905944,720.1039046056793,-0.0022411150957855055,0.0012087669831690221,-6.580431941757663e-05,0.0017252548048872101,0.0019283133120471705,False,-183.93324640680203
45,1,220.59951623484002,245.02978222761956,5485.894461132036,7266.561552907835,-650.8236957145406,6656.206090185006,0.006042031015882039,-0.015515284054883097,-0.00793272931708299,0.011485273478223599,0.009533375349200285,False,-88.32997300622469
46,1,369.40048376515034,245.0297822276257,3830.219036788299,7121.545769044147,1305.8633623072747,6574.62920608177,-0.00034705999715793997,-0.007788536715746176,0.005383736081851008,0.004592390171585903,0.0007160493086288243,False,-208.77101926953992
47,1,261.84191540461273,300.19427747078225,874.8956852569987,1817.0370869977032,-285.1983098944652,1649.6552840336533,0.013980148892534502,-0.01597987038049511,-0.021203288665889233,0.018351990389936814,0.01735671570770157,True,45.50106446551831
48,1,328.1580845953947,300.1942774707754,733.4025465079635,1754.3511230699285,166.81807402531953,1553.2116361195099,0.008271954569781683,-0.010120000152896682,0.007516930894716424,0.009934387859815435,0.008944885176757953,True,12.401680460066473
49,1,267.7703325504017,297.8419386271986,1045.2335574532967,2130.514009630447,-227.9285613432402,1886.9479814229,0.013290927074942364,-0.015650053839061682,-0.015047649126704912,0.016309599324517213,0.015228840281744045,True,27.526920127377366
50,1,322.22966744960064,297.8419386271968,870.6576783229566,2131.908170707713,143.14144493909404,1873.067922587076,0.007263227266093819,-0.009493704753945058,0.007410800203126632,0.009161259880263001,0.008009984708209487,True,13.460019929045757
51,1,482.78734104364776,254.65927958879016,551.0839832437761,1084.6822600051935,178.10756040903024,988.7593491769605,-0.0001331967170896159,-0.0010819439207524874,0.0009025795235883564,0.0006547463350143899,0.00012235351002584598,False,-24.17760367165573
52,1,107.21270685151434,254.6592725625668,3368.214312751094,3300.1629193023095,156.73366415536776,3345.741068252816,-0.00231280527006229,-0.0026408463880345204,-0.0008275254303092396,0.0004450868771624712,0.003808032414866116,False,-0.07230754202936396
53,1,190.6485873780804,255.55545505455916,4334.741659223165,5316.450666807213,-513.5461086633342,4979.998150336545,0.0008213592950839294,-0.007990816451563652,-0.0037915755553404665,0.004796626068958765,0.003619686812197825,False,-103.29227629905347
54,1,399.35142029413527,255.555456179944,2138.0826639665815,4622.783715340723,718.3284726302481,4195.90519667815,0.0006068857190738479,-0.0056292436008449475,0.0035968351667240517,0.003599532334600347,0.0009344104683395663,True,9.282767401658248
55,1,239.6972342491313,234.45197739116483,6208.038564907761,8850.184829799606,-461.8065614590334,7909.67897677645,0.017785930763380888,-0.02897203957087776,-0.010667157435259469,0.023979658241559773,0.02140393857476768,True,0.016947673207141634
56,1,350.3027657508706,234.45197739116682,5032.041437343491,10176.430434600044,1880.351183728979,9395.750076960225,0.0044419384434310006,-0.015739660405446245,0.011577462505660899,0.011633298867550289,0.005799122104250044,False,-12.681022112817118
57,1,517.7629985911822,233.87291029315807,1034.6676497062597,2257.536334729739,331.13474767326727,2039.6466109947262,0.0005465583284291747,-0.002992195574010195,0.0019673880728411025,0.0020244378856356213,0.0007333679974058085,True,6.337474327376867
58,1,72.23700140851452,233.87291029314414,5095.968586901417,5433.805098987705,-272.0118533155276,5294.015956314938,-0.001682020242975794,-0.0061400973522561155,-0.0008314285841053553,0.002267472436588625,0.0019180773384032707,False,-107.6131609351965
59,1,233.79247234432674,230.64245358157208,6501.146911418958,9220.536361686472,-474.32007432933597,8247.064876085662,0.014338758212233533,-0.02601772292939759,-0.008387495607489066,0.020609437478376725,0.017966520291692743,True,0.8294233882152184
60,1,356.20752765568363,230.64245358157405,4995.427027986097,9832.204289195119,1870.1728617053452,9110.604421412021,0.004850098720391248,-0.015864910556011618,0.012185160127329994,0.012016548346448424,0.006426866967951677,False,-27.968522190543354
61,1,124.29411476783777,250.78370778668332,4161.5164922189615,4421.57773145372,-304.52853835790523,4329.701305084252,-0.001272924957755149,-0.005103087894115989,-0.001203566402254148,0.002007406299413953,0.001681099226897764,False,-131.28998920862972
62,1,465.70786050088526,250.7839975566554,1022.2710466909319,2299.0471391408514,322.7313149428369,2071.9249553270975,0.00028802864911180414,-0.002755293587158211,0.0015374311261514653,0.0017048097182262667,0.0003763718470009976,True,14.900690869485743
63,1,208.7475983711822,244.67056655593896,5476.5021795448365,7122.801264430983,-662.6425727119173,6560.154179859554,0.003560278633548792,-0.012919761191930848,-0.006517143745487545,0.008860937806586028,0.00701142362165387,False,-92.60373608659734
64,1,381.25240162882665,244.6705665559554,3439.2060142538726,6817.475686889139,1179.97136593279,6247.912182376585,-0.00020178050454671139,-0.0074174687591595494,0.00478158838096966,0.0043280984402154525,0.000511391495082726,False,-102.55280009199396
65,1,214.9436758062146,241.25331492675778,5760.673237905019,7647.145460285837,-661.7966879407794,6994.669986050668,0.005109065009800349,-0.015069158899884971,-0.007278840240243736,0.010725463106462909,0.008679390082108664,False,-77.78706631110094
66,1,375.0563241937921,241.25331492676727,3903.784316295025,7475.88231893827,1364.6401429091918,6894.2617042395495,-0.00017258157199936836,-0.008280885071316793,0.005666498173213373,0.004946053658829271,0.0007955256923979108,False,-152.12766543694806
67,1,203.1791490139824,240.93954120946412,5759.805453039385,7491.859361769687,-679.9463333328687,6894.827350754446,0.0028802290174774468,-0.012724322879907051,-0.005926773260594582,0.00834608712512434,0.006423537685227673,False,-87.68051373564481
68,1,386.8208509860602,240.93954120949252,3587.2175895293644,7136.937763687805,1237.7993790029723,6542.071835747841,-0.0002378190716345754,-0.007728696333612487,0.004963029397058229,0.004492908382943109,0.00048504185526383314,False,-97.74423202759408
69,1,523.9353256968786,230.70396640619484,1130.420713710051,2407.8704186926693,347.4597293504831,2171.6282224499196,0.0007869075600838213,-0.003415352401297269,0.0023778766884564196,0.002414191703683195,0.0010642649540705239,True,6.277070568038198
70,1,66.0646743028188,230.703966406187,5399.3547751704655,5785.2325080695,-322.0833962809692,5629.976690461819,-0.0018143313883918657,-0.006494219164872129,-0.0009549475806087465,0.0023881621847227984,0.0019863933107364894,False,-107.05280311322423
71,1,360.99794898240197,288.46338335260924,897.9298457108222,1962.4290429341702,314.14137109997,1786.4312334201886,0.0037012754871370646,-0.005826113518701917,0.0046565877458400965,0.005302238930472902,0.004159631693241448,True,14.824048497076546
72,1,229.00205101754125,288.46338335257695,1531.3371530697793,1943.574110996259,-315.09855513830803,1855.8199949737486,0.0048416034848930934,-0.007422966138199341,-0.012632056595081043,0.008803245450699023,0.008125015814072637,False,-0.45645500727027866
73,1,260.86868875255885,306.92599101413185,453.986890140261,951.2512350944439,-203.77210020731602,896.4912856207934,0.0046989737191143206,-0.0057428648978600895,-0.01604494499548354,0.009571732518345756,0.009607077814275338,True,25.118449483013364
74,1,329.13131124746565,306.92599101412,367.09525635721957,891.3248831214138,95.94128958771648,793.4935608986457,0.0070573194280647384,-0.007992145817391697,0.0046171052466883605,0.007870896788695654,0.007358055871684146,True,13.735351307789017
75,1,273.8804392316643,302.49031883720926,730.034930857632,1614.6883540646122,-158.1960572205073,1427.0488981350125,0.004876821909334456,-0.006618616349562411,-0.006294968456535195,0.006553085697457399,0.005709829782378006,False,-1.607447362493133
76,1,316.1195607683383,302.490318837208,702.9572212467283,1774.7104308838589,32.90635416001662,1549.0154743615396,0.0073118214656732496,-0.009152374578684565,0.005145922776714579,0.008624822789642658,0.00770720839462077,True,14.374407034497153
77,1,179.27197096321683,255.573754937975,4141.9726234893005,4988.09621779299,-398.4565524975419,4674.696352379602,0.0002595038374533008,-0.0070418406909772404,-0.0025965776258215995,0.003874656348947605,0.0029192253578752846,False,-123.01452486460335
78,1,410.7280716181853,255.5737611845058,1896.9695561427532,4116.7782708314635,641.5109478176365,3737.8553566818073,0.0006939338771295103,-0.005161289405738962,0.0033788436678569393,0.003380097048313183,0.0009993180915321982,True,13.730813520625134
79,1,352.93903967148896,278.3135667424546,1568.3612480180727,3550.3176738309817,445.4693611747031,3176.7374438010224,0.004145846279323731,-0.007948293478411531,0.005691960010187291,0.006683311777053425,0.004666187363395101,True,7.028869519536329
80,1,237.06096032849504,278.3135667424679,2623.5188707352813,3630.6908361795454,-477.05638893235636,3349.974579778643,0.009648498936606022,-0.01429448329031413,-0.016551958008354704,0.014553639680754705,0.013292760811801363,False,-2.5397787064683826
81,1,239.28828827109132,241.8947890626736,5754.833378647999,8127.600970370992,-554.0337388695208,7302.319874421485,0.01327496353495127,-0.023587629051365393,-0.009714391605559883,0.01906056227168378,0.016675012212927075,False,-37.75172169131861
82,1,350.71171172890814,241.89478906267638,4921.829465003047,8905.601141011435,1593.1747504015384,8204.687941775272,0.0006025667836240361,-0.010874372376663326,0.007270427363598647,0.006792997249710571,0.0021487504206346105,False,-365.39599672480654
83,1,232.37650899437486,252.67197702750397,4907.9958389623425,6600.875840416222,-575.5542971884823,6021.35384316756,0.009071958714921512,-0.017621406248174147,-0.009573943000765563,0.014179175907249783,0.012350479086693006,False,-106.35224361102507
84,1,357.6234910056119,252.67197702750914,3699.55431913268,6802.449290217536,1051.1130739663638,6173.208560925029,-6.167025955062495e-05,-0.007739818135966712,0.004581943117406444,0.0044706866794504046,0.0010160675717306147,False,-340.7644521860477
85,1,387.0117638422805,277.1082218005584,1050.7692867969727,2319.662743390638,355.7053876110778,2104.0674749149443,0.0012780853277036463,-0.003781834835843006,0.0027750576206878614,0.0028854694964426395,0.001534985194354677,True,16.572219302133703
86,1,202.9882361575495,277.108221800472,2208.6639545940166,2771.665145439705,-221.11945037380693,2566.1895245347264,0.0016902393727985022,-0.0053899124185377845,-0.002898761359023774,0.003825289753892239,0.0031959838450508656,False,-37.59548816453906
87,1,346.44745813079174,275.14080583301256,1829.0886979004783,4159.7424735048035,504.92502451676245,3715.55282661311,0.003811911460495019,-0.008260757473539009,0.005873278383088664,0.006712762735194186,0.004357952993163137,True,7.038647038302543
88,1,243.55254186919765,275.1408058330185,2919.9720593226357,4240.187587083011,-456.06375761997697,3840.336023494822,0.012916296490943358,-0.018235272228273272,-0.01734145843772566,0.01782657015816168,0.016358085982011168,False,-1.5154142922530127
89,1,340.48678230697305,279.1163736837787,1671.1940776715655,3876.950986986851,405.3126151662318,3440.542983295826,0.005075144994811823,-0.009196624185700896,0.006878790780745318,0.007921508034255528,0.005754064849249203,True,4.957618417530512
90,1,249.51321769301907,279.1163736837861,2596.7759473789597,4013.720001014872,-379.3917886379436,3586.401594515196,0.0166881986251854,-0.021598852758277966,-0.020281801832905618,0.021663620364733696,0.02018847205104041,True,11.11298732999444
91,1,232.85136191814024,245.3441104356265,5532.730993088426,7541.6467770639065,-584.2898148145476,6840.016758209061,0.00966721696316942,-0.019379611878139653,-0.00869532752601473,0.015160202723916444,0.013073227152825133,False,-105.36058284587148
92,1,357.14863808185464,245.3441104356318,4396.838469888588,7884.122533467124,1351.887203031237,7232.507201912172,-0.0002831866592289007,-0.00883981294326391,0.0057001647879593755,0.005140713276738228,0.0010941293052894204,False,-383.5845277209751
93,1,238.4010382434692,256.5921112632719,4564.860744861387,6277.359485521808,-561.0019560828919,5703.691209891344,0.011352534490866262,-0.019406755233436605,-0.01146706791096901,0.016413618970373193,0.014568880495092534,False,-68.78835165318458
94,1,351.59896175652017,256.59211126327494,3461.5725882971324,6624.719724137426,1075.283136913605,6033.750863168979,0.0006843935987959948,-0.008177067888033034,0.005146172125285167,0.005123684885549076,0.00160096430782871,False,-214.595329491882
95,1,333.86244977025996,275.8565273340456,2300.4993802681706,4845.601523285354,802.7039821539233,4422.425722228969,0.00336040202153433,-0.00866893412131693,0.0074574959549044955,0.007076707814286325,0.004282961554145426,False,-2.4640485619186165
96,1,256.1375502297363,275.85652733405004,2891.829744096674,4567.865411317782,-348.2192980200575,4047.512156846128,0.019924188031684168,-0.02546567586142066,-0.019097853696982598,0.02462198083047916,0.02294610879207896,True,21.598686204206274
97,1,358.35660227918953,267.0592166105348,2093.9457021404564,4735.184195105642,582.6415825980522,4231.993975919976,0.0015337733456062712,-0.006606841269274821,0.003598197479584701,0.004450186271666202,0.0017695718195296494,True,3.2507600234923757
98,1,231.64339772078674,267.0592166105242,3551.9138038315664,4801.859930083488,-551.28568618775,4419.265279619215,0.008134420115652276,-0.01434008060370342,-0.011788100152320478,0.012689193116442213,0.011196858776573124,False,-9.557190421412315
99,1,345.94980841224356,267.82184366338015,2432.15108748564,5262.156216119553,757.4851251777912,4746.434360258823,0.0021718262070234678,-0.00788759734684448,0.0051998256196719665,0.005661938464675994,0.0026825164361912435,False,-17.643632584867646
100,1,244.05019158774803,267.8218436633828,3530.451722793907,5116.284575185564,-459.97251595895295,4605.690575234647,0.013473018150474875,-0.019896307971831086,-0.014949475714967637,0.01828249675242155,0.016597539666547836,False,-8.14850185862872
101,1,225.6680047849304,263.1535468225103,3916.386072474072,5146.540846582544,-561.5089981728867,4755.522970854417,0.006158622125800893,-0.012891082122814347,-0.009336555084068644,0.010607338176912689,0.009136264553096478,False,-56.89203313291546
102,1,364.3319952150385,263.1535468225266,2258.8756066533574,4993.401852981705,654.3592641494263,4476.791883873003,0.0005657680200730264,-0.005953174132944798,0.0030694343707905816,0.0036027085002461423,0.0007881016608868705,False,-13.640005734226179
103,1,352.0012894726885,263.8413872000388,2553.46887637576,5492.525015855627,778.9202723403479,4948.049418074279,0.0012735344383940782,-0.0072505584726230456,0.0042539493122167055,0.004763303599041356,0.0016775696702664008,False,-33.608885816212705
104,1,237.9987105272987,263.84138720003835,3870.4035235412334,5375.12829156065,-543.3036731817531,4894.246494662069,0.010760205028337737,-0.017628314376699115,-0.012806035427487164,0.015571629469809913,0.013893759863277497,False,-18.36241174830252
105,1,362.9962658606255,241.49481500567788,4319.440800212565,7848.746854981565,1515.5350725667602,7297.173308392527,-0.00034014525929579065,-0.008699079855991224,0.006292353411664982,0.0052312880595777695,0.0009615034320368138,False,-240.00796487700836
106,1,227.003734139376,241.4948150056714,5798.090555537834,7807.585472642531,-639.9167617347346,7108.8422262840995,0.007778906740513463,-0.01788598036144742,-0.008086057627572177,0.01345428145529162,0.011334152142675429,False,-86.98374688457329
107,1,370.46922059363106,266.2279127353923,2021.9075148715922,4437.315687034127,641.6384225191965,4005.138969796208,0.0007541530977523585,-0.005552433190596615,0.003275624333986562,0.0035532641820513497,0.0010141042145002603,True,5.394679093669993
108,1,219.53077940631655,266.22791273535796,3599.433416292959,4638.946306053702,-538.2148147794495,4318.239335530332,0.0042520990514383385,-0.010372038273753043,-0.007939374063909013,0.00832014202151512,0.0070095533687948965,False,-48.43533656067814
109,1,358.79670275944187,274.21243398331814,1725.8525640230619,3844.5476511367465,523.0277239469924,3456.105509592317,0.0028237466113092235,-0.006961758199713659,0.004716506475437469,0.005431425635581223,0.0032375412218502344,True,6.696042249100628
110,1,231.2032972405335,274.212433983318,2937.1971004357442,3899.3578027334097,-519.4756997823597,3631.597535078621,0.007414252332402127,-0.012492835974756339,-0.013073081433111571,0.011907955565773789,0.010645602037549759,False,-3.0811504672467436
111,1,408.14149215034786,275.76549104498457,685.6090553864057,1561.3492897895358,228.07787889484118,1411.8975622816258,0.0014560781664179302,-0.003125247222834352,0.00243829718448152,0.0025948909168815788,0.001678061084497507,True,19.8525526479894
112,1,181.85851160147536,275.76549049456077,2137.762014998065,2408.6672152720403,-144.20589703056757,2298.8981989923755,0.0015301171391685683,-0.004907464567369234,-0.0010974856816854863,0.0032652309661743233,0.0029895704863919016,False,-70.72860519253143
113,1,213.57586391228963,262.401771545015,3928.5984400890798,4990.887759570903,-553.2069351990041,4653.36074301702,0.003222954509383362,-0.009848858543416524,-0.0066693610921229095,0.007337449724946542,0.0060108450965584495,False,-72.70783152194394
114,1,376.4241360876508,262.4017715450455,2162.9135454538714,4689.07315351817,712.0387550837883,4247.886506370895,0.0003770391093165809,-0.005467086371410131,0.003259521227377081,0.0033458287936698515,0.0006533127437951085,True,4.949993060232828
115,1,339.4242490036733,264.5583274838355,3114.217879061187,6280.79545301041,1181.7082117671614,5811.736566604099,0.002273014550373594,-0.009252167311341066,0.0073948632280083915,0.006846784265378662,0.0031987988436712514,False,-5.638812571825383
116,1,250.5757509963229,264.5583274838363,3911.328831237764,5768.159504752987,-469.39305264968,5164.298426490558,0.015858691392502445,-0.023049168442095563,-0.014785731612073182,0.02081129150373052,0.018896011098012484,False,-16.449044034101235
117,1,327.7077407274317,279.95336974495063,2236.448906739395,4557.723024843051,783.0243668348536,4173.824347607418,0.00339106739738107,-0.00843816654655661,0.007829446622973312,0.007092795819040535,0.004493266651460016,False,-32.739228153098566
118,1,262.2922592725663,279.95336974495376,2550.3919293915765,4210.633971003759,-312.73389719282426,3713.2974571621407,0.02216097825708263,-0.027183454640233362,-0.019438374225111098,0.026517557629206656,0.02488142781460263,True,40.72448796803917
119,1,410.3009583371036,240.96398106567656,2898.338388398415,6078.621549193552,981.3519375819269,5533.647806248427,-0.0002805475676293277,-0.0063880512431532645,0.0037473512312244037,0.003582744841483183,0.00011312679293487176,False,-24.554641453009253
120,1,179.69907967688223,240.96397548908138,5622.531220802073,6946.083130843009,-609.5407755296625,6474.641209760147,0.00011264932060166436,-0.009449334267538047,-0.0036033456013824542,0.005109198314384936,0.003614703925071102,False,-145.39173546486802
121,1,225.998788342348,256.01558317625654,4594.246115008259,6052.094957615248,-570.2932132932907,5559.3021182483535,0.006628389189829175,-0.014537099700920925,-0.008712097813538159,0.011444196873275143,0.009802100434343082,False,-110.42797736970749
122,1,364.0012116576292,256.01558317626484,3099.645208023027,5930.953101547065,847.9425222721769,5343.891307968669,-0.00019284804295191646,-0.006515596415585848,0.003563021261989336,0.0036287831120443504,0.0005710883257332316,False,-254.27266605657724
123,1,382.77925486404496,266.1703182411389,1825.1105254561771,3945.735818374984,616.5254011979613,3583.122425583519,0.0008903607627344357,-0.005177275189580463,0.003491648058024382,0.0035002789964133493,0.0012225337694961261,True,9.521133501996019
124,1,207.22074513587185,266.17031824109716,3485.482968499262,4366.741702273878,-490.24216897521006,4088.744665504276,0.0021253167312499195,-0.007958397915252815,-0.005317050251036526,0.005699831673921198,0.004572094970583903,False,-54.4393579481889
125,1,338.9838256751012,257.2265984662283,3887.4029132648234,7526.98764465475,1560.3579945988579,7057.702312284898,0.002089383740123007,-0.010568645297434629,0.008804660271039858,0.007709535355715024,0.003312963513559694,False,-10.006620839122206
126,1,251.0161743248968,257.2265984662278,4581.690107826051,6683.721225646201,-532.4738366413432,5990.981505848362,0.016603271270716858,-0.02497186254701055,-0.01394872845159564,0.02192634703603347,0.019766671485563533,False,-20.17078025326805
127,1,244.89294263249238,253.24083870900787,4923.818752928176,6909.84013251671,-575.6379210830802,6241.887406303543,0.01385563660091035,-0.022646354630098002,-0.012241755394903861,0.019250038564748825,0.0171695178315632,False,-65.60350112333435
128,1,345.10705736750316,253.24083870900904,4040.6399129405067,7726.934194160162,1452.0673339249508,7150.945592304337,0.0012794002771613206,-0.010021026756721781,0.007249618588870721,0.006712984076255059,0.002413432385847496,False,-135.22501508330652
129,1,410.1147550818993,233.8940030615215,3551.8334268093026,7049.52743253595,1189.9732089972458,6443.65728838678,-0.0006100695609773214,-0.0072652270773934146,0.004479238671629181,0.004011069079613563,8.506761545854363e-05,False,-112.53169802987213
130,1,179.88526805614615,233.89399966719552,6262.816752242451,7872.835793090948,-663.4485650585958,7295.12036912028,0.00018811054399053595,-0.010688881006238219,-0.0038719802546202074,0.005772806429197079,0.0040059486593104635,False,-146.4737276503472
131,1,245.30533973634908,245.87138310028698,5412.776765035371,7781.3312194694045,-544.4372584580968,6972.65335540207,0.01618978412295695,-0.025991121482874725,-0.012214569523319263,0.021956915233976297,0.019568852308707658,False,-3.06986164625323
132,1,344.69466026364836,245.87138310028783,4762.323523877017,9088.558081175202,1626.9172320013124,8362.986214995974,0.0017731922265130644,-0.012062418561694715,0.00839006667873516,0.008090385416597802,0.003130089108826894,False,-214.3448137536261
133,1,403.62152415958445,272.0771748218987,1000.3147327879078,2241.8378232977225,331.5072375988488,2028.2046576162343,0.001399717406039625,-0.0038081735905603612,0.002842732894312013,0.0029666167152528635,0.0016597983667151351,True,20.0016407610525
134,1,186.37848138133333,272.0771740090197,2472.554605308022,2945.326502427835,-219.34368282182342,2765.9227805565183,0.0012808048054277353,-0.0053055164854600686,-0.0018462238473983227,0.003420093954904757,0.00290187309828272,False,-32.91715115917248
135,1,333.2975661855084,268.61744330373483,3027.384475578215,5976.97195367709,1183.7588935955691,5567.630891949098,0.002900470302631021,-0.009589420792934964,0.008590006945460093,0.007579340322583343,0.004085433729106623,False,-7.803865358607254
136,1,256.70243381448984,268.6174433037359,3579.2754474092176,5504.456104720404,-415.4053751622825,4891.417997615192,0.019440097830972954,-0.026188012698269227,-0.016775528550544632,0.024307112275108286,0.02236893352804799,True,10.480375122760506
137,1,108.07221029078345,240.68866832126776,4905.899596488739,5321.709307449961,-323.2758624083978,5156.955604756207,-0.0015172298455160239,-0.006080422483124132,-0.001139083901783453,0.002351607917108157,0.0018961420820799348,False,-159.2278983530352
138,1,481.9281249770249,240.68871750470927,1298.5409657684247,2915.0780794299917,405.6008619114046,2625.2765039036326,0.0008079558701470002,-0.003938072875151549,0.002396657910248635,0.002658418608400372,0.000979053638966338,True,15.72480389504517
139,1,201.37533487718255,262.7915889806316,3751.0904419561175,4663.485261851891,-492.02634233917024,4364.846969135971,0.001602528483139119,-0.007853356148825078,-0.00460362143341772,0.005258495138232033,0.004121807087023618,False,-72.31692579178127
140,1,388.62466512276615,262.791588980632,1916.1191898972659,4138.784822811543,648.9918123268859,3759.550326167344,0.000837745697870109,-0.005335674393025253,0.003587422994441432,0.0035700391930522848,0.0011800115599484462,True,10.04461498448336
141,1,220.06942336157735,252.2226838063273,4904.6191926177635,6370.3998769689215,-607.6927487323125,5873.735604062722,0.005157680597613012,-0.013533409049305948,-0.00769120064554679,0.01010583246891641,0.008435322146480356,False,-116.67837431679015
142,1,369.93057663839664,252.2226838063353,3241.269193894319,6152.469967329164,984.8332826812806,5597.016267507359,-0.0003643447670660905,-0.006613861466985654,0.004004318424923961,0.003711166428185316,0.00045574726407117904,False,-223.57045652053148
143,1,451.81522917631696,244.41706897770686,1706.3591902116766,3772.8159779091766,558.3347903737715,3412.218645797631,0.00027630967621865087,-0.004346554086822729,0.002499353406361118,0.002627624251178716,0.0004465360117590866,True,18.94050380991621
144,1,458.0297576353098,241.0463416458042,1780.424467610553,3937.1396616548595,586.7447130717103,3562.8651797653847,0.0004111450790609212,-0.004658478432229505,0.002763690048783329,0.0028869995337708607,0.0006071050220402057,True,21.881532410307045
145,1,108.09957230153042,233.78927686331417,5490.734796283388,6191.145456141142,-393.44028345513266,5911.7593529561145,-0.0014582667827203726,-0.007219701404795001,-0.0016056694463108924,0.002990497587160728,0.0022318412394310393,False,-142.06964277405405
146,1,481.90071507092506,233.78931902053785,1731.693348578341,3837.088209613014,550.882638452508,3462.334861825417,0.0010406447683280913,-0.005177453925841701,0.0033029612401004826,0.003520451118963385,0.0013141352831740425,True,20.14445416710464
147,1,131.97489587852007,241.04565898013348,5075.672345682661,5797.025163866677,-342.25245772132644,5504.140299285209,-0.0012070548326115727,-0.006869806174482222,-0.0014480821540763839,0.002922485871856883,0.0021635919333747966,False,-191.9737536086053
148,1,457.9976428498233,233.8137720685369,2251.1423480664457,4904.406810719083,745.9520016347296,4444.059331147503,0.0003321311670404646,-0.005647681970709723,0.003375407487103442,0.003433348979728238,0.0006068944721526883,True,19.949836156205947
149,1,132.00609299147595,233.8132240245208,5770.985665743198,6712.922797026656,-422.17440760033924,6337.3591098714105,-0.001337286997633038,-0.007936473574710258,-0.0019230546291125858,0.003436837302871184,0.002431564092876601,False,-206.25560392694194
150,1,427.9902024987378,230.44954194788656,3332.222621314657,6698.073961108901,1108.384241470283,6110.15349187395,-0.000600105343662691,-0.006850972117566288,0.004116855754032487,0.003742386829437944,0.0,False,-62.16818859913019
151,1,162.0098547098227,230.449533555469,6474.411637661026,7862.419108807368,-593.9434007082872,7340.940594223855,-0.0009036237640216826,-0.009746593361926284,-0.003041270062237039,0.004675666661047502,0.003160358621596184,False,-227.84264345829513
152,1,445.7871326043951,240.64657093165786,2081.1477838259284,4553.143734650031,690.814020740578,4125.312231510952,9.422722786341277e-05,-0.00502255807015988,0.0028593982323910617,0.00293076995162826,0.00030115353300254815,True,16.85451752753329
153,1,144.21693850463308,240.64597370419062,5245.671820451262,6105.672318504662,-384.67795441656676,5762.975400657518,-0.0010619568097521763,-0.00737047026490082,-0.0017794827039240917,0.003277342700548589,0.002362310581712327,False,-202.7616910314772
154,1,511.82767289405257,230.16894388696323,1390.7737131428592,2995.429765097227,426.4634659411244,2699.3516416510543,0.0012527353156685608,-0.004511057899504066,0.0031656852363668797,0.003287965755715121,0.0016008887161839621,True,11.12524866524052
155,1,78.17232710563103,230.16894388695712,5651.757720307874,5982.677958415982,-343.5981563607548,5854.59935629641,-0.0018600368812292894,-0.0067826867658227095,-0.0012439271668229042,0.00253869241355898,0.0021545876374298462,False,-182.00215433853157
156,1,202.06446909183066,255.24739233502285,4507.702775343449,5666.944772988561,-591.2547032986286,5285.5927825118215,0.0019237574442384098,-0.009482067051570769,-0.005290821738142962,0.006286605345773004,0.004878865844376155,False,-88.10510627150768
157,1,387.9355309081602,255.24739233501722,2406.738775226708,5170.735571753029,811.8162713860387,4696.9591294422835,0.00024447583905689175,-0.005873456782527536,0.003553872634625644,0.0035376231521103236,0.0005613742702158265,True,4.797091483133272
158,1,138.18975960525214,244.41633712859084,4815.371602375626,5490.496192329668,-320.2496481033593,5215.577836710653,-0.0010605672027152397,-0.006595220301922962,-0.0013688776990833876,0.0028507109237704844,0.0021425574246889804,False,-193.0523302423453
159,1,469.98278081411127,233.71917053911716,1991.9805659710903,4380.560024332431,647.9107292244187,3961.1446836209043,0.0007197587996334544,-0.005453646095287522,0.003381071130536927,0.0035193241533845857,0.0009961231803020064,True,21.54622388102257
160,1,120.01923079282301,233.7188754384978,5624.058309711836,6463.083681087689,-401.04276591203717,6126.600114016558,-0.0013742905732089757,-0.007604729191384955,-0.001747622975548016,0.0032354501788592685,0.002339873969241384,False,-172.12768344393805
161,1,422.03232499343085,233.92406441751382,3200.4115370303352,6501.987451745578,1064.1934072369731,5925.112825832157,-0.0005379991321668836,-0.0066694972594951996,0.003952718369737344,0.003647576311603696,0.0,False,-74.35019421926927
162,1,167.96775535303019,233.92405263078615,6182.353988219652,7561.472407473622,-599.8547382714327,7051.8893801989725,-0.0005945336002184073,-0.009615166008010864,-0.0031684807852745836,0.004780457078647652,0.0032638292329476466,False,-193.72777637630247
163,1,427.90036674192424,251.17088078089492,1802.2904984980066,3942.7449284691315,603.3130699838825,3574.8394188556586,0.000432392704856175,-0.004700133307746053,0.002890653463110272,0.0029452801527965864,0.0006636672862283837,True,17.00357937196668
164,1,162.10011158390327,251.1708106109753,4355.955380460556,5149.458604285449,-356.91837999217387,4841.759129690915,-0.00034909372624548115,-0.006712070948137243,-0.0018515417453783328,0.003313445561692241,0.002458981027982716,False,-133.72330033608193
165,1,102.08412226391107,230.43947967197064,5715.31993602622,6482.703089460981,-427.1979772414067,6179.5706522369355,-0.0014240592919679525,-0.007637329241251121,-0.00181190474344803,0.003236036242921065,0.0023969801706191017,False,-115.27640060372846
166,1,487.9158777360664,230.4394796719678,1846.629571798865,4002.313237097709,577.6312573000833,3610.918948452479,0.001305971108889024,-0.005650900052640747,0.0038092540026717662,0.003965743070818994,0.0016950677499099132,True,20.583692054358607
167,1,416.0421224949927,230.47452246962726,3696.78305354696,7245.013385221639,1224.9135711111894,6623.776940832288,-0.0007187641973695187,-0.007409427442858503,0.004586184375842678,0.004055800222944933,5.3742677734570486e-05,False,-112.67181191812097
168,1,173.95790064305993,230.47451907531715,6533.9175687103525,8163.669711599483,-652.061453925649,7567.852365110399,-0.00023339629559926886,-0.010684811398345177,-0.003600315819122799,0.00552707770090423,0.0037588814839947422,False,-174.5077067591892
169,1,446.00371758444174,233.9065124092081,2535.8114803027697,5444.275877280003,851.9488314233903,4943.912706967756,-0.00018711492960663648,-0.00574094996459771,0.003252149935641175,0.0032179792883028783,8.793558385077688e-05,True,9.759793983713507
170,1,143.99829402249978,233.90621730857893,5920.281244046157,6975.408767922369,-464.9994154842455,6561.886097695474,-0.0012355616365748877,-0.008344093800887483,-0.0022124614896142083,0.003722439233019548,0.002586002810778691,False,-224.89118105633509
171,1,439.67588178455617,244.04102453525024,1998.7383842317486,4370.3412816715245,665.7596072690588,3960.981789787394,0.00016552825313749642,-0.004896844576379907,0.00284163593505009,0.0029026932947008046,0.00037714459294317795,True,16.74653432523246
172,1,150.32652096806703,244.04067205393122,4965.728503261406,5802.686574795632,-379.5032963329234,5472.397389558247,-0.0008594590490871738,-0.00713993500889806,-0.0017955356603021645,0.003266049853767514,0.002371059416441031,False,-181.18850977690272
173,1,463.99794347939206,230.36933119054711,2378.932123860173,5091.221647861409,772.5667009670575,4610.722623637867,0.0005359307346169103,-0.0060851878221815335,0.0038033722763806408,0.003817880682260826,0.0009194521986987779,True,19.71555974283706
174,1,126.0037807551809,230.36907824715433,6008.6137676451435,7017.415218874475,-454.53436570623944,6618.339862400393,-0.0013860519832550686,-0.008290426692445185,-0.002085057891598471,0.003606170286336363,0.0025233966479762918,False,-183.4458498157694
175,1,422.03602162118955,240.83219869134152,2596.948972122788,5571.51286634857,875.7035977103709,5061.376823097952,-0.00017139876671316148,-0.005896601456151229,0.003369451049224943,0.003321563871441883,0.00011625110289580406,True,3.304143482820564
176,1,167.96412546840867,240.83217711345563,5503.233811481624,6650.777687054925,-527.5945357703428,6225.167433004366,-0.0004926328539032904,-0.008536061402152436,-0.0028191732345939635,0.004261586574781755,0.00298730306656032,False,-174.62784996801042
177,1,416.23202237795584,244.45263474761,2486.373193068158,5355.388361588298,837.126935958573,4863.03265654706,-1.1132678730130194e-05,-0.005814175904728954,0.00338025719811189,0.003357880633978748,0.0002733633492952012,True,7.16419287969552
178,1,173.76808237917453,244.45261937987257,5215.800081013873,6323.114222356071,-525.9104784478576,5919.120692709766,-0.0002022588639521425,-0.008369506047122709,-0.002979013535443472,0.004346793306431851,0.003098309673655966,False,-156.0271155385476
179,1,440.0040182139642,230.4620715312183,2974.478573865213,6165.542589807815,993.8670368459201,5611.192292576256,-0.0004245911902961932,-0.006365138817003783,0.003700441653895167,0.003499406183163923,8.42510997753523e-06,False,-10.881570198682994
180,1,149.99598178622838,230.4620715312125,6349.34870441947,7564.013315710999,-535.9719556797421,7096.743342975759,-0.0012365749890481624,-0.009099065368763053,-0.0026219773367360047,0.004144077705758739,0.002821098990867781,False,-242.20274465943726
181,1,475.9848373351203,230.34983934857004,2111.118871814786,4554.298306183751,672.636959999892,4115.958246928141,0.0009602815024076668,-0.005911734263206603,0.0038417818152332714,0.003936492353565168,0.0013468919720434648,True,21.73525841291257
182,1,114.01545003742088,230.34979719134353,5843.956435397605,6751.921912847417,-435.83658048115575,6391.572529259444,-0.001386718661464019,-0.007970219540089401,-0.001931634631868496,0.003430513670352259,0.002453816974486778,False,-141.78876229273328
183,1,451.9996993708773,230.4444408779898,2663.0637041989544,5626.116717420384,885.6282614827397,5110.323144138793,9.046503937566582e-06,-0.006166723388569081,0.003697966900872504,0.003599135068497019,0.00039364612991995163,True,13.616782484048372
184,1,138.00231223607474,230.44414577736643,6185.152329774736,7281.512472002589,-489.21372933211256,6852.536728165533,-0.0013665977848261997,-0.008637210353636935,-0.0023127335162444213,0.003814791719180384,0.0026290517410073795,False,-222.6996159742697
185,1,422.2035477466937,255.06864537807243,1677.6772994750452,3677.866125217499,560.8910982451945,3333.890268092626,0.0006247238515589442,-0.0046031275384734085,0.0029344630186854907,0.002997561649253271,0.000868086121666181,True,17.21945925376076
186,1,167.7966098412866,255.06862226008516,4018.310885280333,4772.875312601759,-331.7319209248115,4480.893047125063,-6.376225934271481e-05,-0.006466833201941127,-0.0018622755454173346,0.0033341935945220527,0.002520960708669601,False,-116.94650682353495
187,1,404.0726325871564,230.41948059189426,4050.3584285056313,7801.73216987449,1352.6133821923165,7152.713155417577,-0.0006767081485218823,-0.008127702010274821,0.005194451013391343,0.004541465370846791,0.0002566529670839635,False,-147.19986506785517
188,1,185.92736741296326,230.41948059187837,6559.101647734751,8467.153852355665,-689.1363064205507,7784.7487144190645,0.0009782318365230468,-0.01214059306516167,-0.004399540080789801,0.006918444906977631,0.0048753614119044384,False,-109.25543931750622
189,1,433.9942207123523,233.9116134791049,2850.5839407777053,5963.728459361744,951.5449870099088,5422.92273169335,-0.00038311040993803223,-0.006164664515879811,0.0035343099517510463,0.0033881305581020165,0.0,False,-26.96904457132132
190,1,156.0058364962232,233.91160508668153,6066.392450829543,7263.059339409905,-527.500043764573,6806.419681246723,-0.0010205702862455515,-0.008881308186503765,-0.002624938992803855,0.004143715272931347,0.0028388161837184967,False,-222.1987268095471
191,1,427.8823476771352,244.1965707032964,2247.012397280185,4868.323609602897,754.8040051870022,4418.104031746798,7.904921828884682e-05,-0.005364727394830581,0.0031323831324126953,0.0031403235462993933,0.0003314656977436198,True,11.921511642552787
192,1,162.11811952490652,244.19650216524562,5086.726848360445,6059.527721665657,-444.9242282697748,5688.88184057191,-0.0005981143951187955,-0.007681960428329186,-0.002296930454796065,0.0037234649231730464,0.0026583341859416666,False,-170.8024894753579
193,1,487.9261626049732,244.1415974537555,990.7261385297348,2203.2892318560366,312.2052466503166,1986.3488707037043,0.00038684024877084936,-0.0027595373810573903,0.001620959531721098,0.0017696893790268005,0.000503222473641183,True,8.364261062078867
194,1,102.07389327289211,244.1415892564858,4669.409139807916,4825.052527791219,-265.55490577966634,4771.3653665901,-0.0017493359052449817,-0.0053036927621143435,-0.0007605440637874711,0.0018174074900071673,0.00163726385492935,False,-203.03836055195114
195,1,380.18800487687514,230.48237788168976,4671.276745574627,8780.546751088217,1590.6673086306625,8092.78266668776,-4.011079424413355e-05,-0.009952672374705497,0.006707960093524002,0.005984471691443389,0.0012086713290202294,False,-197.40676666906165
196,1,209.81199512317892,230.48237788168387,6608.488124589213,8887.601954618987,-700.5982364875186,8087.056664220717,0.005278151934462001,-0.016789533136159492,-0.00690193633421105,0.011560919616726359,0.00917343386084,False,-49.44767363069013
197,1,156.11773119592854,240.75044921378864,5368.301223387859,6368.514900040632,-448.8588936804038,5982.721508420994,-0.0008388595553540175,-0.007879918136335715,-0.00222484612559362,0.003692101238569473,0.0026067997202013932,False,-191.86015746182568
198,1,433.88266926299093,240.75050796068703,2340.178005213615,5059.291212737949,786.5897826412098,4592.318489806622,-5.8502519578533765e-05,-0.005438246042328352,0.0031109636831706884,0.0031072389435226715,0.0001902157932418037,True,10.243235073278584
199,1,173.61857469305573,251.7147560807723,4459.749060600373,5356.897808398058,-417.2758949006606,5021.718168297165,-3.613370637795974e-05,-0.007256232539163738,-0.0024670426788309923,0.003814974663558336,0.0028147999514788642,False,-134.78246943809972
200,1,416.38152943867095,251.71477135674243,2019.3356389003604,4383.356762963938,679.0565070122976,3977.865963507827,0.0004621561316193927,-0.005218441915861462,0.003259403876912266,0.003274633865406712,0.0007430170596909319,True,12.928457456096794
201,1,164.40734136295407,277.9805187903765,1520.8651812468713,1504.5267626791244,-99.32725247633239,1522.5133893623206,-0.00034759337908109496,-0.0018998406364067553,-0.01691928330449927,0.00849516949633412,0.010395781054544072,True,93.73195360294561
202,1,425.59265863667815,277.9805187905014,204.43617497709235,499.84749013903325,66.26531002722498,450.14223087891247,0.0011032069183782045,-0.0016263890696073422,0.0013508192734489229,0.0015227776402964967,0.0012225477844866985,True,13.36369716372181
203,1,152.95753175427652,274.37740473563997,1705.9396449186822,1780.2854200549136,-107.05817256586526,1754.1297353851628,-0.0006354379940473353,-0.0019543291970759227,-0.0014674987803433449,0.0009865377179478997,0.002602013540505964,True,105.05000663576227
204,1,437.04246824526945,274.37740473580834,201.11691641145833,473.1225927375032,64.04504120937565,425.96402054643283,0.0007433417937839766,-0.0012442054291517428,0.0010431527653702224,0.0011223314634388356,0.0008437214369708454,True,8.138756000369312
205,1,141.66095131929413,270.71467078818733,1884.305327386665,1936.1495202950766,-132.20461339052684,1924.4268901292899,-0.0007266439282095516,-0.002111408244354012,0.0002593256803180184,0.000704418558056827,0.002281749696082972,True,152.3623862712259
206,1,448.3390486802047,270.71467078835485,206.0044161440035,461.9218589840764,66.04737993888195,416.8194448491366,0.00043283490050962926,-0.0009290087048904819,0.0008659149453858535,0.0008069118133680655,0.0005418931864612129,True,3.1409652342377115
207,1,459.54246824526945,266.8774047358084,225.56671990982872,471.1228788871793,69.36714576884533,425.4443235173259,0.0001639396076816993,-0.0006814804525023229,0.0008193517309457478,0.0005886578669238501,0.0003446062806701868,False,-5.9051717372358326
208,1,130.4575317542103,266.8774047356505,2081.815039252188,2200.8627597144114,-133.59498481492273,2156.2709505425996,-0.0011884428935185181,-0.001992974899999556,0.0007909521758941301,0.0005641092744327255,0.0027745611632321557,True,167.41210555385194
209,1,470.6888163395318,263.18300420162115,235.5226059133239,467.0544988409353,85.65087982801492,430.833064839667,1.669145066605039e-05,-0.0005386058713406119,0.0010745796924505656,0.0006047885232159509,0.00038836351745049095,False,-4.159076493402068
210,1,119.31181202531452,263.18291202094946,2331.0614264152696,2360.166987244974,-116.32282099265076,2354.3861946562156,-0.004058027143705309,0.000573114607843421,-0.0007040113065747873,0.0023421734480351245,0.0055566511419669895,True,149.46566436721366
211,1,208.11773974836316,251.7588563127114,4879.866540851017,6230.929719352193,-631.0819888952909,5781.54569283049,0.00292300352477865,-0.01117673788950109,-0.0062467214162191705,0.007710775518736855,0.0061154441912329065,False,-97.36548382474825
212,1,381.88226025161384,251.75885631272877,2858.717014221402,5861.777489197702,961.7751038937758,5343.273276721303,-0.00017276496011892225,-0.0063053166709924275,0.0038250129636857796,0.003613824658824146,0.00030512888714116066,False,-55.90735816668007
213,1,505.4539621347776,252.18889205522578,196.93164470872065,418.3686456360737,61.42241296111717,377.81279663514647,0.0001386438663167362,-0.0005957240820013675,0.001946628188839861,0.0010402713094552424,0.0009024901524631226,False,-3.144980078021973
214,1,84.54603786492412,252.18889205513992,3126.732384138197,2864.051329422811,-99.21247977467762,3008.9288337340035,-0.006987178182463922,0.002536881709532882,0.007449346853573628,0.006045669635598473,0.006439871062872734,True,212.14350395967904
215,1,159.86487311766174,272.8579235261602,2098.4425699077506,2480.214799384695,-17.323917857105087,2313.27445564369,0.002081194975028285,-0.005482483306502669,0.0007704710004627123,0.003801409432995118,0.0035638188094083006,False,-7.074195518932498
216,1,430.13512688194754,272.8579235263098,416.3232132016116,970.9752230588974,132.87808266998388,874.5559624197365,0.0008521471188227828,-0.0018827116714734704,0.0013872719801868976,0.0015332951566701337,0.0009625597220816358,True,14.951070340106526
217,1,186.7075317544451,285.6274047356953,1085.0627401651109,1137.5093936444794,-75.77689354376433,1119.931303195891,0.00045097238897370427,-0.002102025974089431,-0.0005223381896861234,0.0013029426144508078,0.0024703743816707068,True,42.302677790654265
218,1,403.29246824526945,285.62740473580834,187.45257067101332,471.9503152287057,63.11625766424911,425.8617761922871,0.0015359383899591881,-0.002025780533770338,0.0016952380979121228,0.0019722876248322485,0.0016840134609707564,True,16.56215573468512
219,1,148.36848307405623,269.3420755239892,2325.1667498371357,2717.4269909844834,8.442237222838854,2544.121222630725,0.001628382158345932,-0.005374308937241986,8.874014095645866e-05,0.003501626671735698,0.0033951434184969743,False,-7.727037701613909
220,1,441.63151692547405,269.3420755241632,404.98840019468395,926.7698460380152,127.59766436449867,834.5240597944389,0.0004923934054764509,-0.001481699531249283,0.0010254377974356745,0.0011122685825869756,0.0005739040785015384,True,9.56985540344317
221,1,137.11848307401058,265.5920755240065,2554.0421853795556,2974.591109144869,26.36640724303609,2788.579949828198,0.0016123950625584415,-0.00571937979563373,-0.00021365722583232367,0.003667443659463946,0.003578390505189952,True,4.08365287997762
222,1,452.88151692547405,265.59207552416325,420.6918725509492,934.0449687889821,132.3719256163828,842.0472127250183,0.00014073833198676537,-0.001147114271267823,0.000712179547190819,0.0007358267518829654,0.00020122462077743698,True,3.101142993684107
223,1,463.98128458480124,261.81040893742954,448.28831161178937,936.617917735652,133.6171214657013,843.742421969224,-1.5482744970140103e-05,-0.0010133047396879277,0.0006852251598962779,0.0006052235646638076,0.00010483663280787562,False,-13.726471770285912
224,1,126.01934378001602,261.81031675676365,2824.564650258307,3281.3938503844274,75.46361836950031,3081.279971789479,0.0029957512776967055,-0.0075316061638884225,1.5523236752657335e-05,0.005263684443281556,0.005368808055359012,True,10.505006662865242
225,1,265.36853446975675,311.7165093133661,386.22128554528234,460.4007111967989,-174.7089187243183,524.298350731566,-0.0028614781335278843,0.002232558935948116,-0.012237563037085857,0.006627728923844231,0.007042575315520892,True,0.059668876068940335
226,1,324.6314655302627,311.71650931335915,178.10413054719572,471.89715939722356,55.74345288311745,423.8905220702678,0.007773449968398258,-0.008256308069499839,0.0046960804148875185,0.008351741046282637,0.008065093252315724,True,20.039742711179002
227,1,63.31467430270467,244.45396640613922,3298.0002581729946,3314.0992465694403,-212.41267046743485,3326.4871525303765,-0.007495249824289618,0.0025834044779095545,-0.05199424462513608,0.026481034471304787,0.03297126479308755,True,332.6495676529771
228,1,526.6853256970618,244.45396640619484,249.0358031510624,491.51447453202405,91.26467261959691,454.0796509481768,-0.0003319710765509113,-0.00021815198687075645,0.002917719053409591,0.001459969114382645,0.001335883937291468,False,-4.423018043624779
229,1,197.9575317545009,289.37740473571415,869.8440203368609,965.3943951627862,-76.4560234972843,930.8109295745817,0.0021697036330253342,-0.0035330235988250774,-0.0006924786996227918,0.0028723085066858474,0.0029817196475756427,True,35.25733230423122
230,1,392.04246824526945,289.37740473580834,186.61626085358668,471.48343257744017,62.04485213603596,425.06996106254223,0.0017204527474078597,-0.0022093268053851485,0.001578604578761935,0.0021174961481451485,0.001832448008165541,True,16.57486824970306
231,1,376.21627568982564,255.53450626225026,2704.5846048213257,5548.1295350088585,864.4772331143373,5033.199395578695,-0.0001523668351755991,-0.005978220811555341,0.0034572471867520826,0.0033872235187689063,0.00029905419573937484,False,-76.4439107210294
232,1,213.7837243101329,255.534506262238,4578.4133172998845,5863.633141357619,-609.407265370335,5441.696215663102,0.0036926114382390698,-0.011449560236098942,-0.006970024374286226,0.008334665602069295,0.006798709895224075,False,-94.49733136810107
233,1,209.13635004317112,293.3409498698907,646.114712144573,743.9362969001022,-60.43577379508461,707.9510555343669,0.0030922488164376624,-0.00412485813744227,-0.000546227256762245,0.003618874030681784,0.0035721739692535716,True,12.418008891387757
234,1,380.8636499566551,293.3409498699654,170.58533331027883,441.72946853983467,55.25703301061079,397.53204875158286,0.002583527538570331,-0.0030383899628018325,0.001377879126433789,0.0028941539039629774,0.0026348702084247277,True,17.27042257844343
235,1,193.4150635092088,284.254809471497,1391.6781709354234,1701.7895178798033,-59.40522772281156,1573.2448360970695,0.003085566221350745,-0.005383570790184887,0.0003369879913470309,0.004237919378258475,0.0040263485448291305,False,-19.453658184814486
236,1,396.5849364905389,284.2548094716167,401.58784012607333,945.4431326758069,132.59331004728995,853.3463555061054,0.0016297603031291184,-0.0026304118829248244,0.002119495480773904,0.0023791452324232244,0.001817762202954208,True,18.458709681004166
237,1,220.40193579970503,296.88137732446734,453.74921011576276,575.3201691309047,-54.95787493531964,533.7524467718112,0.0036394971649328046,-0.004403948703801785,-0.0009883807916557102,0.004051972298541091,0.004046716432422291,False,-0.46443547694231313
238,1,369.5980642001801,296.8813773245194,182.10970742332498,470.7942395149942,57.568625868553504,423.1044792209471,0.003907019824632792,-0.004392034185215545,0.0010996495116955916,0.004185795220353956,0.003932080264254728,True,17.709033934751744
239,1,231.722596277394,300.45846848182435,296.4275074013726,499.3916788810723,-47.34830720769017,442.6663213736113,0.005375424969711983,-0.005966604936664665,-0.00442961683797969,0.006088167781205924,0.006170024077374998,True,0.9375616103595661
240,1,358.27740372254516,300.45846848185516,196.2127103876861,503.64673453022255,61.36609512749373,452.3659613124598,0.004932445280987833,-0.00545234086864116,0.001423102241216983,0.005240920800834596,0.0049819119451502015,True,17.92119728661379
241,1,254.25015428282487,308.45948170077344,245.61507074034716,498.39006915100487,-149.1889729016228,503.06993630969635,0.0022223101886851802,-0.002774999721175853,-0.01993467754659861,0.010275753928812938,0.010543655417344297,True,38.62575648187331
242,1,335.74984571720296,308.4594817007608,180.88733259659568,446.7906090559624,61.88643676579244,403.7488168402071,0.005585349850744934,-0.006051624893115345,0.0032251518782408853,0.0060378138805979005,0.005786169100965476,True,14.279426226932259
243,1,204.59388179787877,288.21835460567377,1107.1874406361474,1370.5295504050316,-69.3210737027796,1265.384686877711,0.0033606302340534536,-0.005201219998826963,-0.00040747700177419174,0.004285770552574219,0.004082570791722046,False,-11.159117170809367
244,1,385.4061182019245,288.2183546057738,386.24337033434927,912.6818088810493,127.43864414984246,823.6361766901725,0.0019488642273542056,-0.0029137800747714346,0.0020931706214991196,0.002647011185266411,0.0021063384653767377,True,18.51815238034777
245,1,398.25282750449855,233.86587604895317,3882.819729487143,7605.884449744462,1317.4063944329853,6971.382067938231,-0.0005113053084582196,-0.008023160653256702,0.005112328972371424,0.004543233381715213,0.00031826918456932666,False,-134.27364106681307
246,1,191.7471724956034,233.86587604892387,6300.300759214514,8161.184338980427,-696.2378538724424,7505.667527402549,0.0015455353448204404,-0.012288352846336635,-0.004830811171849116,0.007326547602102531,0.0053092229587784106,False,-95.64315793157493
247,1,398.5889927744561,240.98825130149592,3250.6477520697335,6628.043852616537,1110.49989339617,6054.078815956646,-0.00033156290649261164,-0.007006893714131471,0.004289020721280016,0.003967232667079844,0.0002176318459096978,False,-62.18601378123981
248,1,191.4110097049597,240.9882509377791,5712.4764077402215,7246.572506912117,-667.535524067311,6714.621087737138,0.001175901201793,-0.010802623252677588,-0.004626471942738415,0.006420461251796783,0.004689545898835162,False,-111.35483171470776
249,1,386.36819979426724,233.92877333874875,4194.2076544456795,8106.5223544626815,1431.85280977664,7446.962590787421,-0.00027510157187440794,-0.008862583577600376,0.005803601355409393,0.005182341070673973,0.0007040713164403463,False,-161.732096024351
250,1,203.63180020579443,233.92877333872934,6313.677307211782,8372.303335078972,-696.5662120975377,7652.030852126878,0.0035955757345325153,-0.01450516135451994,-0.006126281071967935,0.00955468475329971,0.007355146005683215,False,-64.00624555406307
251,1,215.78828584302676,291.9723271944082,855.9899465503132,1098.4438603372564,-75.26334729829742,1007.9853748685279,0.0033781608655982713,-0.004830025979286211,-0.0024758525650261133,0.0042867288578903925,0.004115417946265075,False,-5.737815041998374
252,1,374.2117141568353,291.9723271944848,386.25898498721693,908.5084053698014,129.3627546797475,820.8947304590507,0.0029663090539755865,-0.003928136258240852,0.00242679361217882,0.003654541811200658,0.003125707142461799,True,18.360263943151836
253,1,227.1245320771935,295.3398458063231,707.9772455902529,926.0577818440632,-131.64247442189716,869.0087347983841,0.0037043981209992157,-0.004918252712807605,-0.008094534065066421,0.005913365985888879,0.005617459989469671,True,1.3518572791868166
254,1,362.87546792272525,295.33984580637457,416.93608116513025,963.7069715484491,144.06795010516976,873.515504969437,0.004057638868633451,-0.005083259422077878,0.003060881348307497,0.004819881123781634,0.0042724232623926614,True,17.861214028239147
255,1,362.464101412492,234.2359698231297,4800.012091818391,8865.4142763031,1760.8546975099255,8269.426730074802,0.00034207142587208364,-0.010493531013619412,0.00775151301838139,0.006661385634776938,0.0017509242841957505,False,-184.21472116878704
256,1,227.53589858752244,234.2359698231257,6333.608688401921,8743.853598008656,-685.3569239503046,7911.9258074357,0.009341677408167097,-0.020542077963786386,-0.00859859399891161,0.015548108035134673,0.013060323493668221,False,-11.376399320791506
257,1,505.43669965028556,239.91617509415119,914.7031480266231,2013.908983741386,292.5796515954412,1818.5683693828678,0.00028822104333600836,-0.0024637614840779536,0.001455159621832289,0.0015565103080451177,0.00040028620837310227,True,5.017897262238989
258,1,84.56330167989475,239.91617489895052,4462.078467218448,4800.954774746421,-279.3970941135421,4665.96852570682,-0.0014574781718551604,-0.0054236322364615615,-0.003259790578746737,0.002566934586305223,0.0021319082942556737,True,7.054985632789965
259,1,174.55832121005912,273.118604549267,2337.540447860824,2670.932297902258,-198.24367605905027,2544.1037853850717,0.0010850545813829088,-0.004805634335378409,-0.0009158307738780158,0.0029807281795073423,0.002639593050525964,False,-37.33606389915667
260,1,415.44168254175656,273.1186050996776,695.2621141781324,1584.2289361865296,231.80417091640712,1432.800017835587,0.001321102816699979,-0.0030144390255423246,0.0022981235487156536,0.0024534819599395475,0.0015225730378113974,True,20.57857706076686
261,1,410.4911635121887,262.6926832221646,1448.546112666184,3181.905978934838,488.3509609756118,2886.0238990527514,0.0010386180644336115,-0.004478382475337209,0.003114146111845146,0.0031676174390917133,0.0013201551252705875,True,18.28781508987379
262,1,179.50886794528174,262.69267860750443,3367.2607553005255,4059.6398627265685,-281.5245047969385,3793.0229315436986,0.0005748721060381501,-0.006091998279429715,-0.0020104138594564955,0.003481699463728999,0.0027339490851892665,False,-86.0088168819234
263,1,392.18019491754194,230.446395457059,4368.662846094598,8324.099971827962,1464.646082126256,7645.013640759255,-0.0004450099890596371,-0.008983899532825733,0.005856159330270741,0.005177046376606912,0.0006317957095894606,False,-175.3138446922685
264,1,197.81980508254173,230.4463954570455,6578.372674337838,8707.391316028245,-696.6739397237628,7954.196955674579,0.002851186441031325,-0.014206325405303317,-0.00554031141042037,0.008967354137540805,0.0067162334139375555,False,-69.49307842526514
265,1,392.9690113792924,244.57953858034548,3105.5110699820652,6379.945428865986,1070.3156361281606,5828.519383916093,-0.00023049209204623476,-0.006815847021383766,0.004192368570561356,0.003903295203311581,0.00027450127017184905,False,-44.34297648027973
266,1,197.03099110008603,244.57953821663554,5436.9978288168895,6920.156506472718,-662.5749821745793,6414.175892886159,0.0017237511212060863,-0.010903351484564113,-0.005122968704286343,0.006813378907740011,0.0051130280724814535,False,-101.30360765041985
267,1,516.7192306582535,239.90598610327697,797.6277331014768,1518.986372954032,252.2678053402092,1386.6726655540538,-0.00011417777400141552,-0.0016067355619255696,0.001019423682912973,0.0009037357738267438,8.684817388540302e-05,False,-48.4011101696147
268,1,73.28076934146848,239.90598610325617,4687.107252167277,4759.043033179155,-345.02310870244537,4761.138803626299,-0.002319220438284685,-0.004697919773686949,-0.003442771845810845,0.0020923006781143443,0.0021956981417195942,False,-11.100845327027173
269,1,368.2565737568584,230.59351624155565,4876.538453793346,9199.49098673721,1789.4118837110946,8553.10322765571,0.0008413477297729078,-0.01129782674273847,0.008235681195937613,0.007334609765270275,0.0022044614716877978,False,-120.92119122388931
270,1,221.74342624317114,230.59351624155363,6615.367553515418,9082.403811042614,-680.6476883454493,8219.461734347322,0.008384671604154287,-0.020045873189254527,-0.008234806568236013,0.014799560098751989,0.01226139569506265,False,-23.887519228466772
271,1,370.83345924282474,272.89206277213617,1646.735782950566,3582.7242642753367,547.0734058382269,3247.417370831157,0.0015210322684536615,-0.005405774017821461,0.0037213003719609693,0.0039315620873241145,0.001867701189364155,True,9.058340950398588
272,1,219.16654075710133,272.892062772087,2940.3588951486745,3780.026952440707,-482.50265483288166,3538.0933786023343,0.0037921665008558126,-0.008784453130493688,-0.007847068201626955,0.0074119471246196595,0.006287577556845084,False,-12.192071524110816
273,1,125.7360834975472,244.2198740127843,4736.180978267382,5250.206963919912,-308.0601693266947,5041.314934834686,-0.0012779886078759495,-0.0061404710063203026,-0.0011603629735457575,0.0024995088170257124,0.00195427250756122,False,-184.52667089965541
274,1,464.2669876404328,244.2203245455814,1451.09848899797,3236.1964494247127,470.179466114274,2923.32357039843,0.0005048558688882233,-0.003986846394573646,0.0023732534237896623,0.002540065010837214,0.0006665630875612054,True,20.320799308036726
275,1,476.2491766167744,243.8676616105084,1224.5800109740887,2747.986193093075,383.56545896672964,2475.330834888537,0.0006041896111147137,-0.003555238791278911,0.002102096323774591,0.002330217457076991,0.0007464259456109982,True,15.05862533075765
276,1,113.75158788199609,243.86754945931432,4682.959455263101,5045.323060818452,-310.1560891436293,4903.768052635282,-0.001457809155049923,-0.005768914999753515,-0.0010605797289416033,0.002219823358157092,0.0018201180504113894,False,-162.73989072809553
277,1,95.76713301943268,255.05271812648007,2925.9197958796417,2721.3056286950814,-94.54626234870285,2833.902954270416,-0.012166077634197489,0.007970995890227692,-0.006439761017497792,0.010570859143070986,0.01706056116143558,True,183.91143244772658
278,1,494.23287496281745,255.05271929761625,266.16966025564494,491.8490530045794,84.30049460531151,450.7396186479705,-9.425492368748235e-05,-0.0004688446918772535,0.0014738759556673304,0.0007603663306470692,0.0005862291066327384,False,-19.005118808035064
279,1,393.45383267860524,251.79909994909676,2519.51097905745,5383.800949214045,862.3999529599099,4898.969653951752,0.00015950554854082252,-0.006030537266685395,0.0036889423300619957,0.003602947597761344,0.0004986387734668054,True,5.039950683085863
280,1,196.54616980075335,251.79909958542177,4778.117400984814,5979.3118622662105,-602.7159791478012,5576.963496687285,0.0014137246219700717,-0.009404957788956538,-0.004763487299793632,0.005910471647080882,0.00447599573045236,False,-97.37937054056886
281,1,268.1756076045106,290.92304836153585,1614.3692892210502,2937.2015188630744,-253.82929576859704,2585.517543985499,0.01832327892890347,-0.021704445814908817,-0.01721674561377169,0.021786664944959618,0.020483285587184687,True,39.35888180003349
282,1,321.82439239548904,290.92304836153534,1415.7999509209483,3208.647674323763,385.08423505745105,2863.909178624595,0.004616207998881009,-0.008051511949062793,0.007570531027185481,0.007378754446265158,0.005595067679790949,True,0.39324227076963325
283,1,510.4878670959694,242.64091175230783,785.228822204905,1436.9973753449842,250.82281658028933,1319.8144791476575,-0.00020056879773774048,-0.0014502278061564388,0.0009550097481987041,0.0007863986356289913,2.283555656281575e-05,False,-57.408837780693034
284,1,79.5121329037553,242.64091175227932,4200.7780593392645,4317.146006333681,-245.26377078541373,4281.282129600664,0.001056548025870195,-0.007384148760370098,-0.005751842958451662,0.005107079881300497,0.0052752424028934845,True,17.85354829047722
285,1,150.65010108306046,250.5842650241029,4295.423036363787,4967.137401545269,-318.84212766025854,4700.227389699953,-0.000621701930133034,-0.006259057252313752,-0.0014391966332453492,0.002909083273888186,0.0021988654754488152,False,-137.55918340094945
286,1,439.35251179571407,250.58464833072426,1588.3357381352234,3509.260355373867,524.7246908821586,3176.451325872787,0.00039482283380008054,-0.004181608503263929,0.002503726617070721,0.0026082738907124894,0.0005757322704347681,True,19.42706737686649
287,1,505.7327375154402,233.4772830389254,1281.474671858681,2828.1575736940395,401.525806186778,2549.5311758529024,0.0009902725178773223,-0.004043142186002164,0.002675732051338393,0.0028502107637765044,0.001232189444090568,True,10.384460047791435
288,1,84.26726381472446,233.47728284374037,5411.432381621083,5615.45031795009,-382.87706022037037,5555.991138942938,-0.0017733361165699266,-0.006418062460254389,-0.0017188911026270013,0.002476291048645469,0.0021500694320281907,False,-126.06866944091695
289,1,96.17905897305093,233.7478186287539,5419.431098213179,5933.481181864331,-398.361119138551,5735.539614533575,-0.0015761198371804183,-0.006857472142305689,-0.0015541241841038316,0.0027526343813912336,0.0021639867834157838,False,-124.16621225724282
290,1,493.82094235726555,233.74781882392998,1491.9348577628216,3308.497119178615,467.68346142866795,2981.9698336489273,0.0011831233524826213,-0.004749158535353353,0.003110943774370102,0.003349251392626375,0.0014521640303152988,True,15.319870608258839
291,1,374.4445786336336,234.07589412324543,4492.098144094865,8486.849801435039,1559.6142515354786,7834.474640129865,3.264429663520363e-05,-0.009674148484743126,0.006642819241088626,0.005881089898360586,0.0012204631957258283,False,-194.70814155136986
292,1,215.5554213663992,234.0758941232375,6337.027211349609,8535.49164488986,-672.8728298979904,7764.094423504942,0.006072559071767313,-0.017120715936402336,-0.007361945039565075,0.012166822103266774,0.009860156353439906,False,-61.37052245326754
293,1,394.43656238821114,265.73179138644525,1611.4977892876284,3495.5042170998017,549.7023122232449,3176.3179051427214,0.0011154462763197507,-0.004909219195350479,0.003505152299312076,0.0034850640843070665,0.0014595699160092253,True,13.653659824619353
294,1,195.56343940071596,265.7317911240198,3329.796451207552,4099.070828419442,-383.95253671466236,3831.855062042805,0.0011532617516361906,-0.006671848873644773,-0.003426928743356813,0.004271305330631672,0.0033516487781874477,False,-69.2136926247847
295,1,404.5950011123182,244.61183384859203,2758.5203798321177,5846.34087791046,934.4571810892708,5318.036908238068,-0.00010046388217040727,-0.006291718766438403,0.00371296432455411,0.003609630906248722,0.00025869971594935436,False,-9.986392881577785
296,1,185.40501624305568,244.61183130261952,5341.3176992065955,6624.505322820492,-610.7497561292398,6176.504173114518,0.0005031340656729844,-0.009392031167750276,-0.003916264042859692,0.00532098249973969,0.0038456381057617645,False,-128.16446279145418
297,1,455.0016629530321,254.96604300919012,990.4686118894298,2237.7664483383073,309.2707636058901,2014.7293953016483,0.00023028448436971367,-0.002628401957681769,0.0014205826385482873,0.0015961001853669599,0.0003033149929309191,True,15.32478238526187
298,1,134.99942065537323,254.96588404476506,3766.9399529523016,4084.2792026351694,-259.50309014852445,3960.803487702687,-0.0008650012791115156,-0.004967332950753481,-0.0008279090803850904,0.0020925199275957235,0.0017581294187930686,False,-113.97945490967902
299,1,481.25993113745955,260.2598811046187,191.88665785454657,385.3314102954084,69.54671481934216,354.7831244032895,-0.00012855087391504643,-0.0003002396909963491,0.0011788924205257938,0.0005956644166567158,0.00047594539188562613,False,-2.598616497973282
300,1,108.74006886218035,260.25988110456404,2354.0965814129354,2617.935804655782,-178.37765086822253,2515.539827314981,0.0032789312140134794,-0.006972440986521697,0.001039622900884704,0.0051519765083400115,0.00788968511343831,True,271.8198098916381
301,1,170.75761260717408,277.67970505781005,1701.3995419958862,2123.919061159209,21.40527839531752,1947.6992118384603,0.005964108558516174,-0.008805773806574237,0.002238328688498016,0.007469262687781873,0.007084666784138598,True,45.5821947924978
302,1,419.24238739246556,277.6797050578637,344.0956845722772,818.0435838229687,113.24742117906366,737.96125467452,0.0012154087873479087,-0.002078712243870071,0.0016735793652887668,0.0018474374996351676,0.0013599614968197898,True,17.561752863014817
303,1,181.807802998609,281.57659100311,1409.8280967721714,1676.198332252938,19.84626590592657,1560.540364660316,0.002432575337789241,-0.004725052113636454,0.0009074058868177703,0.0036074581139922553,0.003483350212587607,True,21.243104772020644
304,1,408.19219700105685,281.5765910031707,330.04858429691467,789.3330499118644,108.65696690463574,711.954693353539,0.0014735297048021512,-0.0023050703473572517,0.0019095026866025235,0.0021168383774110683,0.001645364088861303,True,17.98626411010204
305,1,510.4101942017491,248.2219678653446,371.84763120152,690.1576104589661,134.81794928752365,642.2478912772106,-0.00014004422088431835,-0.0006488739586349011,0.0016701142504521854,0.0008729532220547089,0.000607681707072889,False,-15.383302391274412
306,1,79.58980579797183,248.22196786528988,3438.6935175149024,3847.3040045795933,277.21082418600423,3691.503676516369,0.0027792471557175876,-0.00819170245784494,-0.005460533676960859,0.006127380424385111,0.007774501873784842,True,223.13461110706177
307,1,520.3915577640332,244.23704221631374,465.7072046314108,782.350966985474,155.90069827681143,733.1608536213693,-0.00017917919115413407,-0.000747949736332719,0.001721297109532156,0.0009064165257135513,0.0005929916633500971,False,-41.00558606150889
308,1,69.60844223570184,244.23704221627236,3589.499729555999,4566.9057669729,89.74116608883146,4168.019914552822,0.010639057192295768,-0.016698101275431497,0.003987380817709645,0.013813213229323867,0.014454999037993382,True,296.9597589618798
309,1,376.5480214278275,275.42110649171764,1393.3485045917039,3011.4773844957604,481.10250303445054,2740.211203093021,0.0013556278172855987,-0.004627784192036272,0.0033744289825559607,0.003434675757317233,0.0016875295133839587,True,12.372509160144432
310,1,213.4519785720504,275.42110649164965,2617.0658333169104,3292.097299932695,-414.56337689726075,3096.2705348408344,0.002489664102477898,-0.006879328144320453,-0.0058568749986816215,0.005524513563897491,0.0045988137388952,False,-12.57670125330958
311,1,59.66920335328532,233.58171080721323,5279.696808622998,5185.692650994154,-268.96313119548427,5254.021813756821,-0.0021729389997233177,-0.005601350313135134,-0.0009377055495093608,0.0017771673972582596,0.001807521343927955,False,-133.46476236940532
312,1,530.3307966464652,233.58171080723108,880.5491468572098,1755.5655958606749,268.57509565083757,1589.94129442731,0.00011707466961601803,-0.002075331335635004,0.001357655631929587,0.0012893673746038083,0.0003359986722734486,False,-37.69759003345882
313,1,543.5829709494941,237.19024440105864,418.2968161303652,687.7183938675038,109.71164846609554,629.5779050497871,-0.0009811134256039454,0.00015950212674841052,0.00260106877875465,0.0014200847360351667,0.0013703923590137302,False,-59.511471394163294
314,1,46.41702905035546,237.19024440101748,4495.145075887858,4834.826386724947,321.50097479682114,4707.304754142997,0.005625772480881555,-0.012556608424536805,0.0013640686415994398,0.009116738159132314,0.009766870061516669,True,101.67898772203426
315,1,58.41920335323124,239.83171080719214,4102.589185355212,4611.274888330598,106.40036105272135,4383.02301413912,0.0029539834499855825,-0.009427139619009347,-0.001528829621856517,0.006237578225206164,0.007808612320622118,True,74.16423343532747
316,1,531.5807966465483,239.83171080723113,552.0981720842889,878.9829674469823,165.56790233350347,821.2044507364549,-0.00046377236524633105,-0.0005993164812625859,0.0018738362257639798,0.0009393660639457901,0.0006751228099010808,False,-69.1482662819551
317,1,113.22620670688612,250.0276333726276,4263.5810816922785,4497.526113525528,-327.4131472752005,4421.752552663916,-0.001340531015207076,-0.005167720044097618,-0.002475132816544462,0.0022789064440206543,0.00205001580581753,False,-132.318296309301
318,1,476.77427041936494,250.02770336655706,843.9486602085753,1904.4074780065305,249.30890656237034,1708.291496341949,0.00020266619983263606,-0.002244302188221005,0.0011428576541091555,0.0013503497611442854,0.0002623827633182314,True,6.3198445284426725
319,1,433.9813380334522,261.0569520879858,1051.683831127603,2362.218740376678,344.09418778172534,2134.715773445435,0.0006820433457205393,-0.0032180852559809156,0.002066140656840629,0.0022068042688274127,0.0008323408505369135,True,20.166330786999993
320,1,156.01894042485335,261.05691123832486,3283.416234597374,3739.2500127976814,-231.45231762778863,3556.1227701799808,-4.914320591602448e-05,-0.005167694577863166,-0.0009451210297357843,0.0026025382758045456,0.002137328975335074,False,-78.93386378591026
321,1,440.0621651503464,263.0977708508555,801.9992451276802,1817.4198110621148,259.33673048594596,1640.248414604305,0.0005399367120232214,-0.0024857908680499118,0.0015664093781836124,0.0017035746042422673,0.0006448510978935233,True,17.704556791974483
322,1,149.9380449755634,263.0977400254274,3028.348911168048,3393.2940194631497,-211.80408328030612,3247.1288995457867,-0.00012023357686166712,-0.004650129743035747,-0.0006175416500044687,0.0022858979070492667,0.0019286308722883362,False,-51.081279910910325
323,1,542.5829709494274,232.19024440105864,846.3683737170194,1386.9767175918194,239.09858609695607,1279.7089559502592,-0.00022660483857187076,-0.0014324515149718394,0.00126723713632358,0.0008746365197415493,0.00028006394254471783,False,-105.67736265508421
324,1,47.417029050396344,232.19024440103303,4776.1047222963025,5112.926212630356,-224.2606829026241,4968.319465064127,0.004397484369958378,-0.011743621635903922,-0.010743279317214928,0.009694758294823318,0.009750997219183892,True,32.160912591830055
325,1,538.6454709494865,241.1277444010362,206.75885319025417,412.14842696788764,70.84660813375298,377.4360061954586,-0.0009544738269264182,0.0004947141330946561,0.0031907741656508207,0.001752226121227989,0.0017323408275426104,False,-5.75880220122815
326,1,51.35452905033683,241.12774440098966,3435.154661765176,3733.7643654992303,-86.6895274391169,3596.9113199722296,-0.0065314939488633605,0.0012060112428955176,0.005361160493444491,0.004706671552938594,0.006493039775466498,True,262.8577979444142
327,1,365.13633434448457,276.97091423205376,1511.754945341959,3284.9748968739573,506.8107160845796,2980.0935132977006,0.0024286320080327186,-0.0059919170336787475,0.004411140230440052,0.004752993906383497,0.002858639867638447,True,9.66647788505793
328,1,224.86366565546192,276.97091423203307,2617.5975117553353,3353.076411215688,-474.13605206670417,3161.067647153934,0.004938537654002386,-0.009373895425352278,-0.010400989127911995,0.00884627485852024,0.007789238101571634,False,-0.9637415517192949
329,1,90.31317088469808,250.24161018173376,3484.651067565502,4149.009409149806,89.44884436708166,3863.059067661489,0.003918765297744667,-0.009589484509018928,-0.0058331216137073455,0.007356937552443756,0.00883105960343712,True,96.28324333860397
330,1,499.68683709759506,250.241611352842,535.4341885971944,909.4627181799001,175.12399468502613,847.8561281568813,-0.0003297399809946308,-0.0007436120068968576,0.0011820959955714362,0.0006262269949008982,0.0003006069474994353,False,-48.503712654265144
331,1,223.8785494608209,283.7054827277283,1942.866646160778,2475.6377349390614,-362.3851840472832,2342.5729617408006,0.00396328075051288,-0.007245598290758529,-0.009378384172888908,0.007307411632311174,0.006501353946250608,False,-1.0113086742925361
332,1,366.1214505391052,283.7054827277632,1088.673938488641,2379.6055065630185,372.1782886470071,2161.6356880730004,0.00281407846526351,-0.005390514624444754,0.004115929414346464,0.004589559420891372,0.003209876536376764,True,13.658825188769129
333,1,217.38738056379486,285.6728950514153,1561.5035640837916,1961.5856859700834,-233.27213717320657,1840.2001016452364,0.002493032428874556,-0.005110184443200228,-0.005334137710908715,0.0046438650907068,0.0041016989911046315,False,-6.306752273512473
334,1,372.6126194360836,285.6728950514939,816.1288221601217,1816.9715252902788,276.60496331922894,1647.4525378416859,0.00231175161776808,-0.004267769018731195,0.0030728699161510897,0.0036308615137356256,0.0025735035139543417,True,16.48898696942274
335,1,470.2197101896656,240.3375943168841,1565.6330790749628,3488.9335467641663,504.5271765062266,3150.415444988463,0.0006856671973339236,-0.0044404881193858565,0.0027043457134538025,0.0028978851801361293,0.0008811560776238145,True,20.014572008404684
336,1,119.7827306481452,240.33723624851507,5037.794555243548,5636.5520616713575,-330.5594590258654,5392.783187371138,-0.0013648464186469646,-0.006564668211061247,-0.001288243995019388,0.0026785126126065745,0.002044448189583001,False,-182.65687896610382
337,1,450.99260972784924,250.57869679583155,1343.8808662705349,2998.4585155188597,432.35666047231604,2707.026979966801,0.00031873119227558824,-0.0035444690187477522,0.002020212320726572,0.002179769121447626,0.00044622048494471654,True,17.706073120514702
338,1,399.64501578913524,261.9439509716778,1732.8288449002828,3766.1035746094003,584.9150214868744,3418.5663340824453,0.0009865841717632115,-0.005071505397684671,0.003485557885835094,0.003494623120128995,0.0013163977868882598,True,13.231092786686304
339,1,190.35499119269107,261.94394994754845,3651.9083583202246,4441.813934651663,-404.1451240979365,4163.537930363258,0.0008417249653322512,-0.006854204382968488,-0.0031903726742999097,0.004165507362103571,0.0032274394912396487,False,-88.1580611440952
340,1,139.01053338288696,250.57823570461167,4214.15323485911,4708.959090410185,-277.5600003345862,4507.796210978945,-0.0008867850840595456,-0.005741812643283338,-0.0010710697618955588,0.0024858843011929146,0.0019684010886744027,False,-157.0072574931267
341,1,382.53890155502796,272.5255031510672,1436.1942824614143,3123.234315625625,487.4350509205338,2836.274691736543,0.0011890203842725468,-0.004576024485708627,0.003280208213768344,0.0033164554979137574,0.0015072925845962554,True,12.69636384388673
342,1,207.46109844484775,272.5255031510029,2819.940876934795,3516.9763812871774,-391.66083906969993,3296.015563330375,0.0019156897159112458,-0.006623113964876159,-0.004627881796402118,0.004856141941410347,0.00395543709464373,False,-36.89487759982137
343,1,53.60452905043181,229.8777444010262,5213.301146167522,5748.462955401774,-281.6227202564218,5522.028680281765,-0.0016119778104575697,-0.006531046950708197,-0.0010324999123226828,0.002513130382387292,0.001965505441309202,False,-25.2422401007629
344,1,536.3954709493368,229.8777444010362,959.43699745725,1997.9972584417812,298.6374017309403,1806.4088129217255,0.0004957118728096112,-0.002692663034334555,0.0018818250570392754,0.0018511482986113945,0.0007388488664372489,False,-1.4736464534751121
345,1,156.42330336991867,254.26835062968993,3971.5693048253183,4619.958670329361,-299.58656431077,4363.272985098114,-0.0003481253165468984,-0.006034152607853752,-0.001416144347120034,0.002929862248014673,0.0022463364718182974,False,-114.66097252851768
346,1,433.57731833893786,254.26844183375957,1482.4427219676807,3278.069125254768,492.5098030695699,2968.4207274881865,0.0005433303187204402,-0.004079710548085685,0.002540627680918076,0.002637579186925328,0.0007358150897777462,True,20.091402920326004
347,1,145.36129239726134,253.3514652503831,3974.6817252226087,4491.397038188692,-284.55285528554595,4285.064693258977,-0.0006418861076716275,-0.005647200973719605,-0.0011341403287395703,0.00256609875070867,0.0020234520164523454,False,-121.08564977200189
348,1,444.6411431670853,253.3518225452566,1305.8157296972265,2910.860307332731,425.6119980197852,2630.713209576197,0.00039969167817346295,-0.003532079591395681,0.0020902002289078995,0.0022264187787305423,0.0005394003663403306,True,19.149942554558606
349,1,328.10356169446743,286.7335609633928,1527.025354074153,3480.8913739377363,416.77211858351797,3107.104569023109,0.004999591124093812,-0.008719757836331192,0.007829232345419261,0.007898060126013124,0.005946151359230681,True,6.007179404162343
350,1,261.89643830553047,286.7335609633965,1946.14181603861,3380.446912675847,-296.2109915768231,2983.1666159451124,0.02202255617989547,-0.025979450664083296,-0.02207863494167388,0.02641807516614849,0.024989350215776,True,53.65585328554505
351,1,499.9050646212302,230.30833915196217,1611.1855270008093,3488.84614700553,495.4324592162953,3143.747411424728,0.0014276735587980057,-0.00521626851663132,0.0036080483891137265,0.0037802109557485775,0.0018092236202215145,True,15.360716898614328
352,1,90.0949367089869,230.30833895678325,5686.952061192431,6292.751767323766,-457.5234646883091,6064.7798047352235,-0.0015951443973428311,-0.007304064160983492,-0.0018304108798470001,0.0029975894005329186,0.002293185066301244,False,-91.21235287751324
353,1,185.07071601218468,265.4668926131321,3169.659558763928,3799.335057765448,-265.11642754435417,3556.6768305958876,0.0008055278021587407,-0.005982495231580599,-0.002189093317334057,0.0035661388874584114,0.0028738513401218046,False,-97.06072434057876
354,1,404.92929472168817,265.4668941876814,1397.2320772140047,3066.853724560277,470.2806438137327,2781.408725305168,0.0011133458933381608,-0.004429523917513347,0.003141563085520504,0.0031856249135905085,0.0014062178056117424,True,16.73696016763961
355,1,33.109374999935795,232.42187500000068,4148.458145177284,4792.118411409037,-332.10004413911844,4541.4835145292545,0.03818026753129484,-0.044821838687616126,-0.1111983912985424,0.06938016983288367,0.07362038357264909,True,408.14633502495315
356,1,556.8906249999576,232.42187500002274,525.7730300720765,728.822669591067,134.6943395898708,691.9914413036923,-0.0016438242419569255,0.0007118388650643541,0.0033370199179556127,0.002042354683117849,0.001970232053950495,False,-91.93721033588636
357,1,212.65793457338495,281.4673702752829,1934.8333066740227,2480.8630539441997,-260.8844921552891,2302.691274511973,0.002295978062057744,-0.005576209644231304,-0.00452683729976785,0.0045404734120358505,0.0038670096426452957,False,-13.581544682335732
358,1,377.3420654264657,281.467370275366,981.9826300904647,2170.6244569289934,331.7608898748762,1968.3954810493656,0.0016619719045798311,-0.004003908597794264,0.002889298529975661,0.0031800254661913654,0.0019177979569420123,True,15.800151422774888
359,1,117.81538074332582,253.06115393572736,3699.2362327760493,3884.3546107817024,-230.39834024761217,3816.1059100339953,0.0002764050586026427,-0.005909929685245545,-0.003420271631803338,0.0035344375648135975,0.0033160474466815454,False,-63.198538017582564
360,1,472.18567685270847,253.06130908400678,761.7910724128495,1712.8455580702096,233.33869257891365,1540.349286886642,0.00012132411954694907,-0.001959625616477301,0.001021592029409598,0.0011590946982896412,0.00017539265105106022,True,7.819144842536389
361,1,25.359374999944844,231.1718750000035,4451.895346472441,4397.521664386488,380.6240925625436,4473.800043644632,-0.030632963758143273,0.024059111121505227,0.07334759277580555,0.04574683710554884,0.054919131126424124,True,379.4241788218512
362,1,564.6406249999742,231.17187500002274,439.52672201028,558.3190971619546,101.34176653267747,538.8118891945502,-0.003002291896984604,0.002261035002742418,0.005472463773702975,0.0037963953234575517,0.0037437146205512328,False,-89.48507753885444
363,1,548.1874999998909,229.31250000002242,815.7971429793175,1537.437879347007,238.44325526227598,1394.8363129073543,0.00020019869227912656,-0.0019483161374358193,0.0015611521951310933,0.001327903625067316,0.0006048451234332878,False,-42.72177218483574
364,1,41.81249999994797,229.3125000000068,5118.571586092918,5331.039902280632,-294.39386906453825,5252.8521208913935,-0.0016583630573656334,-0.006104205476854724,-0.009569775871729351,0.00527603366777691,0.005306654345681033,True,22.19165874355383
365,1,40.062499999878945,238.06249999998133,4014.910295371132,3583.296047551849,-44.28576727148947,3818.217743810282,-0.00010226003727508879,-0.005542121817467693,0.032295342677670105,0.016375143166211862,0.03338582903094977,True,300.66690258055837
366,1,549.9375000000075,238.06250000002242,199.04938821207074,313.2046923542741,58.68005790635865,292.753622436594,-0.0018593589335753617,0.001478827330868942,0.0039736342065426495,0.0025948630187126666,0.0025860365073367276,False,-26.1675838874677
367,1,383.4836283924867,282.64420715416526,769.7394327048647,1732.0866938473253,257.2475765061883,1567.768039922042,0.0015707636444902634,-0.0034292630527861996,0.0025055823762994093,0.002796346277640681,0.001784475905336269,True,18.016602197458838
368,1,206.51637160732443,282.6442071540588,1635.4252182991406,2043.4343816422613,-157.78091029000996,1892.8919789584008,0.002072873780773022,-0.0048057409121580645,-0.00272373510908272,0.003699123985427404,0.0032488442850657478,False,-8.803953256099476
369,1,414.8997287557874,282.9491862673623,119.0521090157452,316.46901682200956,39.92696761843083,285.36332561875633,0.0013835923208692336,-0.0017071223000629616,0.0013983707436160727,0.0016961690367299342,0.0014995405630156024,True,14.6314077332635
370,1,175.10027124384496,282.9491862673085,1183.4068226234397,1377.6703581213217,-115.1747858237511,1306.8582617176305,0.006427715481281092,-0.00833022995840574,0.002643370351786224,0.007496405145425969,0.007405020855930501,True,111.90914108270148
371,1,474.4487474769913,258.9428853062399,458.59502221637877,889.7933436863868,143.27634914469414,809.673469570971,-0.00013612132964635316,-0.0008655385993099892,0.0008571772384995784,0.0005627615772876904,0.0001663769900814539,False,-25.49453867415491
372,1,115.55188088793722,258.942793125661,2921.3048674733836,3392.3364847191338,182.28600283936638,3198.6879231735247,0.0036531052974487542,-0.008343238873363206,0.0014328202186069889,0.0060408039043537715,0.006623827144668485,True,99.45354642101171
373,1,37.06249999992349,233.0624999999968,4363.498030300273,4904.044594417944,408.260416304379,4710.733405616358,0.008763756944116593,-0.01564821717962156,0.0500403173619019,0.027838722322952977,0.03461280204518693,True,349.4845680637669
374,1,552.9374999999576,233.06250000002242,569.1873206983646,844.2436858510018,144.6455536528247,786.7374493130608,-0.0012234033366473492,0.00017342601749637337,0.002628229498787148,0.0014881803102188688,0.001417692406975813,False,-94.51416973471535
375,1,138.94156908803888,260.1981198774536,3195.7588156172133,3496.46543570316,-223.30854872885072,3378.444144102271,-0.00047766239535112153,-0.0044937041913439574,-0.0005419835207387987,0.0020262241882324982,0.001735133270259319,False,-42.162911619986346
376,1,451.05859684760054,260.1981442202777,758.05101269622,1719.403280304629,236.03307841456038,1547.4910088984423,0.00020333470858617368,-0.002043729326243919,0.0011078449823113045,0.0012526589002457163,0.00025816531889380885,True,13.034263773655994
377,1,145.0535992348296,259.07637964307276,3384.2136847505867,3739.250133313971,-252.27156890160072,3601.5823168578727,-0.0004435385635756521,-0.004848177415558015,-0.0008217142323983617,0.002240315697402853,0.0018741826930420674,False,-64.38440821853618
378,1,444.9467768272034,259.0764348111617,945.2888978890843,2135.1647067443246,302.36381958619364,1925.7267644017368,0.00040987491197410454,-0.0026982118754160602,0.00158989163723837,0.001745562867394771,0.000506212086007416,True,17.732012867937442
379,1,516.2062320669714,249.28307581011885,135.64277212102044,308.17852493949994,43.27956188913208,277.83113011962126,9.384344502897395e-05,-0.0004235392657025244,0.002977411947736328,0.0015110151203650236,0.0014256922600064381,True,2.9188292341010538
380,1,73.79376793275695,249.28307581005308,3324.811045903701,3437.6269025867555,-306.778611829348,3424.109616376661,0.010311696890569957,-0.01533522222373428,0.005918818137623495,0.013160517354970556,0.01564064996353279,True,273.2201570477268
381,1,7.749999999986767,228.24999999999616,4068.1897974855674,4688.944251596882,-355.19774261793015,4454.138251862721,0.04506428447255659,-0.051569584051874985,-0.188103593780024,0.10573677995257541,0.11743952463367391,True,565.9237383105049
382,1,278.8888888888889,313.6666666666667,520.5942308236835,397.0325137271,77.53869335311875,489.8949692825353,-0.00425419386165815,0.0035725282799919183,-0.0009324324409531702,0.003941034437160418,0.0038945950920690514,False,-94.37497923204194
383,1,311.1111111111111,313.6666666666667,127.68603674141177,381.05006530200427,-7.44992439145911,336.17645326113666,0.006778585204831111,-0.007156503452063316,-0.001028065069470209,0.006986480044746647,0.006760984085777515,True,19.61429657049908
384,1,582.2499999999833,228.25,332.0783553458372,208.514623107847,107.54335324091888,345.2649815876146,-0.015889274170009515,0.015487690814586764,0.023581285608972623,0.019625181289713734,0.019541598391998132,True,19.966659141603145
385,1,15.249999999965128,230.74999999998897,4487.257589319624,4256.584733420976,376.47057064545,4424.792920325208,-0.05234944038437856,0.04585401465891414,0.15595293770981594,0.09214830080197049,0.10944891102310346,True,424.9725919121308
386,1,19.499999999975397,229.4999999999928,4363.557051062025,5263.621333622254,4.993228850781098,4876.300082459201,0.014748989215566229,-0.021900607444188844,-0.007920008413782209,0.01874779632781618,0.01957080172379132,True,327.8752753940042
387,1,293.3333333333333,313.6666666666667,261.065769125645,466.46015030521625,84.72514172696589,430.69557537545893,-0.0022589633310297367,0.0017185155051668306,0.00042667580021473264,0.0020001493776016133,0.0021809930983222596,False,-20.29133522487777
388,1,297.77777777777777,310.3333333333333,395.540590772632,930.0620492416432,88.25294899463479,822.7734992054812,-1.5793102946829995e-05,-0.0009689402867781574,0.0010613095275182095,0.0007132439041531507,0.00046936104889795416,True,1.9006007947103853
389,1,574.7499999999833,230.75,293.6881218191956,180.89081677253628,86.87054045246411,297.4696432471138,-0.007742789416534278,0.0073902450621518585,0.012657077112250642,0.009864207185052463,0.009699446085677568,True,6.32665662310086
390,1,570.49999999995,229.5,417.72682103531184,531.8765586878802,148.99648284301068,549.3715703863847,-0.005225568060440071,0.0045201484069314285,0.008970419294530576,0.006622828168201302,0.006522804890079517,False,-24.70028280465749
391,2,311.8124535871161,266.15593305584594,3216.8111259023804,5726.298633622184,444.50880697905785,5030.975347258524,0.00649004668830576,-0.018563244863663966,0.005293019009936145,0.012803158475817042,0.006910608286975487,False,-61.30344305566108
392,2,278.1792935812785,266.2615423491877,3524.2280620064,5759.507726615678,3.9254460383094685,5029.347886145601,0.029986713224261507,-0.04251975653890138,-0.0013538989575915565,0.03625955460255897,0.031231603864902795,True,52.46242121077741
393,2,316.39068801905427,246.56299621533506,4516.422836651501,7671.412323562629,722.043176007371,6794.508040622529,0.01953572579830915,-0.03598930326459818,0.018336640195292058,0.0292372246720183,0.02150235267467462,True,33.23075228133668
394,2,273.2033237288096,246.51852550849694,5177.20973495968,7970.244826751258,86.70626142832897,7006.227805200204,0.01821329014502443,-0.03596235380333418,0.0012492626582750483,0.02709502285664604,0.02080689784158181,True,3.466570986966886
395,2,316.9995724871007,254.0112816347167,3941.43973942348,6938.204214276516,608.0925529367067,6118.532568103022,0.011742976728099555,-0.026430496065594493,0.010321386931840622,0.019772108216675265,0.012585765984833608,True,5.941847038545589
396,2,307.22328517078836,270.960415964623,2959.6785190568476,5313.171975610053,310.3915161945678,4642.546832750678,0.006792649059429046,-0.01796099722722928,0.003799173686312206,0.012521748332239398,0.007099604232924371,False,-69.07577858820967
397,2,325.93380005324497,265.0948943332682,3171.3853366963544,5514.941939545581,671.3254507328401,4932.980552664866,0.0014877793588419883,-0.013214321181768617,0.006470407776854193,0.008031468376097205,0.0020893285745245678,False,-93.28900891867532
398,2,282.75260539278753,271.07850060330003,3106.9331242449553,5263.4492487201815,-31.634345498261748,4583.31199125675,0.027303880225880497,-0.038603896429383375,-0.0023606705786218727,0.032975020050111103,0.0281217344840214,True,45.969116887974124
399,2,264.03372077447494,265.10946327568746,3681.180197537604,5419.153164410993,13.34856709499496,4792.6990206527835,0.0269813295740156,-0.03926677961264622,-0.001337889147816045,0.03313080861592315,0.029225010949945767,True,20.426881189165115
400,2,272.7561239726665,254.00896246970026,4592.838242529381,7100.427505664297,37.80547465747304,6237.259547321582,0.02386226490558738,-0.03964817366564882,-0.0001211315588974457,0.03175527704321491,0.026116817190040127,True,15.634183215735234
401,2,323.5954990009772,242.60129800850598,4683.7130326851075,8028.340388698897,784.9793951958212,7116.0067884047885,0.01789483223855007,-0.03505610435741848,0.019036588178744117,0.02813446896547624,0.01988406259007414,True,30.97669186334703
402,2,322.93889843580115,234.8413521665565,5489.303412458975,8938.16752334269,974.2777455879368,7987.9051395845,0.022346624586370743,-0.041823710349702996,0.028166633110592837,0.03503994544300344,0.02619020750253258,True,50.73309643942163
403,2,266.09066670546196,242.5425734973319,5489.406187249151,8203.744415055058,-39.545097698313796,7239.199459180436,0.016196294705753924,-0.034682048018864584,-0.0008863632530943114,0.02544303145372116,0.01933523122693283,False,-3.1450035286904807
404,2,266.8221042095068,234.80538035127222,6045.626085999321,9035.903374807729,40.87779052032176,7973.359668204097,0.01177870759171488,-0.03213877236380443,0.0007235154426620781,0.021961719651698557,0.015232625896808466,False,-37.98071506716836
405,2,319.77751280079644,269.1596078498273,2962.00133174794,5304.315109108321,547.7319496366686,4700.835363502979,0.002537663696428347,-0.013697190891584264,0.005604004502325181,0.008587423507024605,0.002867357226314746,False,-78.4613467195047
406,2,270.1900080269235,269.17417679224656,3329.4612197847323,5178.281838660739,-6.730924032406197,4545.235105440923,0.029216883723137244,-0.04070233685203873,-0.0026627245441964873,0.034984952150311624,0.030828991527533572,True,40.74494528956156
407,2,325.042781570861,257.61674493700434,3665.008845881592,6430.998948001515,739.843477726432,5732.580081595823,0.003275199300225406,-0.016904809821967542,0.007519342921288563,0.01076769806109601,0.00389084062277905,False,-66.30577258161087
408,2,309.92553175580434,258.4857562369991,3737.3318206615386,6555.321215443597,511.6040491535477,5764.173046636447,0.01352271463029193,-0.027417796229033887,0.009292104845204848,0.020990882793946845,0.014328404195748533,True,11.322038406512561
409,2,264.84990231799026,257.60856118353394,4288.230527426759,6330.729469891165,24.836255615968582,5596.54177348966,0.025806604698501392,-0.04014220069488061,-0.0009847647427219369,0.032978078682712395,0.028385213089140077,True,12.604417523621137
410,2,279.9292279835062,258.5972301187949,4172.013366979424,6757.987906058052,53.05726562481209,5906.786386439681,0.02635191852310993,-0.04110742024171055,0.0007199862574839167,0.033731590411651864,0.02791441084878295,True,39.83489585101371
411,2,280.4836288391135,292.80349749425324,1403.8372593774684,2620.3818340364264,-19.930627070375355,2271.5109606239193,0.010942581275167035,-0.016375277051275703,-0.0032340673800807266,0.013754313644839743,0.011032470915158287,True,3.5934824539001653
412,2,309.5058400468766,292.7982319372483,1502.2307988282382,2992.6337302412744,204.60304799525434,2615.8200776987887,0.002952438587900434,-0.009020505702144353,0.0034851143801826363,0.006234930176342632,0.0027654471903047397,False,-9.101914456843915
413,2,329.69731618379825,230.86140991961202,5831.223630105777,9264.72117167813,1176.1109249450872,8364.40536523307,0.021288439855567158,-0.041667965337975454,0.03304854347769827,0.03555177625974135,0.026301508951541413,True,48.755630187144575
414,2,260.257850345693,230.85302070373004,6332.683999745619,9280.36884567537,-52.45813211418687,8213.81426735136,0.010316236104474005,-0.03139385744579233,-0.0006576490354072958,0.020857638925737384,0.014224098925819592,False,-49.331117668898955
415,2,246.48809523812972,230.80952380959275,6338.736530850303,8732.512680382044,-83.70889365108968,7816.922855187137,0.016585527568938017,-0.03693171400410173,0.0009626859761203352,0.026762949715398117,0.0213981268635702,True,1.96891788803147
416,2,343.5119047618703,230.80952380959275,5265.4314024252635,9252.564565472067,1004.641056226567,8224.590313896466,0.014474634992590451,-0.03407392954925182,0.018365338157997645,0.025953076719008813,0.01612281766639602,True,26.180241432356766
417,2,294.96053701651323,266.9844521054024,3312.7128201798746,5842.347259265404,60.99915294419378,5075.847884944796,0.01966019937576354,-0.03201953048301466,0.0014844542020829624,0.02585052263762946,0.02015722344847375,True,23.761486034645273
418,2,315.7415822520029,230.97994224694446,6055.342509240557,9439.225731660792,1036.1029758600537,8475.195491549337,0.020223337794481558,-0.041141004919698396,0.027673666009518188,0.03365789040904708,0.02483525528257377,True,36.68684781609683
419,2,294.8127247062944,242.72294268906504,5242.989836937047,8452.614277355875,522.3800036849792,7445.623036724964,0.021948174303446602,-0.04043723985774206,0.01388148020200438,0.031955576167007525,0.024415502460674473,True,29.97108300661513
420,2,287.503853816867,254.98070793692523,4345.561093379728,7191.984717583265,185.24059275761022,6281.582495912236,0.025232811105180924,-0.04080849794998094,0.005214516294032042,0.03312342706416461,0.02669227117301938,True,43.61547201278246
421,2,287.8687172224338,246.5877389446372,5020.143999966125,8103.687111404193,316.27245825138044,7105.631509835059,0.02160014786734703,-0.039317319867696994,0.008210684820696458,0.030734155350663803,0.02368076422159696,True,26.42204637246438
422,2,294.871044765263,234.8966682621892,5873.432208243044,9274.816439533319,584.1428871000412,8189.510915067878,0.01766922078190849,-0.03811935645640661,0.013564042741652366,0.028706918180870712,0.02066936820124275,True,10.048077882431485
423,2,301.74869999580795,246.61355901263983,4781.487614703114,7962.849093540298,524.3845826208996,7001.447189618261,0.024901742734414176,-0.04210659729054277,0.01638148614669399,0.03449083472922399,0.02699212750465872,True,48.97114209837993
424,2,286.1994022259602,291.1599474238082,1541.613656644313,2959.822460116908,1.5606302114508168,2564.025398217797,0.009903470782330958,-0.015980409539958693,-0.0019930875362717086,0.012980250945820107,0.009802874618545277,False,-5.368209662464423
425,2,302.2667449767866,254.88380299754886,4067.031359019535,7013.4655723146325,353.17105580859516,6130.2241700664,0.022623112293310852,-0.03758178315061196,0.010633290215112763,0.030568350855960852,0.023776555581196027,True,37.57532606727797
426,2,280.74129114521605,242.71382416530358,5398.425670537236,8473.476180083124,244.91261282400487,7441.727859124237,0.017365402239908817,-0.03609246973824634,0.00495803914485353,0.02684365022027894,0.01986419180598267,True,4.390243492287951
427,2,280.8707837761755,234.88485145040852,5955.105312454529,9264.3937116209,291.6082836476704,8147.204188608316,0.014035629417838136,-0.034581953100339964,0.005717296095965066,0.024476298763093218,0.016938182831284735,False,-8.570926203445637
428,2,289.1516764351465,271.0097865240284,3116.1424912451853,5433.820345557597,12.49599327257359,4722.780701503978,0.02191332628466809,-0.03345577611435182,-0.000565885029786052,0.027685997030719736,0.022473831912804595,True,27.08701527352197
429,2,274.06425386381375,230.95235964754218,6259.93333520025,9599.243975721301,181.13700538375417,8446.304206834682,0.0113232734331686,-0.03273316280291272,0.0032510425454595412,0.022088112478527263,0.014539874403318004,False,-20.766629926359414
430,2,294.96590628170617,259.3861556662621,3870.919623803115,6649.353781487309,213.53260920254206,5796.171057908271,0.023458461649859732,-0.037660830747001786,0.006047902362524093,0.030708895397261033,0.024407500875831777,True,40.30948613563238
431,2,303.88349606698216,291.2127541302632,1606.8337176632501,3234.9515196709176,145.81731139181625,2812.93171245448,0.0039446273999054135,-0.010481037470306608,0.002427005801802516,0.007314201325326852,0.0035984073856835837,False,-10.167314477446993
432,2,308.80609710490415,234.94411870626732,5722.973754241521,9144.61356121264,812.0274215103315,8125.279562698414,0.021375779486904407,-0.04144702236276748,0.022659570352423702,0.03339221676079463,0.024930246294593658,True,36.509765919651514
433,2,310.1675009590579,299.9280161672393,1016.212424749082,2140.6055406522396,135.88435974667925,1869.4821485264947,0.0033232035254377626,-0.0075849077787295835,0.003790536028790221,0.005773972973820976,0.003195188986324642,True,9.798640112646652
434,2,279.8309945960835,299.9287683896686,891.7406946235069,1783.1091818485704,6.622474913998555,1544.260461175852,0.004954577808957236,-0.008565625142194494,-0.0017923160840313881,0.006819242714286711,0.004845009216283772,False,-21.92774564935256
435,2,301.81451485290125,230.96417645932286,6153.835001358191,9620.539707435493,766.8758766779479,8543.158159217412,0.017160999998180746,-0.03845640585505224,0.017705501759287586,0.029183816690039752,0.020730348674623034,True,11.326794427877317
436,2,275.3803500670252,281.0822997642369,2330.3147854728136,3881.5045751450616,-50.90099808754038,3385.1277671224266,0.024921632327907207,-0.03330758846474126,-0.004731796984868649,0.029210580518131683,0.025716310594142974,True,41.01397633307796
437,2,274.93834852880326,288.44615767613124,1746.6034014924578,2991.3629701996674,-54.42582580617869,2604.4265461482173,0.018623190485949744,-0.025019445087734182,-0.005256016674935573,0.021978997651761683,0.019171644627335362,True,26.610420754004295
438,2,288.05652991236167,230.93249180286634,6196.087166358019,9685.782956546665,464.7348679521337,8534.627565027067,0.014188139921699261,-0.035628664587620575,0.009391818570282423,0.025347190512840328,0.01725790206457062,False,-1.4899589943276936
439,2,315.05262480204533,288.4416443415557,1747.757926565825,3352.37662305635,309.659771383202,2953.237460643311,0.0020985928425108257,-0.008983774484500776,0.0041358231420232545,0.005914471629674737,0.002053730067757918,False,-18.37168253665719
440,2,314.61062326382347,281.07778642966133,2235.921857522988,4133.061108984031,352.143967711927,3634.880346514512,0.002242739190642557,-0.010840866195426986,0.003977603976940438,0.006837434886266931,0.0023121220517082234,False,-68.80436334771149
441,2,300.69683548010653,270.8917018853512,3031.6695845817917,5448.89263291121,197.49485943483785,4741.225789680685,0.010325595933997954,-0.0217743549276134,0.0024131494921623836,0.016095264332944233,0.010617615001722397,False,-22.541761421195346
442,2,336.9592209456686,234.6709337292048,5168.158982749893,8746.49059686044,1112.3757256072397,7856.198212303801,0.01508398990509265,-0.0338687668375666,0.022652517144864503,0.02696993198779129,0.017642345031282525,True,29.68766294410149
443,2,308.7986023067794,242.76722683270847,4997.104960035423,8250.478368459791,704.2244873861374,7300.735668289943,0.024301224647005966,-0.042185462140474556,0.02161866109320709,0.034956566004970664,0.027035469064640476,True,49.02800652884481
444,2,289.4636457251345,286.1787166214519,1946.7836189196776,3657.8528069651597,-2.7558221371801714,3169.988718428619,0.011542530034308886,-0.01910878920925357,-0.0018257664804468,0.01535282380062301,0.01151192909676804,False,-0.9906406950677678
445,2,252.9959455838227,234.66254451332279,6063.541844318374,8595.22618481588,-78.01598908724104,7651.483432419634,0.015596979408473485,-0.03538631624780471,-0.0009467328294356057,0.02549604253127241,0.019797339377852687,False,-4.843316643810098
446,2,269.0134301097684,276.7789992311987,2696.9178595224216,4235.270662400298,-54.57892357310561,3714.517870754714,0.028212891956046482,-0.03757134646064226,-0.004769865048661131,0.03297846887230434,0.02951272631495303,True,52.08498087257273
447,2,320.9865698902316,276.77899923119895,2470.3624434236785,4455.221634000557,493.2230720622459,3959.2278545980034,0.0012936498087905326,-0.010643188313313266,0.005010676934581435,0.006472924140140546,0.0015317854910643798,False,-61.120294406435946
448,2,300.6207570126664,286.23227555033617,1927.6592607386267,3817.8072271936867,70.84595517462441,3308.647494128497,0.005451745082544816,-0.013208124841253482,0.0009934128825942155,0.009343147418407466,0.005083216957836068,False,-19.598656097097873
449,2,331.96612437455224,253.80756488986378,3861.1734105725996,6430.0763116033,786.057194391196,5768.930536572773,0.0015098661122650327,-0.01540305323720252,0.007439115986954705,0.009238334368122846,0.0026853485286514787,False,-187.96046327905833
450,2,257.95903868657905,253.78481219397386,4565.302102231107,6416.3360264444555,56.84068309838201,5720.88555457125,0.023497169927809935,-0.038322381401521874,0.0007687259429627997,0.030912165348513175,0.02675363031537995,True,0.21731890303205148
451,2,302.34963739154017,281.19332107524224,2321.62647971502,4339.549192059595,121.65179851922522,3767.1238189839805,0.005594409314108684,-0.014586996471004407,0.0014872834172180369,0.010118067397316148,0.0055565924851557575,False,-80.5076157479259
452,2,287.59300016220965,281.22487869757265,2325.631435275463,4176.404857897415,-10.892472371238398,3624.7064189683324,0.016837116953219884,-0.025614865949003283,-0.0021793793423265737,0.021253944026041426,0.017093886617824166,True,8.222565898063536
453,2,337.73303046940913,242.28998134839034,4486.963331970482,7751.520409058739,828.918141113035,6891.983503029681,0.004948170802072702,-0.02147012385246211,0.009429569857225364,0.014025361672218259,0.006004438396556487,False,-130.3879028770175
454,2,252.22213606008214,242.28159213250828,5416.4214338736665,7455.701839573994,23.867710088263838,6674.098952238255,0.0213093379679422,-0.03868670438709653,0.0016839346832746727,0.03000983478080618,0.025435626999081907,True,0.5446610098855587
455,2,331.12772627271494,246.240403380747,4342.260417706699,7507.791255216798,963.5460548834567,6738.444425444512,0.005875498201613174,-0.021873067960059882,0.011675330444841571,0.015052377428706997,0.006937461875108866,False,-15.352986520739464
456,2,258.7526033179077,246.2092614689752,5167.490384609896,7400.432740889388,4.461374397026727,6574.781844939777,0.02110626754919848,-0.038072963768622514,-0.0006264042094423828,0.02959127321357503,0.024568596764557037,True,4.2549942424857505
457,2,295.0,304.11324865405186,841.3412529617553,1677.267803640247,165.75921035059287,1480.6607109815852,0.0019188762735454711,-0.00531899849995828,0.002910447615106917,0.0039005620286441897,0.0019032364663785276,False,-17.21892146460543
458,2,304.9294057209824,303.7375399767238,808.6828359323687,1757.569925764983,104.72374720594694,1534.472069102153,0.0035173790564096297,-0.006981820284701066,0.003748740171714223,0.005574186929037347,0.0034178600604198935,True,11.417700282887395
459,2,285.06908983415906,303.738292199153,708.6569785716489,1503.5569585318508,75.43794456418277,1309.3680765638417,0.0027116865643959345,-0.005698175379485794,0.0008533804190445932,0.004226524460320764,0.002464093327569899,False,-13.46393424061175
460,2,290.06908983415906,300.85154085320494,927.9031880113415,1949.7918355622623,113.18885733087852,1700.56156032111,0.004141720270002616,-0.008026608551826958,0.001849983129105344,0.0061540771829361775,0.0038425620894625735,False,-0.7609302915155212
461,2,299.9294057209824,300.85078863077564,1034.3173126359245,2166.587728002387,123.40851565842623,1889.0909123550916,0.0037173434737376265,-0.008038565278599436,0.0032924441151309346,0.006104129316383613,0.003514379834151428,True,3.815223241188349
462,2,308.81239775806057,278.2628779570668,2501.381238790654,4512.828806605673,274.53135030070337,3944.658288835699,0.0037983262331974387,-0.013267509794482489,0.003172508645122328,0.008679106671009323,0.004023269947416712,False,-127.67195491826782
463,2,281.1302397956893,278.2944355793971,2542.9670667776595,4351.008294723939,-32.09108181224712,3786.3667803461058,0.024522630515104827,-0.033829497253131995,-0.0032161301265356806,0.029220345258361705,0.0251516315755095,True,32.639263261644615
464,2,290.54676798293025,295.3984669732754,1262.5422928051196,2621.864313620799,45.45211252202791,2272.4807197895634,0.006164070165793534,-0.011408019084468495,6.576999310881071e-05,0.008786106166999803,0.0057395220279768885,True,0.6995516498569856
465,2,299.5451569791635,295.455787014306,1344.5823139342585,2779.718297052259,101.11632054939535,2414.0938011643907,0.0053592282779456185,-0.010927034102777358,0.0024072657179850313,0.008231604803602065,0.0049783588924080064,True,1.8469214812817114
466,2,295.09342940695234,293.2651731576527,1442.488459688906,2979.715714028903,41.853200557421694,2581.9620898295093,0.006271202514733608,-0.012241178149252659,0.0006509616413776127,0.009261911100130438,0.005804112512412062,True,1.0924688968251672
467,2,291.8766765950182,277.10805379233744,2618.067643155196,4710.224491838709,-37.22504783431079,4088.1491810025927,0.015282479169866641,-0.025175673552108264,-0.0014669751073433874,0.020242369782465013,0.015532178896692244,True,3.52440611298438
468,2,297.9476089795601,277.08100950458265,2698.945777230336,4868.533189854522,103.55996182699943,4228.379196827283,0.009414022206114755,-0.019630118811679316,0.000900678263473521,0.014529051489995842,0.009641544325437972,False,-58.57029196565462
469,2,295.0934294069522,287.90898590039757,1796.9394074760032,3568.820275832754,66.58976161941821,3092.865692614136,0.007808303546118992,-0.015052079118585837,0.00045823115985257207,0.011432487386529199,0.00744591786015432,True,0.27272570835727095
470,3,613.6312641818165,209.36655174990514,2728.2169666426153,2167.8945143866626,108.17997268875901,2502.7098445517195,-0.015025257049777294,0.00511063130069301,0.015350811068671389,0.012659990127648695,0.011040262617449238,True,38.44150284351713
471,3,-23.62833871286251,209.3703677318898,6260.29132456583,6800.888693415099,-85.01133197535273,6549.005327652728,-0.002086350736940309,-0.024362538799471072,-0.0020109266688764027,0.011183384781281967,0.009324223514972375,False,-50.98522052844896
472,3,617.2947682270325,214.0015175890924,2057.302923499106,1591.3267530612723,61.78003827567067,1871.4767677209447,-0.01626628768992231,0.008877812594887551,0.010794336055574484,0.013681588632293865,0.012167865323380232,True,41.34381546250867
473,3,-27.292284075451434,214.00461889529265,6024.370575108257,6153.653892814263,-25.762022563072307,6090.204977086347,-0.002109986064672432,-0.022550513482870686,-0.002602457808688964,0.010302765985162925,0.009891077427186725,False,-189.3230556197043
474,3,118.2745406218358,209.53974825383116,7943.011684356809,9472.975485161265,-712.58908974917,8894.273091631616,-0.0009159782955176224,-0.034351395722756486,-0.017281120187798198,0.018818636065605517,0.012172700453986558,True,0.5510077464975893
475,3,471.7254593800437,209.53974825387743,6347.01508768556,7511.576094085383,1387.6667519302666,7403.319943263505,0.0018630750929385573,-0.029926722236024734,0.05222501665125729,0.030569770928323386,0.020592578234327693,True,26.134857673070883
476,3,456.2539895586571,209.64581556742306,6876.807714546133,8201.274520626463,1536.8475318733933,8077.0354228293045,0.001239352781753363,-0.03177246930797786,0.05215012982956913,0.030860235088722925,0.019794622301189353,True,26.42449711752306
477,3,133.74601044336697,209.64581556743292,8140.440743036942,9818.148449027029,-768.0376103427867,9192.845267657141,-0.0008819921642068031,-0.035484150949722744,-0.01819210847733238,0.01954649715082658,0.012278884613654012,True,0.49840389522432815
478,3,122.00449842743683,214.19720305909627,7588.152830878694,8969.062800177475,-664.479473224263,8443.348300988977,-0.0011212603326232523,-0.03240710132026551,-0.016007530133079102,0.017571602568245387,0.011532464043604614,True,0.5032048102896169
479,3,467.9955015738828,214.19720305914325,5620.930249008622,7059.517848364837,1259.2858238945682,6819.676976008256,0.0016315888854077647,-0.02730949628258903,0.040109819339869575,0.024730467131547574,0.015042970371912231,True,15.735943395661707
480,3,459.99550157389854,214.19720305906438,5898.32043431002,7430.030486491185,1334.248254815783,7177.150656521507,0.0013213531633803049,-0.028311263778002763,0.04048371175451123,0.025084970122650603,0.014821902553482086,True,14.412831842108517
481,3,130.0044984274409,214.19720305907654,7695.9405167443265,9154.772914901987,-692.2320163192381,8603.507148631561,-0.0011392047178365324,-0.03298348998124726,-0.01640927726914821,0.017911748130998145,0.011552015472108974,True,0.49912320624741824
482,3,152.05672073725182,210.4304970737062,8311.957676407867,10156.302949689676,-817.6593805806638,9477.661649459144,-0.0004468512128725572,-0.03695137655497499,-0.01926389501235813,0.02063781735976067,0.012711580647803318,True,0.42913101773069684
483,3,437.94327926459147,210.43049707362454,7366.427362157349,8930.04608571194,1680.8904988687466,8758.060170570121,0.0007286581592718992,-0.03372901689120719,0.05073816461144053,0.030666319953745858,0.018433132417466035,True,22.399394948093004
484,3,490.0443026249148,210.43003275161792,5527.891365732213,6553.312922534387,1180.1906487285212,6438.636594234258,0.002609415677427096,-0.027073854361166952,0.04991025321841769,0.029035021510714732,0.020461895272287405,True,28.554625680998242
485,3,99.95569737661741,210.43003275158287,7635.979956552442,8943.650345351349,-643.7688081156313,8440.785002365927,-0.0009010523266294786,-0.0326726990347257,-0.016203692039522457,0.01783253466459385,0.01207183795232842,True,0.5904941569701805
486,3,157.24448445006308,213.8571789110933,8095.976928486908,9849.327812334377,-791.3524823078083,9202.873806883175,-0.00041363774369393685,-0.03592560435646918,-0.01862049136764514,0.020048830835483967,0.012486134152544135,True,0.3852222680839077
487,3,432.75551555126225,213.8571789109876,6916.405828070831,8690.031191223605,1613.719747433932,8429.816342939492,0.00037234127886703476,-0.03197537624293833,0.04325155423291082,0.027004961453559507,0.014807572928707297,True,13.911181162058028
488,3,495.2360178479433,213.85651479421162,4727.447537059784,5855.0148915478785,1010.3549814933336,5658.015149616413,0.0025863182889108386,-0.024015804706841323,0.039697769611998744,0.023893439790287924,0.01613740916956563,True,20.762871590919985
489,3,94.76398215301634,213.85651479415455,7279.017196516931,8400.726987804217,-588.130840082058,7965.234630474323,-0.0010272974002278861,-0.03072418457302244,-0.015046216059154186,0.016645522862412877,0.011619335826687413,True,0.7071539228218171
490,3,320.19717929073175,209.01404866165626,8348.066224416087,11732.131896596407,1067.3180254260405,10621.206042733489,0.005199421394943599,-0.0458618225899939,0.024901893175950287,0.028404906798983495,0.015054682799755569,False,-3.106515314177159
491,3,269.80282071159303,209.00383894710066,8307.285814113746,11869.619224492451,175.7142127352909,10554.011805135044,0.0038031872427613397,-0.04466141994593891,0.004404831986400125,0.024332183907242223,0.01225209816318728,False,-15.04123980364625
492,3,337.3102797160105,214.01188518013205,7995.508318037904,11184.159650669346,1383.8472024063028,10263.315160176373,0.008685244518174347,-0.047524072154806536,0.036510172819063,0.033512982559454826,0.019504614984434735,True,13.236995578873575
493,3,252.6897202856269,214.0118851803584,7962.217851209368,11003.911759188486,-7.711430711431416,9842.135076825118,0.003998197348840343,-0.04240460980989601,0.0006700111715770257,0.023203822029899037,0.012941495719306034,False,-61.045944392261845
494,3,331.92215945657495,210.59422008472345,8284.041021871948,11451.224557952455,1314.470487086411,10491.756932193415,0.006222083495082078,-0.04618599629422651,0.03235816415813947,0.030796337505000642,0.01715281190066473,True,3.0163366147926354
495,3,258.07784054548836,210.59422008469303,8211.54808658264,11502.299835723774,36.47871368243826,10260.834633277576,0.003331155854357714,-0.043251697897028214,0.0015064399616538165,0.023303602859756887,0.012195884782216199,False,-47.145630934472365
496,3,-35.521311816175206,214.02766960313775,6020.908735408096,6183.874747734896,39.741938338149694,6104.411656619244,-0.0013336216979384526,-0.02338106485542612,0.0018864045674384304,0.011063998734348969,0.01055342615118618,False,-170.90404498364433
497,3,625.5217258419251,214.02715271874027,2015.1489392220217,1593.7490877103157,58.094845289905294,1843.7311765784539,-0.011266596932076914,0.003958578427538932,0.007096924025739498,0.00839899243002058,0.007048924029859276,True,22.02833144199073
498,3,-39.370984064722364,209.40777704617176,6229.429027757905,6837.058709687398,80.54214182258887,6555.886433641261,-0.00042835636901865414,-0.026031281299308092,0.0008055152013805066,0.012807796646239464,0.010753652268015466,False,-17.15289079251704
499,3,629.3709840655297,209.40777704613149,2537.9941493135807,2152.5549523442546,126.16329096759348,2378.96758650667,-0.005577631343758971,-0.003920730587098142,0.005542081657868579,0.002892230506888523,0.002172920010800341,False,-7.628468182292323
500,3,324.2920850626362,213.49442523201515,8003.792244947256,11250.258866633907,1167.8205945673096,10231.114065409776,0.007662692403509357,-0.04665214590446124,0.029658438436807516,0.030942384486860784,0.01763269500794579,False,-1.6477472992371531
501,3,265.70791493866506,213.48923821211443,7961.629557245087,11317.157704683146,111.38894424285986,10069.74721254496,0.0046089391040358375,-0.04364848330944053,0.003079849892379277,0.0241778012511078,0.012828810973077802,False,-32.98486568004955
502,3,648.0885105762296,210.33927387961128,2126.8444219702883,2059.0284357704613,125.4019477022569,2104.9962225009876,-0.003115205163140798,-0.00536118737378422,0.0028423502279586845,0.0018113110520354791,0.0014698183903637983,False,-62.59039901527393
503,3,-58.088510575579924,210.33927387964957,6224.748986087615,6746.495357803556,-46.0645648924017,6501.832453004877,-0.000782091491061362,-0.025484678305318257,-0.0012080413736507028,0.012366053930785182,0.010594529340402408,False,-59.83263087961524
504,3,653.5690753407222,213.7253671014556,1731.3635148781389,1643.2470638960056,82.47467011327399,1695.0600977324482,-0.002883969501911,-0.003949616920106638,0.0017002359684781788,0.0010032954161678853,0.000880808464278259,False,-66.56773009978974
505,3,-63.56907534021448,213.7253671015071,5884.7064583987385,6269.961011235129,60.703405761270425,6087.393189011029,-0.0005356621295404734,-0.024077539496468108,0.0006626911375035328,0.01177560135941245,0.010473241062312197,False,-43.87405555493592
506,3,145.25384417130738,213.61905203681917,7955.319141217285,9587.997611862627,-755.8851180389433,8980.829964492335,-0.0008996370269208055,-0.034625579398065987,-0.017690523310086314,0.01904201803779285,0.011954129219118502,True,0.40764678887853734
507,3,444.7461558298223,213.61905203674726,6546.5814199583665,8196.49883391831,1507.1497505067084,7949.57706793799,0.0006862178695027582,-0.030540955383603022,0.042656542223824076,0.02643254123174866,0.015020657078619958,True,14.952569924322916
508,3,483.2467952016265,213.61867130118898,5185.910713123426,6436.476306600594,1131.2885511162733,6227.5474381504555,0.0022455059092688504,-0.025780839624209996,0.040824222438246925,0.024759307248231992,0.01611269526388084,True,18.61739763651667
509,3,106.75320479931588,213.6186713011059,7443.867045189249,8696.095485661763,-624.0128798937807,8213.941252376035,-0.0010467424121662302,-0.031636681712807084,-0.015527967160937418,0.017152712253227204,0.011624713691706435,True,0.46912763641614674
510,3,140.89637065506992,209.52190789673602,8245.106453061857,10003.779956734474,-794.3854915238325,9352.449310006074,-0.0007613466613162744,-0.03619264831852128,-0.018722428482812244,0.020036881402914708,0.012440749174046457,True,0.46729439010232454
511,3,449.1036293468565,209.5219078967415,7160.068774805663,8553.99708898293,1610.6344633408596,8424.528101037718,0.0009505841381659523,-0.03277156751233787,0.05244003662514063,0.031173470103541844,0.019588262170866774,True,25.07905441191656
512,3,478.8768873940546,209.41591817884833,6107.9102505966475,7193.988381135634,1321.8656540278441,7096.603941558382,0.0022070949191839834,-0.02914343964844185,0.05287575895480611,0.030735573456186972,0.021251418841798517,True,29.101749191596355
513,3,111.12311260763694,209.41591817879896,7861.376133228449,9323.118590232392,-690.1478092821256,8766.8777212352,-0.0008870929821286287,-0.0339115088328796,-0.016977576752961833,0.018566435809586893,0.012196080141320375,True,0.6145067571744676
514,3,714.0471569755533,213.78914790189398,1409.08512510473,1628.110358460364,16.505666198109974,1530.6650358690008,-0.0006415231588155914,-0.005508797695403728,0.00041811537151233917,0.0024426001452557762,0.0016972723237413552,False,-7.830973646192362
515,3,-124.04715697536476,213.78914790199096,6040.734085813022,6357.650179442143,69.62029745374547,6206.436248966489,-0.0006946238733065371,-0.02441210426383518,0.0007479265389738033,0.011864635162772728,0.010789613334019373,False,-103.83171296583552
516,3,180.94379706989693,213.69172101132224,8361.141335645421,10433.298073883852,-821.0731474292885,9672.155741135235,0.0016131338030711383,-0.03967187360736794,-0.020055764754091737,0.022949322085583913,0.014367214726547914,True,0.2978110133060454
517,3,409.05620293167,213.6917210112135,7722.750973455302,9780.462428960049,1835.8971991984001,9480.390696394494,0.0011379362650648294,-0.03658194340495597,0.048256880673576426,0.030624809610284284,0.016732560073089084,True,23.69147197206985
518,3,518.934211662502,213.688891098574,3989.85757377357,4824.546568858463,809.7542459583723,4681.139306070895,0.0026499742215570343,-0.02049914261038693,0.0396437418073014,0.022953800745099756,0.016830385524365717,True,23.01974393639034
519,3,71.06578833842336,213.6888910985261,7028.93998844035,7974.988751310672,-503.52626270235487,7596.798121239699,-0.0010980729552609134,-0.0292848827427349,-0.013464142320604519,0.015618733738884956,0.011398953204732498,False,-9.664796793410801
520,3,175.4950803297446,210.30015572165715,8569.157595400931,10727.72799059916,-850.5256795247225,9937.6657086892,0.0011286464451937409,-0.04020483975684395,-0.02045139347401255,0.023058168707872938,0.01411311748234012,True,0.4062500565880782
521,3,414.5049196723348,210.30015572158229,8135.4370435939445,10002.795014000601,1887.3909115560407,9775.012442196256,0.0015040760281030924,-0.03823399594473207,0.054775513140387415,0.03383589515555552,0.019972589692763953,True,31.264420785793845
522,3,641.1548077804664,213.35940916577758,1958.9906817951512,1681.7444816235432,82.35807478403296,1841.6665772112308,-0.004295283491052295,-0.0030772052148705683,0.002158967861579054,0.00123944109523578,0.000848980631454397,False,-26.34656857385221
523,3,-51.15480777999998,213.35940916580645,6093.744946887891,6401.751590191582,-51.250024393886854,6254.069810234117,-0.001144991866383503,-0.024158388621202447,-0.0015788785096932723,0.011533747087818883,0.010483569703254002,False,-130.97606721402713
524,3,513.4814561034104,210.29854761646024,4745.4641705668555,5521.75021505876,963.4252442979059,5439.710693713912,0.0029485463964342104,-0.02373965552732608,0.05028429461715305,0.028463882408536832,0.021516420847535758,True,32.249952922051534
525,3,76.51854389801782,210.29854761643483,7380.873809580949,8503.10462695978,-564.9638311400014,8060.849622726994,-0.0009029692059747687,-0.03126208712802022,-0.014819020214882073,0.01689141350756165,0.011946259062030631,False,-3.7100041142682585
526,3,307.7648544453303,213.0573051054771,7968.233517897376,11392.120693698627,863.664212708024,10234.052421255994,0.007265407011507855,-0.04647012428998978,0.02091989443559148,0.028832053809304512,0.01600073312849651,False,-2.161741031132351
527,3,589.1136656283271,213.3825437712488,2501.607720296959,1953.024199261212,250.7486016741725,2318.462610885772,-0.0238823755957253,0.014861745958619998,0.045319272741249916,0.029811673203686846,0.02752700746860166,True,83.42747938095829
528,3,719.1184053981091,209.8159810308894,1821.434182809654,2119.5284164799587,15.08075062872252,1987.4918788460689,-0.0004995291735797498,-0.007480920089981722,0.000417066595150175,0.0034969187748791837,0.002486961702375624,False,-3.359336179203467
529,3,-129.11840539789432,209.8159810309567,6303.048547524012,6909.634300409223,105.36955986843105,6629.7070032664615,-0.00022783793064701146,-0.02652784483641779,0.0014103280393432162,0.013168896958573905,0.011103226747339323,False,-24.218629725992173
530,3,665.4666220734772,220.22048345636026,940.9045449067731,841.9082976674339,11.444495097473444,895.7390970821768,-0.0023328655245238505,-0.0012773304816889226,0.00039226392247060176,0.0005630331276942226,0.0006314679158563609,False,-40.57692978598592
531,3,-75.46662207306231,220.2204834564293,5578.440362886163,6249.511850713665,-15.202590801083593,5942.521304499693,0.010344142560974328,-0.03429574579351401,-0.004919069354815611,0.022455048851086193,0.020588914707772733,True,58.37565013084469
532,3,281.8472971018196,212.95230300943274,7967.097081270153,11531.745407334844,364.13524615616194,10245.927790967655,0.0061038134604901725,-0.0455889694999153,0.008671739700609317,0.026207550818546123,0.01394458875104073,False,-3.868081417721214
533,3,350.04336051996484,220.27736377419805,7414.578431745911,10826.836552911287,1605.0206834087867,9982.394925929517,0.018568209723153116,-0.05550707506708396,0.051439650359608555,0.045092087570530334,0.0295526609458658,True,55.3889866688246
534,3,239.95663948139006,220.27736377451222,7540.860584235707,10076.5583055938,-133.508151068008,9081.253083397172,0.011523757683719753,-0.04719903093562453,-0.0029217501066428533,0.029397714736514206,0.020820623633549692,False,-8.580869508358774
535,3,-11.537919311090187,213.03722237703843,6190.422919800837,6463.775818398167,0.5952241024083046,6331.526580905524,-0.00385442334244592,-0.02177032910240708,-0.0008259342696523754,0.008967466847131296,0.008047761342421187,False,-184.33637235080852
536,3,601.5440873820435,213.02379175838595,2365.934513180082,1774.845669724502,118.48487212281846,2142.5850370972335,-0.025330646105086292,0.016945566234704515,0.026128699195750803,0.02484948214481093,0.022912489238072268,True,77.60049435220154
537,3,350.3337486748424,213.50342640095255,8100.132432758085,11519.72623130092,1524.9076456314917,10582.105640788292,0.013358912335887695,-0.05308912613060719,0.04500701769889604,0.04012783777564375,0.024891262627424193,True,30.868765825254286
538,3,239.66625132768172,213.503426401525,8044.885729846731,10797.535987926933,-80.96946449370311,9719.14064064463,0.005776188706180231,-0.04393209268467189,-0.0015422364362291,0.024866100076496558,0.015568295249799058,False,-70.65429582000615
539,3,589.5951946568478,220.16599674988458,1416.6197896794445,995.1575831780642,141.61937764092664,1283.5725386821096,-0.030336535792925275,0.025452686612888815,0.03886704494180732,0.033996634094987474,0.03256868490387607,True,87.16853633448875
540,3,0.8990175362653178,213.4038741894576,6163.606892225529,6515.038320262658,-157.8682944515209,6352.511813265337,-0.0033284826407185652,-0.022345773914570037,-0.004269408143109156,0.009745322125088454,0.008392888002169299,False,-95.84149833354635
541,3,-111.92200441460074,213.86221773992114,5933.636055853963,6248.787831746664,-28.88192716342816,6097.528673391527,-0.00038568527091666343,-0.024283723101474603,-0.0006839831141820423,0.011953911964826248,0.010888362538142496,False,-86.56666019178087
542,3,701.9220044148786,213.86221773985804,1418.5572869787259,1619.6434871984263,24.552409030280092,1529.6408707142111,-0.000834490872962576,-0.005317865694746161,0.0006154559685236086,0.0022627105339500637,0.0015695068329582527,False,-16.317834376225065
543,3,169.3429451657466,213.6397638216085,8258.230857944347,10171.577707200702,-819.0679156048809,9469.569674080383,0.000463441460767324,-0.037783803805186054,-0.01959581810864146,0.02148748390215193,0.0133662504629678,True,0.3682833483844661
544,3,420.6570548359225,213.6397638215424,7361.740104640688,9257.726918688599,1735.5355788989266,8987.991809689034,0.00049438579975129,-0.034148806521993105,0.0456761368731781,0.02866382848599725,0.015598839064492304,True,17.983345616514725
545,3,281.22625279745836,219.79367225221282,7405.063937552816,10818.676091045358,345.8347369180355,9598.153004829332,0.008592749922452764,-0.045495823480364087,0.008608296490114116,0.027384651454846094,0.015649859089155213,False,-5.029765484468271
546,3,507.33207017824617,213.63918670420776,4362.288657955413,5341.262554019258,908.9213643536332,5170.7768359763895,0.002775317473761993,-0.0224250086780107,0.03994772776079384,0.023616082398474868,0.016686979931527558,True,22.868035760183375
547,3,82.66792982287991,213.6391867041797,7158.206739824349,8184.125477031222,-551.5025403818623,7781.3004414910065,-0.001070806985728978,-0.029997415753403547,-0.014363135252585103,0.016148129528541073,0.011531911037388098,False,-1.6457768724359312
548,3,665.9246037895163,213.420760778793,1629.8577755831423,1681.4776644751958,71.98502405478214,1660.9574316965532,-0.0020762576368819363,-0.004629196629236203,0.001524388042344954,0.0014867125144363907,0.001136528010406205,False,-68.56821622819456
549,3,-75.92460378890344,213.4207607789198,5962.444411492187,6327.897837885571,7.132141914152317,6153.328197748096,-0.0006335418705638546,-0.02425440118442613,-0.0003020132147958076,0.011811394992836214,0.01058050904281515,False,-77.4545379680045
550,3,0.40821047932683374,220.17574413418424,5725.227965297864,6350.709700733148,-65.37544577422855,6063.275519570219,0.004282168969298733,-0.028735942743011545,-0.005962420728620356,0.0167760704724891,0.015040414322886933,False,-1.2635441182778209
551,3,636.5784291291016,209.17068664601607,2424.101086987436,2182.252358324576,135.9749877541906,2324.6416311628764,-0.004367872729685328,-0.004959992997071492,0.004234263983555592,0.0021377323203271696,0.0017964699266095573,False,-39.72282779999094
552,3,-46.57842912837375,209.1706866460604,6263.315077822266,6942.220849005535,-72.18260404447783,6630.072439142301,0.0005933784994496429,-0.027334588751275944,-0.0018958297125095125,0.013996120221836791,0.011683763545616564,False,-0.17012083626934782
553,3,308.38589874856916,219.8787478946538,7412.684724835678,10693.524565141628,891.661920685348,9613.366694286662,0.011000936136850136,-0.04766600994905418,0.02398350157997186,0.03168997834916788,0.019217700061590706,False,-0.2544687342524412
554,3,606.5229525624835,209.07714564654546,2859.944282620694,2245.861163171123,144.84942664371843,2619.7480680327017,-0.01889722071502101,0.008557964687292592,0.023221494154608887,0.017979328381838605,0.016067669699012025,True,57.35672745494486
555,3,-117.25530844649059,210.46131480433903,6255.55127210392,6765.341008908542,39.223712174654445,6525.751958896097,-0.0004564300631605808,-0.02591087680588967,0.0005067506664055384,0.012729745237202649,0.011006720094926037,False,-68.16106633932282
556,3,707.255308446771,210.461314804244,1763.3382491561813,2041.3137201495513,25.1327676554131,1917.9916297447833,-0.000644060912340573,-0.0070603593255035395,0.0006654327051443413,0.0032253560273182756,0.002275877434651579,False,-7.138190684443117
557,3,192.76920926405623,213.5447920599868,8441.086551733957,10689.262929307626,-801.3948535419503,9859.512752619055,0.0030236638324103605,-0.04176262153151956,-0.019951312357995018,0.024514619217446798,0.01549402996808049,True,0.3110233780407725
558,3,397.23079073775097,213.5447920599823,8081.216729098738,10325.557568637676,1928.7704581445462,9982.013865227927,0.0027739120714824293,-0.040047630024398685,0.0527361772990888,0.03396611864634465,0.019231183026776347,True,33.55077701014761
559,3,530.7633311241146,213.53706429227637,3680.4121715585584,4329.862298072752,726.382137782051,4235.605789033635,0.002009403599903568,-0.01823020940090697,0.040341707889286114,0.02256709623460154,0.017215447146754888,True,22.185700181501716
560,3,59.236668876980616,213.53706429234725,6906.510571555659,7772.2397342835975,-461.01925177821084,7420.6575937865955,-0.001141112931154578,-0.02858335643816992,-0.012835719500283877,0.015147874634650019,0.011294202259345278,False,-14.058442636682116
561,3,-16.517820508053187,209.0845350074392,6346.729864123313,7054.674486255656,-17.519105931696828,6728.760627991726,-0.002188833830780748,-0.024949009978736676,-0.001340756384115248,0.011399816292023392,0.009009129082164665,False,-28.66038640274718
562,3,163.92594267052087,210.27783080858202,8463.076382851845,10460.803711018663,-845.4428162536751,9729.63596321776,0.0002286133156451343,-0.038549470505732944,-0.020094239808507632,0.02183757231436016,0.013370878166486836,True,0.43367203033903934
563,3,426.0740573316029,210.27783080855843,7785.554878320062,9477.028411133719,1794.0678707677246,9289.835631767235,0.0008674227115135768,-0.03582415387265753,0.05268363833807709,0.03210076923053948,0.01903998366673973,True,26.334744008453526
564,3,501.9116658862392,210.27778021435992,5139.743554533884,6038.9445156498105,1071.2324286874214,5940.522305974899,0.0028967790142470345,-0.025533622356369037,0.05026780639208021,0.028875335848981862,0.021120285716186585,True,30.886627320013076
565,3,88.08833411537871,210.27778021436527,7511.542356701689,8712.41025787579,-610.1288159796426,8246.362465556114,-0.0009170346552354174,-0.03193646938928399,-0.015643435074585786,0.017370394297141614,0.012040512582194253,False,-0.2274843013494774
566,3,728.4513388827941,216.45636966944366,1121.9904714202628,1299.1855460239722,4.532395273504474,1220.3005881873482,-0.0005687776192301757,-0.004334103816094394,0.00012836167831573438,0.0018837567577351905,0.001285092713741128,False,-5.902794213143665
567,3,-138.45133888272247,216.45636966946816,6090.9692051940465,6018.380327047125,87.29757623366906,6056.8887213543185,-0.0035632388559434813,-0.02095819394684489,-0.006670771008734467,0.009315090558677477,0.01044622517369899,False,-173.73707799745162
568,3,530.3772354689825,220.28228684136386,2658.993212506931,3479.966954918816,555.354386304365,3294.3074965415444,0.0017149735393361856,-0.014146367878373383,0.024058951996575734,0.014408463855861635,0.009761127653870674,True,13.202076311568817
569,3,59.62276453142335,220.28228684138048,6375.353032258029,6938.8884235738005,-393.0889068826926,6709.619374833379,-0.0017095012843946372,-0.025251837663664827,-0.011237315146588099,0.013043378146577356,0.010306275237790355,False,-29.939584863627033
570,3,192.37744775200136,220.2852311246297,7966.337812304595,9864.664064629187,-762.2083125970948,9161.428569790789,0.002823180266456049,-0.038930959067246945,-0.019410744373299055,0.023022734137281807,0.015171944458774421,True,0.4750457676007045
571,3,397.62255224893306,220.28523112462074,6944.04871286409,9444.52817529513,1723.1751494326338,8985.747550881495,0.0005695008338200591,-0.03375636903234249,0.037596909488104444,0.02545482736695264,0.01129280659926161,True,12.671149357855484
572,3,595.9691048425353,223.53595804107638,768.592964447873,453.97192786809774,37.346464851724,672.3766071076185,-0.0315817825353874,0.029106088628447577,0.016859632224821567,0.03149311395033236,0.030590481164692224,True,74.92016725734534
573,3,-12.278928591337612,219.86432917259768,5645.417664246105,6283.110155139072,-68.55032165395097,5990.954031618341,0.007575083880262937,-0.03173035271451795,-0.001570938992128278,0.019668408649553534,0.018092980520111712,True,32.26738067825494
574,3,-5.967213483348949,223.54323085898764,4805.765571751012,4410.213947289485,-48.1312283819693,4621.457052163394,-0.010392498965681798,-0.008269859560375207,-0.008920470095768775,0.004584767845116732,0.014869324756224449,True,264.5277205599186
575,3,343.38027703830926,223.6469463382135,6952.714038776062,10266.025297869786,1443.433664366429,9413.037338757644,0.018529028466799317,-0.05339697562350713,0.047469141692897024,0.043089063222177135,0.028458533919472395,True,57.858421557898055
576,3,246.61972296238264,223.6469463384166,7246.4152291473665,9733.530208124039,-88.65035860624955,8760.28076664265,0.009269932256815354,-0.04365432176728991,-0.000804579373428311,0.02646518473379776,0.018071830069227662,False,-61.623091930229975
577,3,602.2828900764248,219.85447193287533,1316.1441395944225,892.4461789260786,32.84788360792789,1165.0513810747007,-0.02823285596534765,0.02376046057034364,0.01369734884781594,0.026883648979627722,0.025577806216539777,True,78.10393241688723
578,3,24.18860885540062,220.24802473321986,5949.962995554622,6508.931582359437,-259.6009949692309,6264.38552185584,0.000505321280779236,-0.02573458280105521,-0.018141244397020705,0.01595021406201424,0.013636743015459038,True,0.1520840065880975
579,3,565.8113911452596,220.248024733258,1797.5247859120743,1908.2242992937415,347.97319911584464,1950.7923772743948,-0.00423759892903296,-0.0032665429685088078,0.03585668577182646,0.017934916115067083,0.015642995255646403,True,15.25516393183159
580,3,24.34050758984669,213.5116819754037,6562.185837439904,6975.81580172812,-366.6431134594415,6808.154737077334,-0.0033769880392062303,-0.02403746528010903,-0.009624047338597702,0.011396025699749804,0.009245344948727072,False,-45.318046014297465
581,3,565.659492411467,213.51168197551257,2880.688971324351,2811.9270080718597,489.4018824635682,2970.44743020116,-0.005996512728824609,-0.00553103462945275,0.04920011437672261,0.02460115812590731,0.021333674752845755,True,36.09234188036777
582,3,-99.71253131444367,213.53395256205974,5961.935925345424,6310.676788678145,13.917376639751339,6143.781565903802,-0.0006503854953276794,-0.02420165525057004,4.1178271523821335e-05,0.011775652877168205,0.01059907571349491,False,-81.77235349706268
583,3,689.7125313149509,213.53395256200054,1484.1276461044392,1658.3240622026412,37.05679884762524,1579.755866366419,-0.0011259245000224932,-0.005237540209299344,0.0008848973766362274,0.0021028805902826397,0.0014805148065827188,False,-31.289457700607215
584,3,608.8137852338892,223.31851389179897,738.9469414254022,453.7983715753682,6.288696134777424,645.5704986166832,-0.024404907860029277,0.021989598601202715,0.00413425477923747,0.02328917287260834,0.022417415381321335,True,63.64575065967067
585,3,633.7074095154488,223.34414902144684,632.7584094106292,450.8726718051771,17.020888813825252,565.0177237666811,-0.012061942943464339,0.009867590004002334,0.003428552722673988,0.011097965906712156,0.010505755938306398,True,26.862644135422855
586,3,-43.707409515320386,223.3441490214551,4806.814591231575,4363.60906262128,-52.787342087760464,4602.157142436914,-0.03487765049842218,0.016307542599370138,-0.016736466128554766,0.026925978584494137,0.0422485654021188,True,299.98677351905997
587,3,-18.811715107963565,223.32109831361004,4794.1301717719425,4372.506796871087,82.40181861274202,4600.054696473991,-0.031050107965467588,0.012487668103965444,0.025663077919446248,0.02526920810676338,0.03781328646965891,True,297.9811313297596
588,3,659.0575187530161,223.6077287505991,500.20054412524445,411.9019552421366,5.86171191789456,462.5292444126556,-0.0030995424343983192,0.001252534873179374,0.0004398908346150824,0.0021871260158888343,0.0018980405656328573,False,-3.8826574573228
589,3,-69.05751875273053,223.60772875063756,4814.965415893817,4367.815801349298,48.412306208211874,4608.454845005635,-0.011656874682528658,-0.006938257282388652,0.0067006910694988805,0.00409770090958839,0.01576671591013766,True,296.9391685421689
590,3,7.0235998756143125,210.15853369925898,6590.0640658785005,7067.072142671091,-262.85203321938025,6856.184686676386,-0.0035074315856656584,-0.02414826923664727,-0.0065764485469558005,0.01083159561681631,0.008843680175721076,False,-85.77948539679085
591,3,582.9887382682886,210.1425455933116,3104.498729008166,2566.2924464020302,373.8391409138596,2945.5024614813533,-0.018926158482269965,0.007442806352064301,0.05595144114732309,0.030926873722123598,0.028019077176053203,True,83.29852288421199
592,3,524.2275194733265,223.64575746000227,2332.6914749066495,3311.497807481097,503.9598077380468,3073.221600343386,0.0016786923752972755,-0.0131081756721325,0.017770970512720183,0.011559183141728376,0.006845690493627953,True,11.064237398569276
593,3,548.0738593678986,223.61743384540765,1700.5144967522947,2271.676334756834,361.657013331421,2140.4746600348362,0.0007588680327552623,-0.008802554466561262,0.02085734971340106,0.011472247352606503,0.008489340564138031,True,5.75451913915532
594,3,452.00000000042456,223.53589838484945,4577.562188716173,6550.530583525593,1090.1381757675551,6119.0905475315485,0.00024995694752452945,-0.022784344811314153,0.023354574146037227,0.016401335243357393,0.006504180993296231,True,4.430246229945624
595,3,427.6581273864542,223.67522860023107,5380.0636999091,7621.688400017091,1329.728919114109,7164.815935114425,-0.000469519599636546,-0.02585902840271398,0.026417270011714407,0.01832006626716571,0.006652859172883156,True,2.4341755765844937
596,3,403.77008976993943,223.64682407623187,6172.8554568889895,8720.28909382214,1556.4042885790134,8221.051342836234,-0.00039361029677548713,-0.029765007418414584,0.03048299717223952,0.021165373168691073,0.007715527292540621,True,5.471947059550075
597,3,137.99999999979104,223.53589838485553,6999.473987819697,8161.0113451139805,-590.2863747930955,7714.7436554700935,-0.0013907991350752265,-0.029309183664115463,-0.013861188466756547,0.01558499872010179,0.01046265059261624,True,0.5703756309334267
598,3,186.2299102305686,223.64682407625205,7664.426525481037,9321.45631607721,-732.2464416280172,8706.200050872298,0.001608971617668528,-0.03600538437182403,-0.01829811849722866,0.020914474156925968,0.013868061535556003,True,0.5654649797052116
599,3,162.34187261404955,223.67522860025255,7342.084651434562,8738.990649207264,-670.5449021569857,8213.564809424366,-0.0007708456552697415,-0.03179333182852992,-0.01562536379085853,0.017367690131151522,0.011286142778217075,True,0.4332084355480674
600,3,65.77248052668534,223.64575746000244,6151.90558550136,6615.4696914298875,-393.67360396701525,6432.540193819928,-0.0017649336091017682,-0.02408900132668399,-0.011238569776344028,0.012496694063600882,0.010046613308145427,False,-10.636765395304053
601,3,41.92614063237928,223.61743384544704,5934.217906959064,5986.6594919828885,-351.6122327794219,5991.642977243514,-0.0028288394953114694,-0.021310937237545978,-0.01690071782826115,0.012522202282985352,0.011120948579964438,True,11.995860940321109
602,3,89.66060545175547,223.67510640110186,6383.559221894674,7057.798258733961,-461.39787480502395,6793.168291470123,-0.0014475454016938387,-0.025771203496579166,-0.012381162339507923,0.013646735177269779,0.010353805554544978,True,2.0477066983818304
603,3,113.99999999977877,223.53589838487525,6684.001074116982,7611.071548812299,-520.9366446426505,7248.861637228913,-0.001311116569236321,-0.02763640549219547,-0.013063172654360591,0.014694108655128676,0.01047713912955539,True,0.5439346900332112
604,3,500.3393945483496,223.67510640111414,2974.6042456761697,4339.702443952084,654.6020383758008,4007.2312001710766,0.001927086341317424,-0.016738557387814625,0.018793556747399503,0.013243904551156845,0.006869651474465566,True,17.965836550071913
605,3,476.00000000037693,223.53589838492826,3758.4646134328373,5455.788463590229,859.489052319774,5059.887392449038,0.0012607467638905783,-0.019919609244862326,0.02091954525992505,0.01488484845858002,0.006737621835300599,True,14.43451114912682
606,3,-4.735397146163039,209.9442541187018,6478.789758843224,6916.007461037159,-149.52679529078958,6713.091122373688,-0.0037871235671926144,-0.023337340803065175,-0.00409219637248632,0.009986954805154555,0.008365032015883208,False,-130.9544275628964
607,3,594.7487731196335,209.92182488795115,2941.6840911834393,2278.6218393043587,235.33416199620976,2703.4762191998498,-0.024464582826115102,0.013893463316877304,0.04131563448620882,0.028188301460472666,0.025762065369104793,True,92.14439740714022
608,3,18.15518821020342,223.61819397718773,5458.123676086295,5097.848011334754,-150.97992402073518,5293.663031846638,-0.009640559284126845,-0.011735283382900794,-0.027805527341033972,0.013942159263928347,0.013812744258058113,True,96.77744233604446
609,3,571.8448117901054,223.61819397722243,1148.409788672977,1232.9093738993686,242.46162755631724,1264.6692436949327,-0.006463537104532277,0.0016413658003232598,0.03447368450352364,0.01770680924352,0.016234101594855513,True,13.2954284359204
610,3,187.1156795208185,210.2420055119104,8643.377517222245,10979.94241076323,-830.3297617135792,10120.852998382898,0.0022236341935886112,-0.04196085704775921,-0.02016713644893062,0.02428467962938017,0.014895907738035737,True,0.39449686103648673
611,3,402.8843204813241,210.24200551186433,8443.406045970956,10533.70627238409,1960.7902457272394,10239.326610011523,0.003015702748722694,-0.04144435519339168,0.057976881825034694,0.03653086222076549,0.02187944240675709,True,38.76265972754118
612,3,559.9665793550543,223.62983075603555,1421.009158520209,1748.7270334451002,307.1195481696173,1695.6778545544491,-0.0013932840683605623,-0.005025431720369204,0.025749957403520138,0.013002430569407912,0.0108648005885794,True,5.1683205541810935
613,3,30.033420645192354,223.62983075603213,5644.878033512793,5678.965516975736,-183.80594710712356,5670.942032410279,-0.0024711415924865135,-0.02045964159725279,-0.016885775442325966,0.01233608066516808,0.01192780189509971,False,-67.45778111404908
614,3,368.0580882609981,223.62993798205025,7251.934598628953,10137.444300343072,1897.8644535585772,9625.37883692178,0.005332157957331691,-0.04054565022775005,0.046560903073909865,0.03268291212134095,0.016850083708090227,True,27.65301355287511
615,3,221.9419117398041,223.62993798213256,7799.659952548748,9871.262483768964,-640.9490574373174,9083.857925231825,0.00996162673705615,-0.045745244670599546,-0.01975641948900045,0.029553221622415568,0.02159050620384123,True,0.13507541132571532
616,3,525.1023956021298,210.23500222428143,4385.3444909259015,5019.101668841885,862.5946194851646,4964.307247351544,0.0026093890705967257,-0.021653392544126515,0.05067483489302823,0.028091909258358642,0.02193510516800412,True,32.36226320684614
617,3,64.8976043992425,210.2350022243262,7252.15625265487,8303.390947831118,-518.3285664357187,7882.168259637922,-0.0007513335664965813,-0.03074864951448756,-0.014280777298775874,0.016611589059605542,0.01201600776968658,False,-6.784493913411325
618,3,554.0404387231029,220.24726460144322,2057.8773816505395,2429.4087925976582,416.6536689694919,2378.7101197891348,-0.0004844176790394804,-0.008602336823813185,0.02933959252632242,0.015220974844369512,0.012197113132862954,True,10.618375756823525
619,3,35.959561277580235,220.24726460147917,6164.273882415265,6323.841517531325,-305.57700360386065,6267.972945747511,-0.0037263794898468932,-0.021562054195044946,-0.011134922151525325,0.010513060728329441,0.00932666621226564,False,-71.72310236577056
620,3,216.02163997287826,213.52518296236403,8329.307212330694,10923.648557321663,-588.0505584871031,9937.526961261823,0.0075094307100053775,-0.046496666143551406,-0.01632593908916564,0.02820990422041035,0.018726085557299085,True,0.0987986374434513
621,3,373.97836002956683,213.5251829624076,8375.537973825902,11192.74304600449,1931.518334243874,10624.225998083619,0.010343107118677504,-0.04996887618383409,0.06125888545344203,0.04298309661041294,0.027127409380018366,True,50.489373200991395
622,3,671.4091033204612,223.61275470576115,480.22248794865953,411.82564651147595,2.8345236642005287,449.9668521798002,-0.0020614243567960264,0.0002550268845142581,0.00013885677867209634,0.0011603046537818364,0.0010608962890876373,False,-11.735540923270229
623,3,-81.4091033201662,223.61275470579173,4833.5677678818165,4392.5411370951215,6.33452651040671,4628.851923220198,-0.009491118029358649,-0.00919175250321966,0.003970314448945594,0.00199079233860206,0.015455586782352612,True,282.74880028401395
624,3,-99.8716382061858,220.26942509720448,5565.963761966195,6232.4841766042155,25.275553049298782,5927.558274524331,0.010882791297823304,-0.0347746483734284,-0.0041236092438675254,0.022921637978829623,0.021278118571643412,True,61.68279501108634
625,3,689.871638206548,220.2694250971484,803.921248620199,823.1534432912309,12.239664216232738,813.983936812604,-0.0011736954058701177,-0.0021211308452505255,0.0002843376203177097,0.0004945911933409966,0.00041316810061463213,False,-55.65036484497802
626,3,356.0797501483389,223.63041743598455,7251.383276581352,10446.83845212896,1831.3580969428585,9799.315326162508,0.013970585721583726,-0.04980948472222214,0.054161134404990936,0.04183696292111896,0.0257353147416317,True,47.08346321239833
627,3,233.92024985233255,223.63041743609563,7543.803826990203,9827.364259876394,-328.726688644789,8926.059604943704,0.015673014538465563,-0.05084962991437036,-0.012161839365831343,0.033812618065445284,0.02587165707734469,False,-3.6401837642938517
628,3,536.7466331275176,210.19251436412114,4056.916561679582,4516.8815616842085,770.9415482276969,4507.685883945576,0.001608243138532131,-0.018970184338343805,0.051213637920012905,0.02759668633379389,0.022202177718411157,True,32.76054836534979
629,3,53.253366873939484,210.19251436419674,7113.366612009835,8073.970344953312,-488.970984271052,7685.905833424605,-0.0008358735884454211,-0.029918483749404964,-0.013808089689086702,0.0160970614914354,0.011860118489413376,True,0.6636472249973622
630,3,198.74944526365152,210.19998668820503,8657.480342666684,11178.028392877828,-770.2858690009751,10242.399353397663,0.003622481386134748,-0.04378938657561242,-0.019044973112367962,0.025546997007833257,0.015802638565462337,True,0.42089615919098833
631,3,391.2505547386372,210.19998668821393,8661.88975676476,11028.224342979645,1994.0059399042227,10632.63758014896,0.005542510058305197,-0.045414991110287656,0.06128134917409068,0.03984993940379322,0.024522394665051645,True,45.76130948155014
632,3,12.687981028882215,213.54859762117334,6438.101674400755,6652.265979896346,-227.19990089863896,6559.625787983892,-0.004467250476382089,-0.02204074402356954,-0.005961618214487615,0.009278585118275704,0.008199980879504104,False,-146.25877039003396
633,3,577.3150790869646,213.54419254916988,2679.5687053018687,2331.6311353605324,384.6053281995159,2610.093896899995,-0.014475989084451822,0.004328309407110484,0.052828402488141885,0.028037661061547592,0.025329682927001242,True,58.28470236335767
634,3,215.99531889531855,220.25197655631905,8005.379719556265,10209.801638172576,-665.5592643695904,9376.658379900573,0.007935333030723583,-0.04482107528012449,-0.019012607796671407,0.028038892065713698,0.019593004028512943,True,0.2677113761401415
635,3,374.0046811059765,220.25197655632655,7560.43982652383,10419.414291362767,1884.1287865896259,9879.216245301994,0.00589403021974452,-0.04230323480846487,0.048943974853101146,0.03434562938213701,0.01862931104616875,True,32.283245722233005
636,3,210.05340715546527,223.6220385741865,7832.921808231477,9740.88373379979,-724.5345163524298,9028.551940123296,0.006056237054380093,-0.041643193276993444,-0.02011896285673098,0.025884398391541184,0.018161984722349655,True,0.2692756988533347
637,3,379.9465928450783,223.6220385742763,6929.655924203446,9722.073663503534,1786.2644329706409,9205.457297825304,0.0014701475814374984,-0.03518989999654415,0.03783286334722844,0.026340485177146697,0.011245200906630082,True,12.600676149662377
638,3,554.0731424297168,213.52696407277196,3125.0242443153365,3306.5111151693104,574.5134709312607,3369.8756754721758,-0.0017253854565472814,-0.011298473646409131,0.04437112775961487,0.022696040382360408,0.018789942947371498,True,25.675638922469716
639,3,35.926857571719864,213.5269640728534,6694.80844292333,7171.612186887408,-387.8055484397784,6977.9001897853095,-0.0028555106684255527,-0.025223991106941204,-0.01029141632593682,0.012311195790032098,0.009906171898911817,False,-63.244762293769725
640,3,518.4454311888309,220.3544237852074,2958.047915088884,3984.5168115967826,624.9636586962936,3743.2297240153166,0.002178350578255879,-0.016237044149794353,0.023811889037401078,0.015051020086022425,0.009600356531126434,True,17.25982768043059
641,3,71.55456881142345,220.35442378516908,6467.350103082298,7136.189030070639,-434.94817101373246,6867.832125489207,-0.0016726067968751623,-0.02587455994775958,-0.011480152931323437,0.013393360739972793,0.010235289545684494,False,-10.579310617782653
642,3,83.44269373653539,220.3837727262685,6590.981857071107,7344.693770374969,-480.45161857434096,7047.64686316737,-0.0014723662887685689,-0.026747376856809738,-0.012608518548932201,0.014122684759044225,0.010547821743364189,False,-0.2748086425266365
643,3,506.55730626376027,220.38377272631928,3288.486162296696,4499.395676937064,706.4550211200676,4214.230459472874,0.0023220405196427577,-0.018092501244091168,0.02423021788102061,0.015841851012310455,0.009566386986647723,True,19.91516561714775
644,3,421.4382483255681,220.38450503494175,6147.334452131497,8338.751166073465,1502.0799560108433,7926.672197577489,-0.0002523174280987584,-0.02908200594876626,0.03241704572124687,0.02169110297732758,0.009281244988385187,True,6.8949319614000615
645,3,409.55021070910317,220.35610051094258,6547.933777813869,8890.401862165678,1614.118412756002,8456.775634307362,-9.169039454007285e-05,-0.031170939276418532,0.034586560846848954,0.02324946183395719,0.009962457458270095,True,8.998012649602515
646,3,168.56175167520743,220.38450503502156,7704.031985687782,9311.555343677754,-733.9787929584913,8714.17386538834,-8.551332028551262e-05,-0.03437105102167971,-0.01740075163352673,0.01922423114772998,0.012301947886355157,True,0.45126054435218066
647,3,180.44978929170188,220.35610051102105,7852.187680362097,9602.07760017983,-757.5593302379698,8954.391022620377,0.0011546266366417191,-0.03649951382973915,-0.018564131125638927,0.020990838827401926,0.013577080541013498,True,0.5171840674581745
648,3,486.16033755444613,200.24862435852046,7654.477330476599,8080.581367715936,1585.901701749139,8341.429384082641,0.0012430607054154,-0.03310655456925529,0.09043505032016619,0.048369397339456485,0.03795987990468606,True,90.58048517517409
649,3,508.8085191898013,200.25541397788854,6794.075272755981,7056.747833742601,1365.163296141865,7321.481087389284,0.0016517882350388189,-0.029699705025698457,0.09737483214410016,0.05114873914567625,0.04218531229918281,True,113.7749749808188
650,3,81.19148081289235,200.2554139779112,8302.90843539391,9858.641785912452,-693.9143257985983,9258.523509628336,-0.0004125155779985057,-0.03636462362014689,-0.017878372465869038,0.020076044647182465,0.0134181808146904,False,-0.7705020162538858
651,3,103.8396624485223,200.24862435853015,8568.337120114616,10316.725995005047,-780.4971907088175,9658.238843236733,-0.00040457999319506717,-0.03783767281492226,-0.019424593398418503,0.02108643679533083,0.013564431876779387,True,0.8237389619891928
652,3,58.559052025635545,200.25477745096677,8055.90215004058,9430.983232492887,-618.747533417108,8889.008471887266,-0.00022862475759220712,-0.035182318142038066,-0.016999586589475365,0.01943416209556592,0.01354447926614981,False,-0.12164654306695866
653,3,216.11914808310223,200.273206406045,9016.833810266015,12291.871031766008,-398.9398596832486,11047.039700652831,0.0023019153592290635,-0.045452042664343925,-0.009675706971240565,0.02436216232352172,0.013003081364074581,False,-1.5039001858542633
654,3,35.89134692772924,200.27969947137422,7788.511488591623,8915.0071444564,-554.259168487043,8463.169483456722,-0.00055602149013643,-0.03326860374178583,-0.015750373281444782,0.018153424581024494,0.013217653575103343,False,-3.5876319902881733
655,3,1.8832121207860506,200.22813005527337,7337.137941100077,8289.44573307568,-337.0461649340363,7878.3562550437755,-0.00157562786531877,-0.030068204074887146,-0.008897789239058209,0.014924791057170298,0.011246127186264119,False,-31.268259224938447
656,3,24.565400844788403,200.26365724218385,7633.978224129435,8643.643250177782,-509.46475588955855,8233.071773421303,-0.0008857074844841996,-0.032076476000987925,-0.014467189223267153,0.01719130306777192,0.012765197936255574,False,-6.513694950057356
657,3,204.7924247125486,200.30201870447024,9164.344183077365,12310.860439039803,-614.8930941927898,11129.052401443956,0.0020941037972234482,-0.04558139315701073,-0.014398740527431583,0.024901188418474593,0.0135663166286549,False,-0.5726304777269888
658,3,227.43696142768113,200.27955766901178,8920.543491322409,12238.224455723002,-201.0324623272363,10968.129405150026,0.0019575352697135963,-0.04480404036248056,-0.004976779251608272,0.023512833130679152,0.012237217799328674,False,-19.363475472865275
659,3,126.0121875092171,200.37245443356235,8837.930815681508,10813.26320683833,-859.5922583072762,10083.92318103278,-0.000380038995517175,-0.039413628900085505,-0.020724790870107684,0.02209716100230818,0.013635311017414853,True,0.6077271369758819
660,3,193.46349147108504,200.25956093535714,9272.063128257294,12238.64309167626,-778.4417643584908,11139.837645633974,0.0014997551914390183,-0.04505893528680447,-0.017886650908065824,0.024938143173439623,0.013771049726833559,True,0.05899033043556301
661,3,170.8318264030571,200.25525878658695,9272.01927410528,11844.780953414227,-921.0620207338047,10908.217347222559,0.000520398565005414,-0.043281919025732425,-0.021338524244176656,0.024361730455979398,0.013947870337310162,True,0.3623558097449404
662,3,148.18364476741598,200.24854676286543,9101.231302542272,11340.20052883677,-924.114433676588,10525.43270778155,-0.00010136732729214249,-0.041292532131250434,-0.021814554073381485,0.023305508079246723,0.013849972876222269,True,0.48551627372762596
663,3,238.82353589830515,200.22606262701277,8926.198711528481,12334.576252836938,-108.8241188982238,11034.194315217614,0.0013926152473384276,-0.0444456845501784,-0.0020235710226853497,0.022941472097551215,0.011420055258795922,False,-29.10369426423017
664,3,463.98781249404783,200.3724544335495,8430.892737475288,9083.131253099456,1789.5076558138987,9306.521012021854,0.000735081704870158,-0.03620098028578403,0.08434818913843906,0.04604044332516613,0.03423075247140601,True,71.43934250867505
665,3,396.53650853236485,200.25956093536152,9944.86598960431,12002.288411625219,2083.9428557163214,11688.566649615394,0.003378652751994661,-0.04782164041448447,0.06745573041273054,0.04234307967616547,0.027107620823801113,True,28.955267974815342
666,3,419.16817360033457,200.25525878660065,9710.649794193692,11080.564859741819,2099.2781055015967,11076.870399816573,0.001537820193422535,-0.04364002986764196,0.0763933065077129,0.04437616312650688,0.030005519394805724,True,45.849498832531026
667,3,441.81635523584737,200.24854676286796,9156.837535746241,10095.313752104434,1972.173148775197,10246.476774741877,0.0006711505194595085,-0.039656756877357126,0.08065404064502707,0.04508717774316744,0.03192818580809665,True,57.61460887738804
668,3,373.88085192070395,200.27320640608104,9751.409991878,12636.159581381487,1823.5724495795785,11896.150740116986,0.004426305765740617,-0.049761134151591106,0.050039817783679455,0.036879065906752155,0.02152174152048034,True,7.60862933231374
669,3,351.1764641055579,200.22606262675455,9431.841693335022,12913.496934071312,1417.7390055191163,11830.043688346432,0.002972392444270323,-0.048221703164768155,0.03194077792979441,0.030170551536174373,0.015256831595503359,False,-6.543850479538378
670,3,362.56303857632906,200.27955766888908,9587.086970260109,12835.925327627434,1623.5071713755287,11896.277137766807,0.003921468310345105,-0.04932806821356739,0.040031805794132694,0.033309377865515015,0.018095603981951567,False,-0.280378439334072
671,3,385.2075752909561,200.30201870446353,9891.191008128493,12359.47340781751,1986.710732504181,11839.906623160685,0.004186249903006433,-0.0492438453452971,0.0597832681047305,0.040089943325991605,0.024697136066690623,True,18.21784826427438
672,3,588.1260659089268,200.21654702136416,4087.083739305282,3746.551149319046,490.6796221556965,4018.7971086503844,-0.009679925985505542,-0.006183184663958729,0.07224604425335066,0.03616530834282667,0.03315373045887957,True,78.1113473892056
673,3,565.4345991573174,200.26365724225457,4672.598702315744,4560.437594210024,771.9280083714553,4807.212648634773,-0.003809112430769224,-0.014887786069695466,0.10378668236815446,0.05218815106560593,0.0470658336043663,True,143.1540036672476
674,3,531.440947976736,200.25477745091254,5920.997565023356,6057.810970898062,1140.2819295888357,6307.75162422608,0.0011853314939683048,-0.025442418779209174,0.10491182598020518,0.05411914706254977,0.04659792316292601,True,137.47789810782626
675,3,554.1086530745551,200.27969947132874,5058.711519205083,5045.172250087419,900.0175661529505,5286.998122550352,-0.0013216541278994447,-0.01913871050491788,0.10800928578063111,0.05473448024961938,0.0487635407105157,True,150.0843668627142
676,3,640.0778537919429,220.13777363702275,1060.764827815643,849.9419261798045,39.351219238081804,975.0283853294434,-0.007192455067286042,0.003323273890445261,0.003332476466555297,0.005515567851831159,0.004804169512267854,True,6.684186265952519
677,3,-50.07785379176148,220.13777363702647,5544.5802755265895,6236.9950132478725,114.18198369781987,5924.531228226331,0.012543306098311925,-0.0364009960580802,0.0004994208413568006,0.024473425050210034,0.02292687575593874,True,92.9843707964231
678,3,615.0919259687474,220.54279166022218,1130.5652051834077,786.7531368464182,23.101421138120802,1004.6310202743203,-0.021554104713187076,0.017671535070576692,0.007692072333753413,0.019986362808383156,0.01890635859022939,True,59.31586628562566
679,3,627.4855502503068,220.56842678987005,1065.1387861302128,789.0419073134902,31.95854917393807,959.0269404193002,-0.014194338227325564,0.010439622323102067,0.005881667413188988,0.0126631949361071,0.01174742481096895,True,34.494228677186086
680,3,-37.485136224929825,220.56894367424638,5405.478538714468,6130.228389661633,-216.1911233782348,5813.97421302027,0.014534831394103817,-0.037894637924065416,-0.005266131470841453,0.02634663827537128,0.024675073009866877,True,180.1585614937259
681,3,-25.089441817547794,220.5458929664013,5379.818484977615,6079.4872664249515,220.50749755974175,5774.248440123715,0.01279978122387672,-0.036004875370466906,0.0032696967548818488,0.024457030799755176,0.0235577411548346,True,181.96648238264063
682,3,385.58890909474775,213.5624643271287,8310.743864759623,10798.536347667807,1974.4264689933595,10374.394477855718,0.005782032981357638,-0.04447832541152319,0.05780006135345495,0.03829801143089541,0.022859637835453472,True,44.11589302764287
683,3,204.41109090713573,213.56246432703438,8440.486996774607,10855.35457770647,-740.1896136008545,9954.883554527025,0.004925265956765713,-0.043999345145089894,-0.019081838573771624,0.026257066357569785,0.01693426873544838,True,0.4737300907690951
684,3,53.850284004703305,223.63652938137804,6089.730871645869,6417.432433762881,-379.1843987052739,6294.375834589611,-0.0019140143877814917,-0.023412991305671208,-0.012893686632560604,0.012534484068905935,0.010428857443845465,False,-14.901189630162605
685,3,536.1497159954062,223.63652938136158,2020.8303868294981,2803.2676559705924,431.91115601517595,2614.723366211757,0.0013147551357875768,-0.011083553672457747,0.018203378754766537,0.011012277913698184,0.00714106703513646,True,7.025269421127405
686,3,391.8524624791935,223.63840704838887,6555.377989237852,9245.211248531925,1666.7681241385162,8727.852268812621,0.00011445988433140022,-0.03211065309081523,0.03324058119405737,0.023148402452327483,0.008852663805018582,True,7.024955493162452
687,3,198.14753752133444,223.63840704837764,7770.60800597564,9558.006123908024,-737.4256050143945,8893.688802087952,0.003564838983812498,-0.038655282596826934,-0.019386093107309127,0.02322907269053822,0.015797836796707022,True,0.4667295704321077
688,3,95.5614895757376,220.50925495880233,6717.8518166666545,7582.828828038854,-511.2472947738575,7243.799212937658,-0.0012203591637728903,-0.027738519141755787,-0.013398431710997092,0.014855392799688488,0.010838031976331647,True,1.2007904744593816
689,3,107.9008841238064,220.37004694257575,6878.635014834011,7871.989218863212,-544.4038290242014,7484.9462148434595,-0.001216572426359693,-0.028653441646877182,-0.013773424262287778,0.015349991926160397,0.010852152399627212,True,0.4807267210936743
690,3,494.43851042453963,220.5092549588544,3640.8256114851374,5021.404799865019,798.8243066599885,4701.320975545389,0.0021399312636831377,-0.019680947846667192,0.024709480473120916,0.016482636245455907,0.009361177359674582,True,19.339501092294313
691,3,482.0991158763365,220.37004694266852,4065.9641057185486,5600.8972193647605,910.1537347136527,5254.922090722491,0.0017930390739957314,-0.02136843325728943,0.025855694251212247,0.017356344126608705,0.009330483722300246,True,16.52329138814639
692,3,445.90026473038847,220.3705052738793,5314.454544002604,7253.887096761172,1258.7482352903405,6860.407657661717,0.000329342607606359,-0.025780234430153003,0.029190713575384525,0.019581928991616412,0.008922875768111578,True,6.47856306669496
693,3,433.5583921164682,220.50983548926092,5717.694594799614,7776.885538641797,1379.4253720323532,7376.622995849044,-0.00011549351950027631,-0.027211031250718595,0.03043549557812472,0.02037454021585472,0.008857792678271673,True,4.780817891972902
694,3,144.09973526989702,220.37050527395377,7359.2503308054775,8706.23521321938,-656.302692638183,8196.214511559529,-0.0012592242015649052,-0.031273384025085414,-0.015248229201973367,0.016832693513723122,0.010938061059085407,True,0.37929047730017373
695,3,156.44160788413095,220.50983548935073,7524.292134407443,8991.894254737506,-696.2114707970164,8441.897087393936,-0.0008844424924925766,-0.032560834945525925,-0.016183186752831164,0.017785453131109692,0.011401748552581888,True,0.34122026875320444
696,3,652.9279630295102,220.40135336617502,993.5142516444715,814.8422572242102,19.462321478303963,917.9419496114618,-0.0035228974839345496,-0.00013902444652453592,0.0008495969973013075,0.0017444491817715608,0.0012779544385622182,False,-7.273777414084449
697,3,-62.927963029213466,220.4013533662089,5605.135196195457,6164.129708420463,-57.09790380274333,5905.339597274255,0.00674343399935916,-0.030576195431206384,-0.00486336720853159,0.01881759204467826,0.01706969020192001,True,13.29404361630327
698,3,542.4343968404842,213.55517075861624,3384.3586209428663,3817.7292937551597,650.3388686576153,3791.7274585682944,0.0006963466612791012,-0.015280574688542605,0.04153955507369558,0.022253070864146914,0.017642038648647936,True,22.87884309267679
699,3,47.56560316077806,213.555170758677,6785.592922988428,7498.905764065276,-457.8146534656236,7212.6361243880265,-0.0015962761510577227,-0.02732983369022605,-0.01253502381303999,0.014312082357357776,0.010931465500324802,False,-3.9333880135571917
700,3,274.32507171642095,223.247479420296,7131.209664746805,10402.920378719808,212.32501684451867,9220.8862416027,0.00889865429434862,-0.044405267632368524,0.005412520733579332,0.026789006483355176,0.015664009311219213,False,-13.983836915814209
701,3,315.67492828376254,223.2526664401048,7119.889668896732,10265.094935030642,1032.4913795125458,9283.14466603793,0.014199406989910696,-0.04940400081286365,0.031132726165949535,0.03540706187559911,0.022872429397239404,True,13.835246705168856
702,3,-106.11184364730424,223.6530658443263,4798.857615038899,4389.077692494954,-57.17630741774048,4608.718464273629,-0.01118026411130169,-0.007425304886454377,0.0019128668615133145,0.0021070582817130225,0.015448029574152677,True,280.5248411526385
703,3,696.1118436475011,223.65306584431673,442.4517587977319,414.82213955713036,3.8094688345282095,429.3550014301393,-0.0011592358783924876,-0.0005767437657761169,0.00010851643248306446,0.00029625701568871505,0.0004757595165658557,False,-28.287809485405333
704,3,379.7101255392945,210.19726368482088,8739.305475112918,11422.134163967581,1959.674542938279,10887.61049785943,0.008985835304928923,-0.049812750574066915,0.06289360199907161,0.04304903853103828,0.027313147502767737,True,48.62337091743893
705,3,210.28987446328725,210.19726368470174,8575.354753778765,11271.424009506896,-642.8679827498663,10255.003004543594,0.005516556468241731,-0.045706283463895186,-0.016634109559208573,0.026928019475729523,0.016986703114522873,True,0.23963758325430717
706,3,457.99925026268085,220.82474862551487,4822.130988240136,6643.789670578301,1124.7204304819095,6257.048229398077,0.00077177327229715,-0.02399026260640454,0.027195902678155883,0.018390048554434515,0.008658187882470785,True,7.759297388570985
707,3,469.999250262678,220.82474862559368,4400.636100403663,6091.417898837074,1005.2730767978743,5718.092205883459,0.0012899439464448164,-0.022536353294907274,0.02602601903266129,0.017642605440535915,0.008795637234624227,True,11.280961341402644
708,3,132.0007497377253,220.8247486255142,7150.090393787348,8362.867790640144,-608.5311252154733,7897.912386178692,-0.0013487719060742117,-0.030064968417391487,-0.014407379613748128,0.016063876629033507,0.010721981861000535,True,0.560870272627426
709,3,120.00074973771397,220.82474862553394,6991.621324189476,8087.870984475766,-571.7383630330554,7663.533703672415,-0.001304986951502197,-0.029230984973544906,-0.013937564179546426,0.015605424223536099,0.010723996735237855,True,0.5138688982998474
710,3,18.63112246730963,210.17974158816057,6756.0990489718015,7232.874190745845,-381.84500618418065,7037.808309657754,-0.0031679819587755744,-0.02515968885165268,-0.00977348046475919,0.012032831051515348,0.00966831148945539,False,-43.736236109214644
711,3,571.3704238721597,210.17781108261624,3308.0162856891816,2997.2922210616375,494.9344631374259,3278.1887213800633,-0.010055674807493453,-0.002712574918676969,0.057992163753318136,0.02922760755163174,0.025837455484957236,True,56.4849415370669
712,3,47.22377768051283,200.30120753185193,7917.030238506149,9146.564294728261,-594.1270888554017,8659.349922964753,-0.0002947189075004765,-0.03425906002229921,-0.016758145631953388,0.018936815415904584,0.01355578176276758,True,0.0870699010217777
713,3,542.776222321752,200.301207531847,5478.42483850984,5548.424222239951,1022.1711194183987,5791.029820295417,0.00030355933166662695,-0.02263292867968496,0.10747140962162723,0.05494585145476059,0.04818461504925239,True,146.3267711471093
714,3,583.7927564809623,223.6300387088082,904.964196148829,741.1935552815885,170.8944588019825,886.109023147733,-0.020260219049388416,0.016926749602741833,0.04355574108102168,0.028635525220656936,0.027592191369679043,True,53.33387669359263
715,3,6.208757296015693,223.6325132751966,5120.569824240541,4712.615907120188,-25.0942257966524,4929.461873900075,-0.01711869049223588,-0.0027935106137695746,-0.012659340030750265,0.009558630505524471,0.016326499073490347,True,174.06289223127726
716,3,-76.63941631466228,200.2002773224905,7004.595838120869,7966.769695615741,-0.11192145055655789,7531.91744662694,-5.928901767948531e-05,-0.030257726188137157,-0.00031930361963470157,0.015100062602019166,0.01185295390967271,False,-6.970553360796146
717,3,-53.90395820726389,200.22163552878,7015.532091404442,8021.566707685049,-22.12509497000849,7568.958506277009,9.766618607242695e-05,-0.030547791254228657,-0.0008725932706333694,0.015328938977806485,0.01193083057031738,False,-0.8518360897263619
718,3,-31.67541609711654,200.45872592889134,6978.793801092116,7986.50557584266,-18.720572150073043,7533.43945389582,-0.000670262539388638,-0.02963446869890429,-0.0013711563804463826,0.014498321525874668,0.01109537075397366,False,-0.4925300625471323
719,3,-88.03797468320424,200.25216290874417,7018.40538625134,7983.011082729853,4.399349866628867,7547.087530567795,-0.00012193666902109034,-0.030255931680665833,-0.0001319264787810881,0.015067141898495826,0.011811847476825085,False,-8.268426479257812
720,3,-121.83544303782014,200.25216290874422,7074.899166328069,8070.581007261826,67.19756230837557,7622.563591441245,4.227877512132748e-05,-0.030711876126640877,0.0008829078098076103,0.015383412900931669,0.01201665872494354,False,-4.4261377196544345
721,3,-99.37675808693002,200.26452746485526,7022.302906570595,7975.594782914384,14.450852550806664,7544.298132272502,-7.537591552637367e-05,-0.030295366905680715,0.00010205051494316851,0.015110081648957177,0.011892730225811407,False,-11.285363370024925
722,3,678.0379746839955,200.25216290870324,2908.590530379825,3329.8263796970564,117.96881318900871,3147.1083615283205,-0.0006614360944611205,-0.011971358148444565,0.002987000473712625,0.005848856911763626,0.004290680328183367,False,-6.100837997803637
723,3,711.83544303818,200.25216290870267,2834.2783803385623,3307.9885092893796,29.07638242989331,3098.82201951056,-0.00025856779065831174,-0.012179522660838273,0.0008487530030457367,0.005975565803274333,0.004367726644302596,False,-0.5461994422870191
724,3,689.376758087552,200.26452746485214,2866.7005728203926,3319.0349828786425,76.78541363087668,3120.412457415088,-0.000474116255917579,-0.01205199824437297,0.0020156589114055834,0.005876015490656242,0.004290496253817946,False,-3.6667354496367466
725,3,666.6394163155506,200.20027732243275,2985.8559744875,3343.066791927968,171.5735932505322,3193.403829080824,-0.0009273169560693573,-0.01188875164592197,0.00440877527240397,0.005907418003291814,0.0044025143070885895,False,-8.873230734483855
726,3,643.9039582083977,200.22163552875483,3194.0235099330944,3303.988172054191,261.68592955709136,3281.851109081861,-0.0017349741507873475,-0.011423499505236911,0.00929796272968262,0.006714157327363932,0.005330223885511679,False,-7.028133433699907
727,3,621.6754160985219,200.45872592887022,3383.2670743050453,3230.456243652596,266.75713786437615,3341.605228913562,-0.003549152240618627,-0.009843637478245602,0.018714994672812055,0.009872582868860705,0.008425720298351973,False,-10.565879393521413
728,3,233.46344759751537,210.13603773212023,8260.294804936924,11175.930926790892,-153.13133272277148,10044.290208130624,0.0057902418040022,-0.04514859891075102,-0.0039996239025568096,0.025547810496816085,0.015661517617002216,False,-25.486136820838965
729,3,356.5365524056486,210.13603773162822,8548.895218316698,11832.029992512047,1643.82818077334,10956.106600212071,0.011935377965237868,-0.053206751517166084,0.048253093374570795,0.040533498657645294,0.02513867893231238,True,26.523810991707705
730,3,-143.21411203599607,224.68717272268916,5053.917879153612,4414.821749598658,-32.37722701424195,4766.941922330543,-0.0027773735970938957,-0.01639682415112943,0.04609873808294481,0.02403426245089375,0.04810123291816368,True,334.8944473326943
731,3,733.2141120360212,224.68717272268506,298.92943638149114,285.6788916715977,2.6262074158369413,292.56469011957273,-0.0007197328943067046,-0.0004640989700007966,4.576702860892932e-05,0.00012984926276622563,0.0002892552716380242,False,-21.487804207746112
732,3,30.203583214566397,203.54335671355807,7421.855504621082,8359.901828628275,-486.9495094134531,7977.297398557611,-0.001242238253867522,-0.030715820345962437,-0.013761482946523369,0.016263997465467337,0.012116789217102167,False,-13.915226060422356
733,3,199.0154098526032,203.5615796398274,9042.807021777078,11928.967978121747,-732.4460123299436,10854.064305317881,0.0026648160330458425,-0.04513266040784097,-0.017419012686299546,0.025436296689389525,0.014651049130184996,True,0.01625370323995412
734,3,210.40524367974845,203.57522511051525,8909.806884041887,11965.648375336974,-545.5013396263711,10809.37087073642,0.00370523880847203,-0.04597803570871423,-0.013533280040026352,0.025746734916256203,0.014853884177351595,False,-0.7407911604666424
735,3,221.78395761001775,203.55276407505679,8756.24361509338,11919.245238526106,-315.4597117071429,10708.451745025774,0.0037903177561614326,-0.04565818268474091,-0.008136723457050523,0.025056737938478922,0.014185023914513354,False,-3.9312116458929722
736,3,233.2225226403813,203.5056202960246,8713.570235473691,11888.5162298183,-146.96636860880278,10664.731622108533,0.0025395249948411487,-0.04425875008705746,-0.0034307848192702676,0.02346193105392855,0.01270576914974892,False,-43.0269601172306
737,3,356.77747736346646,203.50562029564364,9209.74299737735,12556.156222298681,1564.1083953645018,11583.469192412473,0.005830737828804929,-0.04990668374864891,0.03920262515079654,0.0340716377021148,0.018888333154633227,True,3.1762144559206718
738,3,379.59475632363956,203.57522511054455,9470.946276067023,12182.687697709463,1926.2811028598642,11570.082060325476,0.007012759837179777,-0.050861368634077184,0.059768763492329645,0.04159843697697545,0.02601873605062174,True,26.91605436249165
739,3,390.9845901505005,203.56157963982506,9525.894528677527,11818.709640855644,2040.7117191388277,11416.404670664891,0.0054802091804660846,-0.048703032623770764,0.06639849658395093,0.042850274331167774,0.027424208434114295,True,38.18300986387658
740,3,368.2160423938126,203.55276407497013,9331.20988390086,12421.668039028104,1748.0732918233155,11602.904976326614,0.007438461495855048,-0.05148803928978621,0.04992344106355982,0.03861567836535735,0.023153818370797833,True,14.077684765297363
741,3,559.7964167875216,203.5433567135833,4468.716374466513,4368.220258011156,754.026029384005,4608.264599894326,-0.003695335075266704,-0.01419946160550057,0.08537769517238344,0.043010718161615225,0.038022909509406344,True,102.34276894882044
742,3,227.6957474910524,213.53991308723997,8113.27875820737,10860.694502397788,-301.24626056307864,9794.712002178452,0.009240646612672323,-0.04766294246539775,-0.009225400282253814,0.02882328251749644,0.019361760058503565,False,-2.6943500528393542
743,3,362.3042525117191,213.5399130869239,8246.343962180496,11456.366700323213,1758.6963749736572,10679.720275604868,0.014881320605370861,-0.0547793096969409,0.05765607484422181,0.04521290297182283,0.029397770609897872,True,47.10936953603232
744,3,576.7745572301255,200.29595986313925,4332.3416495615165,4103.872120626893,632.9857173171044,4362.74995768726,-0.007100016341340704,-0.00998331654329084,0.09207084677999715,0.04605799129043807,0.041927018391555985,True,119.77983031904978
745,3,13.226989109753896,200.29789036878898,7487.307575821644,8433.97044612639,-437.64951596794435,8038.5640945403,-0.0013476305390129491,-0.03089295745543183,-0.01195687467029931,0.015936539731692945,0.011967485804659485,False,-20.326418878880645
746,3,362.137838409287,220.26035541803483,7601.914166072466,10736.650042021654,1839.6617481015055,10079.619392856734,0.013034047001984217,-0.05016963952337481,0.05634841881763603,0.042337484259352166,0.026275289165127377,True,48.8920939961331
747,3,227.8621615921612,220.2603554182282,7820.494413079836,10204.590151802235,-456.488706336399,9279.762851407962,0.012447990363480708,-0.048948786607366936,-0.01510966291395854,0.03161434063752343,0.02310254450197849,False,-0.05233462081582729
748,3,52.99801957845322,203.5559849828187,7697.223327608802,8887.31296634913,-567.4615576098864,8413.678380510804,-0.0004207597774927425,-0.03316292621777209,-0.01589581630703995,0.018198395803408828,0.013022683225305485,True,0.17962232194838634
749,3,41.59613726541884,203.58090700322614,7565.634782878347,8607.534804823164,-541.2308027720716,8190.592940412961,-0.0008961550203081664,-0.031854513394787405,-0.01500298454195168,0.01720108643668133,0.012567258061420445,False,-3.424424544236558
750,3,537.0019804235932,203.55598498275955,5157.789645874306,5370.285687348798,970.1203629226387,5528.775545896976,0.0013095644341076624,-0.022628916983884476,0.08468391282689676,0.04400118175763296,0.03755128669497013,True,92.04094170390499
751,3,548.4038627366843,203.58090700317575,4787.65571440588,4857.1077496913895,861.3755756730485,5048.2558280656285,-0.0005236393559463092,-0.019007006658850654,0.08588890138810194,0.04392760592301034,0.03822370317060652,True,97.99990165935105
752,3,30.152615673778058,210.17318746959018,6858.1870232677575,7553.443820953899,-388.6502228313812,7262.193841787583,-0.0018160448377327455,-0.0273675076218161,-0.011426089431484989,0.013994934530953419,0.010877357997769545,False,-38.972844217386864
753,3,221.80181871625496,210.1827020571894,8399.20442428371,11243.735698605438,-421.15782579304977,10151.941417210703,0.0069329890389289274,-0.04670994278777947,-0.011523588678357717,0.027433361218564066,0.01747096773251558,False,-0.8240562083078657
754,3,368.19818128702053,210.18270205702038,8684.531677540146,11679.408751223993,1845.6305263244194,10982.647225533703,0.012031543274003693,-0.05326852264225106,0.059643794478082754,0.04421956814694992,0.02846190875366275,True,42.78160311082138
755,3,559.8473843278755,210.17318746961885,3530.1893233606606,3482.3552376148004,596.5728691656494,3655.5928307744553,-0.00398939571428626,-0.010211007021689053,0.05468250067411805,0.0275176503686058,0.023557908227225005,True,39.25000559397324
756,3,582.6221421252453,203.5125068845034,3969.1068868616894,3500.072560132669,505.8875729023316,3857.4501956395216,-0.013379020912535141,-0.0017460674676284356,0.06891977249039023,0.034947319804165655,0.031574576387429894,True,88.43407977887153
757,3,571.1964981583639,203.5596171053938,4192.484316671125,3906.147647802001,638.4216591965086,4204.901673611933,-0.008305817106911412,-0.008093912621146684,0.0805029661815688,0.040251622537302446,0.03602051013384163,True,100.19294538500515
758,3,7.388682242332625,203.52602042406235,7125.894879452084,7918.970449247624,-343.9840408591162,7577.182516960367,-0.002215393422867591,-0.028250458867749326,-0.008992198756651719,0.013772111958577775,0.010568570194691174,False,-44.63062488553908
759,3,18.805048181462997,203.56154761097284,7270.205174085095,8094.7912269486305,-436.3739389658381,7752.548088448295,-0.0018889531491130232,-0.029225164562980282,-0.011806059274933303,0.014888346869841572,0.011282120320687178,False,-22.42238318625982
760,3,702.3618436475011,220.52237372365622,744.781518671875,794.9950407595629,10.881611804403834,771.3457331316174,-0.0009201212337414594,-0.0021979262991072062,0.00024072300083045786,0.0006501410132046702,0.00047180464852231407,False,-37.84029852333712
761,3,-112.36184364732122,220.5223737237039,5559.131307559543,6165.896482070747,57.70508228226171,5886.8651911874085,0.00809593646459541,-0.03183911773859676,-0.004800464490023844,0.020111271799241565,0.018782102957831063,True,44.285387744291086
762,3,47.776424637099154,220.25396322682505,6294.745934371337,6723.382762300025,-398.13792091164987,6556.009247299055,-0.0021782431621323825,-0.024183467448627163,-0.012047869847098883,0.012543734130548748,0.010155022701932056,False,-15.376765747347292
763,3,542.2235753635047,220.25396322676923,2360.1615194753713,2964.883795984452,488.0514299520796,2842.160493627991,0.001011277162022759,-0.011794493925828913,0.025660513368866,0.014339192092898823,0.010492558806916713,True,11.231932551975092
764,3,683.7597945590469,223.61635925283167,464.1794347449766,417.585117018517,1.2421169490098254,442.73025939448667,-0.0015500138580482187,-0.00023555935927286,8.494265458833608e-05,0.0006585981103676378,0.0007085542696161716,False,-21.67336391582988
765,3,-93.75979455874567,223.61635925287817,4825.0207624014265,4386.616611365281,-16.686761348465552,4621.531106699498,-0.009877510151041683,-0.008776055530835894,0.003923653411833606,0.00203766155044,0.015625970479721373,True,284.3772040366926
766,3,548.317384551492,210.1983408485834,3770.5001559284115,3993.3796419995706,685.6068073984387,4064.09693673826,-0.00044181009572937744,-0.015280046495074763,0.052297999700833674,0.02718112411284372,0.022536450417272397,True,33.676648493888024
767,3,41.68261545019781,210.19834084867318,6998.222215466307,7777.301538940302,-471.5479298630989,7463.3317860679035,-0.001548673046924918,-0.028371762555748466,-0.01297129195275078,0.014897420462296963,0.011277218062438227,False,-7.384034033912258
768,3,660.156612780267,210.13201980831244,2006.9168939720014,2082.906965561672,109.75431804927094,2054.7831271765067,-0.0022550288824914333,-0.006026864433064254,0.002433733703812948,0.0022444266061535665,0.001697988772799714,False,-59.542487218227976
769,3,-70.15661277957265,210.1320198084263,6155.8519807259245,6761.735417237714,-6.1523322277353,6480.081068440601,0.00033584746194546177,-0.02649396194282183,-0.0006185482866385358,0.013418469311727054,0.011373254819760212,False,-9.146494364339503
770,3,267.45007171642095,220.25995696936317,7399.7214521134665,10602.835566647978,102.40728498109338,9420.691672193634,0.006817497904256774,-0.04327267586724871,0.0029019026676385647,0.02508708107548616,0.014256105557102572,False,-33.780623951033704
771,3,322.54992828376254,220.2651439892103,7399.464783844659,10521.872778035833,1163.6308533876502,9574.32864759853,0.012106139287812132,-0.048396847850620116,0.03352561766025488,0.034585323810016916,0.02163827005178411,True,11.960258747491707
772,3,-82.27232770709826,203.45244023123473,6738.684201542002,7571.832776045611,4.624490808745834,7191.549944872774,-9.23464407116765e-05,-0.02888645043890326,-0.00018646516505363086,0.014397353874205938,0.011585850150577387,False,-14.116512948109005
773,3,-93.74384669449405,203.51669037359943,6743.584018335999,7572.3261618826655,11.948630508112652,7193.876530543383,-0.00012489683136898534,-0.02886482128357382,2.4177930356567104e-05,0.014369967311121114,0.011573161884106216,False,-15.73045081015141
774,3,683.7438466951879,203.5166903735554,2541.7126859728933,2913.945947720853,83.7122681686043,2750.635238311092,-0.0008180754511825981,-0.010229633282047243,0.0020951410460736445,0.004820970773782293,0.0034832513556720436,False,-11.119067945215392
775,3,672.2723277079147,203.45244023113597,2602.55897844098,2929.47205203334,123.65067331648305,2788.702998856593,-0.001151583037970269,-0.010050779798740233,0.002984971773593487,0.004693233413011984,0.0034106287863742307,False,-17.453766277070542
776,3,283.52716244917485,200.15863075721992,9020.7919438964,12884.036839186077,400.324625434502,11472.996830033719,0.0018267846801961207,-0.04618406296593815,0.008571846127463745,0.024385026336530946,0.011081244226848473,False,-0.8360037159973217
777,3,261.55953098732437,200.22928124275123,8999.533439449015,12734.872276796586,79.3237145974443,11339.291948222904,0.0012861699597270205,-0.045298341535124374,0.002385249190000585,0.02332276851551044,0.010705961883119732,False,-12.54760049772267
778,3,328.4404690164874,200.2292812428049,9129.298361725458,12572.553678035161,1167.4320701935692,11433.428785121116,0.001689623190493327,-0.045635873571008595,0.024684329709589125,0.0266881002365035,0.012843317969419637,False,-0.47614809105152744
779,3,306.4728375546415,200.17855721082324,9045.354323833408,12755.635989037755,808.1172471324347,11450.09159951037,0.001930460632993942,-0.046077466016558065,0.01687382641418266,0.025443501326688187,0.011863613456159652,False,-2.122337809990995
780,3,295.0000000019831,200.24496535943595,9016.869962107077,12828.14697821939,603.6509156375147,11458.13025474912,0.0020553077893499115,-0.04629146709351102,0.012678581360784986,0.02499078363565295,0.011535532698528044,False,-0.7348738703365143
781,3,-133.3887589709626,199.89614100834333,7049.777684221345,8033.151508708568,4.470585899184136,7589.401575695159,0.00038208212067932906,-0.03092501373636241,-1.521704980031528e-05,0.015653549777611183,0.012334730315506517,False,-0.48337007564600754
782,3,723.3887589711609,199.89614100833492,2866.1987096567286,3349.3005444302694,14.631474140938153,3135.887517365186,-0.00019707104603612166,-0.012389314943490055,0.0004559188106721704,0.006100382635887019,0.0044675626383766905,False,-0.11615262238433388
783,3,75.84194084576855,203.58988129126817,7955.434722647232,9344.26130649604,-635.0583586592444,8802.067796370444,-0.0005276063639401926,-0.03450427809507495,-0.016637910222834625,0.018915828547200864,0.012945151709899143,False,-2.664529199247795
784,3,64.47533484338369,203.58924476432375,7828.851595355983,9133.376145643762,-596.3940718887493,8618.160382475202,-0.00040548070218998097,-0.03394303047333451,-0.016211930258098486,0.01862521092058722,0.01302183876076807,False,-1.9221711103032249
785,3,514.158059156469,203.58988129125518,5953.288017275288,6372.638015282949,1187.930748675056,6507.498931739367,0.002447536638681776,-0.0274075368546122,0.07995182010143308,0.042672060387394885,0.03473761719119705,True,77.47538459732846
786,3,525.5246651586757,203.5892447642792,5546.938741624348,5869.822691094342,1077.8172966457014,6012.393143446973,0.0021688212902998038,-0.025287763191555145,0.08231736794688005,0.04338782403253035,0.03620356247014603,True,84.35288086643357
787,3,402.4560028640747,203.5951814356324,9455.279598318331,11360.260509844948,2081.8851930554206,11137.59981211344,0.003715084650930708,-0.04586655336996135,0.06972213900064238,0.04277708351342943,0.027752100868455653,True,45.71024799555971
788,3,413.8218451472446,203.59087928687154,9271.874158812272,10873.16093792249,2060.5196607873863,10775.709864846855,0.002365845913883603,-0.04315954198477148,0.07084120721073789,0.04210414938695981,0.027643598127891047,True,48.89939383689034
789,3,187.54399713889563,203.59518143565833,9085.808655102694,11773.60700792366,-840.4968503069243,10785.00372303715,0.001723920954896756,-0.04396423767252513,-0.019725495625322987,0.02488223772306814,0.014396273603682355,True,0.16675240023437254
790,3,176.17815485573965,203.59087928688814,9060.103984582174,11556.676174423199,-891.4018387056404,10645.250221091494,0.0010149165058231657,-0.04276389632780905,-0.020946260235870064,0.02426587249096451,0.014181943996094485,True,0.26358088987626616
791,3,700.7732409363454,200.33984401620182,2836.4534775848865,3302.324908034357,47.75854918748352,3096.8968010380586,-0.00034277422084425104,-0.012088252010034722,0.0013265954872080693,0.005910078343030816,0.004314007523182255,False,-1.6476130713591886
792,3,-110.77324093587764,200.3398440162172,7047.382703952667,7987.734747225405,48.92252408973497,7562.01467247553,-0.00013290156959782387,-0.030313211269037785,0.0006201895754690094,0.015093340656259883,0.011916484362169799,False,-20.199026165346368
793,3,-137.0661213321158,221.35484983655826,5279.294523532745,6196.27059487176,264.23602321944315,5810.528767775122,0.02912497713051178,-0.05236299649528093,-0.0043276119516252945,0.04080140337917845,0.04887908528406668,True,291.0713805009491
794,3,727.0661213321813,221.35484983653683,627.6891845233928,693.9774549039588,5.06257444651306,663.3801071153792,-0.0006489034193906582,-0.0020274715254497296,9.857226184359396e-05,0.0006910438686958045,0.0004658228346746602,False,-20.824776315405103
795,3,695.5128975232815,210.25743732537072,1805.101461203275,2066.6741102662495,38.95437229735293,1950.263837631629,-0.0008593896570001526,-0.0069809558752256355,0.000988040181266356,0.0031003949895100583,0.0021902803024175825,False,-15.64047436872832
796,3,-105.51289752284163,210.25743732539877,6178.41219732121,6771.489595702074,-6.223587829932941,6495.299139510513,0.0002920921623772975,-0.02651564329324945,-0.00014091402665434888,0.013404052904082552,0.011402272604763135,False,-17.347525602380983
797,3,385.79905532412187,220.26044562266517,7300.873882719483,9962.769943286849,1822.2823147098063,9475.48183573068,0.002169416923777944,-0.03712829567144079,0.04205001716050077,0.02877722258321163,0.013782621919613968,True,19.569927087780798
798,3,204.2009446768735,220.26044562256413,8029.957076906178,10068.588158486682,-744.5643278155684,9309.644221947814,0.004882079567953322,-0.04153163366962388,-0.019726063782831104,0.025215820276486993,0.01702844857031928,True,0.3556180608197792
799,3,69.96691573031525,200.33446731335698,8174.6662087893055,9648.553293617144,-650.3962754148331,9072.76648311184,-0.0002968370019154532,-0.03579518249045762,-0.017312332920677884,0.019747464416857985,0.013468325249876817,False,-1.5930311837627187
800,3,520.0330842721064,200.33446731336662,6349.2890192299665,6549.950452723614,1252.009182363294,6806.641938212714,0.0015893939143864018,-0.027710353845092406,0.10069294652837825,0.05243458948856167,0.04419959347250785,True,124.69559841390583
801,3,577.6375682711177,220.24823268603063,1555.4288215229528,1430.3663580562916,267.6680698380745,1566.975515207065,-0.01283410071276983,0.006787865474121845,0.04555951324421374,0.024802675279539946,0.023056853712255642,True,35.32060102702684
802,3,12.363945506222079,220.25070725238433,5750.3243460981785,6147.11943407722,-235.8792294133792,5972.628727335874,-0.0006322657432109132,-0.02346005791164428,-0.015536092979681403,0.013806504629688986,0.01216923364066999,True,11.11196543153136
803,3,407.94481078933035,200.3356205002709,9873.413834065053,11550.663937509538,2118.478202632929,11415.844371216703,0.002355669492127225,-0.04573942697956579,0.07281167358302122,0.043631061511788506,0.028756291499675346,True,38.578089670229474
804,3,182.0551892139691,200.3356205003012,9297.570364115265,12058.466603836365,-875.3438750403933,11046.975625831757,0.0009464331743697357,-0.044192408034471796,-0.02010695200458659,0.02470730916445455,0.013884840544136407,True,0.2627994591168772
805,3,87.28848815764046,203.60267381326344,8079.944478216665,9542.15327790349,-681.5118959940637,8979.504365783181,-0.0006211897404856437,-0.035063558215657674,-0.017355726809862113,0.019284047806918614,0.012945302601366835,False,-0.673744313654197
806,3,98.67084700839843,203.59588419388237,8213.047189781844,9777.94864613171,-721.8877804439488,9182.539742396546,-0.0006050883779683729,-0.035826678189756586,-0.018087187174881066,0.019797138232387563,0.013015712563591061,True,0.7227975356761362
807,3,491.32915299411997,203.5958841938777,6780.064353032419,7396.358577679896,1408.6534118333573,7515.352221294497,0.002150454455203122,-0.030857710889895584,0.07555578302939914,0.04122564532131369,0.031773352440413294,True,63.304208627236676
808,3,502.71151184473575,203.6026738132458,6366.153145415133,6879.582269780614,1298.6189585617765,7008.517487333606,0.0023809370738480207,-0.029203551289619406,0.07764623333335034,0.04191216248309998,0.03322264221810517,True,70.29629294487381
809,3,436.65060947181786,203.59589018459465,8681.91564177186,9876.053148609035,1917.539181500242,9909.585976865035,0.0010321441157915363,-0.03861203091631286,0.07069712489514729,0.04052697892273795,0.02742103604466543,True,48.795342664639975
810,3,425.26825062110515,203.60260220832734,9005.449250082682,10368.130553873772,2000.6337763960482,10355.393781919345,0.0014268025532810048,-0.04065830165629283,0.07079046428708713,0.04117780297172267,0.02738412383723487,True,48.90904925388213
811,3,164.73174938183632,203.60260220832947,8988.837512355629,11303.919189434246,-908.8142066702545,10461.66936033181,0.0004086714333958834,-0.04150150375452037,-0.021401209609714117,0.023529101964592437,0.013912377277436735,True,0.30096601890272723
812,3,153.34939053106714,203.595890184608,8886.81068150686,11042.18183374055,-900.7079127219635,10257.154990699302,-5.2911983527556824e-05,-0.040303297859848465,-0.021273681225523186,0.02276325479845705,0.013634898721347015,True,0.40430625832550504
813,3,-93.78001256146155,210.1330496264776,6188.951218967926,6787.62967936373,-3.137597269761837,6508.974912418453,-3.5313442687713214e-05,-0.026242262876433914,-0.00020428944933410402,0.013103872832125238,0.011083239641610848,False,-18.140646730647006
814,3,683.7800125621148,210.13304962638708,1854.5748772079178,2082.4482934871235,59.83286458472636,1981.0912389604166,-0.0011781058691536876,-0.006794366051503777,0.0014185111144128261,0.002896314564129895,0.00206192021534463,False,-28.482900089549815
815,3,706.4061523287096,203.5920069249045,2486.137671741504,2894.4925920877117,33.77417035466036,2714.0896997863515,-0.00043541015664154783,-0.010460366127612617,0.0009461817379032005,0.005034754266621411,0.0036426029136632045,False,-2.493588002189739
816,3,695.2132901628097,203.60437148105396,2501.505585546545,2896.8999574137542,53.64811948494296,2722.422174409607,-0.00058814775418705,-0.010343623470307562,0.0014240697779943736,0.004929434074526557,0.0035606274832859094,False,-6.056019440779693
817,3,-116.40615232831364,203.59200692496142,6786.885780634966,7622.894353977314,56.674338604480965,7241.840896827399,-0.0001292895757245159,-0.029050515196865363,0.0007186458763638944,0.014465076419816703,0.011639112589062217,False,-20.27706765370266
818,3,-105.21329016229548,203.6043714810725,6758.564749253425,7552.266404015078,16.439018815081432,7188.4111273589115,-0.0002435354264620516,-0.02873589765890667,0.00015024331118105504,0.014246379177157533,0.011567495531402109,False,-31.798801127017498
819,3,344.4756678708881,210.2254702577811,8447.025275292961,11797.638523693315,1450.2145096256418,10825.475800654194,0.007465725436749668,-0.048461169629696904,0.036065266175992185,0.03327356689670681,0.018586526799194106,True,7.834318125690061
820,3,245.52433213191853,210.22547025830406,8270.297007322195,11294.896046615375,-50.02859479540397,10127.578827228317,0.0035304245175558,-0.04314994045177938,-0.0003023831234051851,0.023340672169111024,0.013134085855639998,False,-68.15987541169375
821,3,336.50527703830926,220.65942388731898,7347.292764568581,10425.635068865511,1413.3112083062115,9595.245185220858,0.014881144968556923,-0.05087132383126096,0.04509170945446161,0.039864299237527705,0.025980409168772717,True,41.027753618655424
822,3,253.49472296238267,220.65942388748377,7443.43080929602,10245.648982725375,-26.58231647309105,9171.549806297486,0.005738867919367806,-0.04155925449821113,8.171988681913403e-05,0.023649096506886815,0.014193961653121409,False,-74.00213561111696
823,3,-4.11628492836062,203.4010232597141,6981.072483206582,7814.80900238772,-224.48527564584137,7443.255039862979,-0.0022274109135671013,-0.027734249094761357,-0.0059940624034262,0.013100835642219514,0.010050374608748828,False,-52.75513748008643
824,3,480.505579377669,202.88001979392007,7324.075971327545,7987.964484354339,1543.038979670125,8129.459673050272,0.001697094921887365,-0.0327039768446432,0.07689682318125501,0.04212052692588017,0.03179992546703595,True,64.15845654550617
825,3,469.5988771020581,203.00384986894917,7686.9791464036125,8470.498027996116,1642.681278378206,8591.95256537615,0.0014060515798524067,-0.034124942858011875,0.07487780671666758,0.04144013002043481,0.03040334005704289,True,59.00731316774545
826,3,109.49442062506233,202.88001979392368,8409.905188343124,10112.943675482413,-767.6824333300739,9471.918840967215,-0.0005668975341777234,-0.036941871415069,-0.018913295628517422,0.020499094348087787,0.013153817590400983,True,0.7150290879262684
827,3,120.40112290088517,203.00384986895588,8539.88775037007,10349.392511459446,-806.2313340984953,9675.070268738935,-0.0005690733259708469,-0.03768171920423393,-0.019535781664371074,0.020970188657492658,0.013179497249156747,True,0.6366333920461784
828,3,458.37213301905575,203.10991718257364,8071.755758999742,8973.376566787982,1747.1061255029006,9077.497645441183,0.0010511399773721363,-0.0355675329370923,0.07311993489647349,0.040888421604658005,0.029111685869721727,True,54.32733244137762
829,3,447.4664985456552,202.9860095118921,8448.311762696141,9483.067657260162,1845.7970705822129,9560.728647646003,0.001026500303501943,-0.03733754362891348,0.07300047016145339,0.041233689231748194,0.028720239982434597,True,53.60318093369324
830,3,131.62786698403625,203.1099171825774,8674.165873008607,10596.383308452587,-845.879702044026,9887.175721691841,-0.0005050823251179497,-0.03851777976734098,-0.02023478614029532,0.021531440598445084,0.013272258839118067,True,0.5821590997350086
831,3,142.53350145736317,202.9860095118805,8817.92554167755,10866.019488296477,-882.8148440780342,10116.74481951414,-0.00031535214999276156,-0.03954463653570466,-0.02096398175574331,0.02223974642655688,0.013483599896628456,True,0.5204674452645577
832,3,288.15118108103746,223.54619283191684,7092.720351448381,10431.444909781474,478.36577986945923,9263.957293785767,0.011018009538859801,-0.0465044441928503,0.012428978475363697,0.029424956199023404,0.017749990036323545,False,-7.705896571194899
833,3,594.1277695432764,203.38586684687473,3766.437136934796,3188.490843978603,359.73663187491405,3568.1232568421046,-0.015223916323922808,0.0011401871625731706,0.049656773682823216,0.026141820209694057,0.02365751613824898,True,62.77841062600868
834,3,715.10200929616,220.53698499319125,719.6203834679915,793.8630222032202,7.416035650632715,759.5768391806217,-0.0007365420416139722,-0.002328261854870227,0.00016634692244073336,0.0008001942361886315,0.000546323377470984,False,-24.221450171700802
835,3,-125.10200929606874,220.53698499324673,5582.075763974329,6274.634154779041,-59.871314927117986,5959.519619140871,0.015215002662167978,-0.03922484024764355,-0.012716407101918617,0.02795265419252116,0.02682964922968022,True,67.68385599296732
836,3,77.78208828467343,223.70866632516666,6249.5395660380445,6821.546910249912,-427.1066462530411,6595.906304735103,-0.0017499039703886541,-0.024719046144094432,-0.011397032765632613,0.012820626428306971,0.009960384890728482,True,0.05301052082404567
837,3,512.2179117152535,223.70866632520514,2636.3964895776294,3816.6666293347994,572.901249325544,3527.0287255287653,0.0019457331990791317,-0.015013186014876799,0.018056184333380694,0.01238578553813308,0.006850326377099605,True,15.621036208190162
838,3,415.7801209394135,223.7092764347107,5769.352105226026,8161.991929539768,1442.919499696093,7685.062179203877,-0.000559113490464593,-0.027651858179936185,0.02821829705706709,0.019559454897886165,0.007004091788425699,True,4.054562356429187
839,3,174.21987906101035,223.709276434769,7510.834217356977,9032.422835836836,-707.0005281178068,8464.975585623617,0.00013826312015236127,-0.03363835865286979,-0.01691440998587778,0.0188875451261417,0.012317327210151793,True,0.5466803466101737
840,3,-70.6455075286986,203.5242910577887,6736.941543331333,7543.976791302836,5.631447750244173,7174.589303809326,-0.00030530476983990976,-0.028613554857794283,-0.0003007656264253642,0.014154923904813193,0.011431972496146858,False,-26.184817455687153
841,3,-59.17587220617215,203.5456492640782,6752.956260088523,7615.673567441045,-28.934246889139445,7223.233570664624,-0.00024042970434305172,-0.028856045696404316,-0.0008800618155383738,0.014314572883990295,0.011398874268867694,False,-13.388760221842404
842,3,649.1758722071272,203.5456492640354,2802.405741645244,2910.8603474519136,213.8015151374888,2882.066518311583,-0.0022528965798118785,-0.009316467250609866,0.005772998204457345,0.004561292001451597,0.0034819958069467537,False,-24.575060282657034
843,3,660.6455075295521,203.5242910577133,2684.7716124503663,2923.073743178546,170.41490030278013,2826.9589715858992,-0.0016442623353047502,-0.009711624509843803,0.004148840763489215,0.004535835428451225,0.003359723433326344,False,-24.51647643793271
844,3,92.6792858270591,200.34725983535225,8424.104508707793,10061.248553968902,-738.9481066920854,9437.97556919939,-0.00042325232229037727,-0.037009587629629935,-0.01868522663250512,0.020540798581902556,0.013490113374662037,True,0.5675707938225969
845,3,497.320714175645,200.34725983535725,7215.59745370321,7558.749677559808,1474.0430513393967,7821.57638375565,0.0015141948943389982,-0.03143224783514662,0.09322562619373909,0.049438055857158374,0.03976614139699639,True,100.33185452160637
846,3,430.65703904799096,200.3473434217267,9444.32329352762,10568.020534075806,2043.8009729856567,10658.417576563479,0.0009258506625856549,-0.0414508469134826,0.07854480100379779,0.0446236211612744,0.03085777970627954,True,51.49996547205774
847,3,159.3429609551939,200.34734342174252,9194.160921090408,11582.003843260381,-934.7656782595742,10714.941043437291,0.0001522127135611916,-0.04222394636137156,-0.021857069621525754,0.023840461144786135,0.013917915474967785,True,0.40231398020273446
848,3,721.35200929616,223.6676771138518,409.04882053267437,408.81500810771155,3.221896698891584,408.9700397410306,-0.000671842766388854,-0.0009843314866079251,6.586121982026273e-05,0.00015967693989769302,0.00024135480733961657,False,-34.348299482957366
849,3,-131.35200929608573,223.6676771138691,4796.047187624637,4342.001093404726,110.48795312937132,4589.904438190772,-0.0423169135379895,0.023812365768905042,0.06361599393848116,0.045880486773873,0.059792232629279324,True,327.74527432837465
850,3,244.92254165967597,203.5785239198874,8716.95265473625,12050.811986262008,-60.13213968292364,10778.303354445168,0.0020600721189251827,-0.04411479551694667,-0.0006625651519861825,0.0230898104895369,0.011836740054611715,False,-39.93117139514334
851,3,345.0774583437856,203.57852391956763,9044.887863379749,12527.82713238855,1360.8298637242951,11445.489560952643,0.004025114122311542,-0.04770986198874236,0.030849654438145316,0.03011730786509767,0.01543355567196592,False,-4.442002639456405
852,3,-9.54380084581129,200.17289320444073,7189.285443593503,8201.191325870675,-215.92111634758712,7754.000562241975,-0.0013973913351045006,-0.029768324123060463,-0.005821171940075701,0.014480986413351124,0.01086908600269972,False,-23.422941597100817
853,3,616.0094620705909,203.0480378581062,3399.446339038133,2971.5030785409504,211.5308253779774,3227.8222637324384,-0.0066726095357006075,-0.006228563034897028,0.017630330029462304,0.008817960566971199,0.0075779704511396056,False,-15.423281687653514
854,3,-26.008606727010015,203.04926941827978,6803.897733822753,7577.313247990233,-44.15273617152126,7222.138491219558,-0.001552240682116108,-0.027569711556055195,-0.001854621356051631,0.013041744621125192,0.010417581007770876,False,-62.97511350654628
855,3,276.74935512704354,208.93318846156933,8303.722794824474,11940.576089490502,281.98996296544306,10612.09172417018,0.004272223403531831,-0.04526692864426967,0.0066112934968014575,0.024989181595822845,0.012574399708275,False,-4.709111502256519
856,3,313.2506448752859,208.96332462967464,8324.720736712206,11768.954568273877,952.9715292886693,10609.45196686953,0.00524932187279273,-0.04593901436538958,0.022010791440350758,0.027860010349351212,0.014701363110516619,False,-4.5265075167999385
857,3,475.2313177744307,199.63139543539964,8169.976732224608,8664.702616828597,1709.6227728913225,8933.28621218409,0.0009267622424851966,-0.03501698792431795,0.09014397492339184,0.04852290539282107,0.037301275896989804,True,86.56983294467022
858,3,114.76868222859495,199.63139543539356,8760.34030893486,10645.64113465079,-828.2738573674728,9943.435578218261,-0.00037641360406180885,-0.038920698819199136,-0.020264898041921706,0.021773424256391873,0.013684912260368602,True,0.7057890778728506
859,3,452.73875090662824,199.7374627490241,8915.161131073402,9675.511016752482,1903.1454866945624,9884.470644351879,0.0006300541864586834,-0.03827616528580611,0.08444690331889167,0.04648917452959955,0.03389636315737546,True,68.06611022488755
860,3,137.26124909661795,199.737462749015,9025.295560706756,11152.889189679883,-903.2458582721564,10374.600483111468,-0.00023278468432172256,-0.040628039435211226,-0.02155093941236816,0.022892245389786604,0.013832279746592388,True,0.5806855257344523
861,3,-37.27749859977008,203.06362802471662,6760.99853551025,7558.579891592395,7.610838268618338,7193.042289027689,-0.000896468869421451,-0.0281006774454614,-0.0006864494479960997,0.013606433929334126,0.010917459482781907,False,-40.36867830854925
862,3,-48.24021792504544,202.82653762460532,6772.591465405803,7662.760795629266,5.596389826315318,7258.735686132448,0.00011331524847552487,-0.029344903577071552,-0.0005168787648712761,0.014731376548301511,0.011728531237601286,False,-4.687196299535572
863,3,638.2402179261353,202.82653762456923,2999.4839016666497,2977.3989843439213,248.0251417656498,3019.2213365030047,-0.0028268601000530215,-0.009276327744118386,0.008628716962258242,0.005386334312559172,0.004230680774774343,False,-13.656861738779355
864,3,627.2774986009873,203.06362802468462,3132.564961179656,2908.3295921154822,228.2224959809404,3052.3874917148937,-0.004100841811582987,-0.008131969658839668,0.011501738631095377,0.006093849014763986,0.005054954840247153,False,-18.915862105986093
865,3,101.90088412382919,223.8341485577005,6511.679931970245,7303.1247527606565,-487.57611304285143,6992.509363283872,-0.0013169028331482804,-0.026658076653431777,-0.012725581773218017,0.01417846537937622,0.01046063015427697,True,0.8388793458036616
866,3,488.0991158762211,223.83414855774026,3322.207477917947,4866.101955439065,746.9022050677062,4497.043381400275,0.0016472989624843851,-0.018228625565032294,0.019434379134751767,0.013899167854379035,0.006653390001232672,True,18.454388501530275
867,3,439.90026473036363,223.83460688902986,4941.653929576218,7056.147823614629,1199.5954969912761,6607.360525759652,-0.00021789923039896542,-0.02407764931981249,0.024324301513978908,0.017036426550719384,0.006287692184427936,True,0.9301222703516032
868,3,150.0997352699093,223.83460688909818,7148.271672358812,8414.718013402839,-626.833285753793,7933.053425083271,-0.0012527475921301108,-0.030262306521537226,-0.014513619448539284,0.01621881360315669,0.010668820458139766,True,0.40066912616509853
869,3,-65.14533171993263,200.3240137352982,7011.920645312462,7972.671273665845,-28.661585583780024,7538.51739611,-0.00014432612742204474,-0.030199472508509028,-0.0008314506534031296,0.015033322438649502,0.011787142306435886,False,-13.309134200910592
870,3,655.145331720905,200.32401373528057,3077.2879795202807,3323.0164931957893,225.77598665200227,3230.9728567628463,-0.0013058331754126737,-0.011654783381837371,0.0064278925530364935,0.006091358080273228,0.004666628065276893,False,-9.581120148907587
871,3,599.5460074328848,200.16931982551057,3891.3201160550957,3521.0799043884713,369.6817520091461,3774.74776241073,-0.008928739384168475,-0.006081370657229748,0.04791803360654703,0.024001278369002132,0.021908624109171163,True,27.63718550907754
872,3,-82.04640993046534,210.06519493702646,6183.38915153909,6787.17844897819,-25.88621543375841,6506.48425765575,-3.500656909225902e-05,-0.026230392821955238,-0.0006912688256063982,0.01310225279795366,0.011061231934624452,False,-14.261885165887122
873,3,672.0464099311654,210.06519493689711,1922.1271460706164,2090.7583896300644,84.4077401878876,2017.0557634081702,-0.0016331963286390786,-0.006492896881154801,0.0019138034543545342,0.002611481051148034,0.0019007789241738248,False,-45.54824788301487
874,3,737.2185508839461,212.1015198329068,1575.6519376022177,1838.8021314701411,1.6222943954394708,1722.372799764342,-0.00045615801398200974,-0.006458111475889519,4.6197173781190195e-05,0.00300106562481433,0.0021128972833343493,False,-1.2951779784617088
875,3,-147.21855088392866,212.10151983290987,6004.527146156975,6286.586867812505,185.90042486177205,6158.832364574139,0.0016153231005364328,-0.026504828978824644,0.007095518322067305,0.014500770093560444,0.013597875166130745,False,-5.611150240788703
876,3,301.4609704648066,223.62608145454905,7092.545549531048,10367.153635825018,754.9129437619157,9271.582829154635,0.01266685231573606,-0.04802274316608207,0.0208417958060176,0.03208429308932352,0.02002088837687443,False,-1.4033810788193932
877,3,725.7251419359951,211.66533795509358,1624.3109645207114,1890.7868312883486,8.28387827793141,1772.6931593258241,-0.0004968528986710307,-0.006621220137842315,0.00023719743460499096,0.0030644794298223675,0.0021637576733190716,False,-3.1690858467054284
878,3,-135.72514193588293,211.6653379551224,6119.965270427131,6616.4770279858685,46.35429198055249,6383.2264342103335,0.0007705077920042671,-0.026561803446290583,0.0013300908326447157,0.013682327828718553,0.011996256340599523,False,-46.3425334727614
879,3,300.8399261622041,203.42352257025925,8760.471218494467,12456.483948817235,717.7409955829565,11150.36482049717,0.003189323103936013,-0.04615365731774221,0.015462403359635227,0.02585447560167378,0.012535609831270078,False,-0.8353894936135475
880,3,289.1600738415374,203.4035961166559,8753.15673066854,12528.150568415129,499.45173953073885,11165.115318085045,0.003046778123013976,-0.04614142540365842,0.010856729034781784,0.02518604738499086,0.012031653519056343,False,-1.4079757745121242
881,3,463.9992502627022,224.28885024066543,4038.0061450100025,5902.4073031299295,944.0647159943304,5475.739511951409,0.0007067872369870872,-0.020836124469470474,0.020802275401926494,0.01497357427845655,0.006026654190021113,True,9.594010828244791
882,3,126.00074973771397,224.28885024065866,6772.9402787902845,7788.019706745053,-544.0674207990932,7393.659897777824,-0.001391995842911498,-0.028093948127797537,-0.013146550288295668,0.014881414921866619,0.01034041001480412,True,0.7539849046497693
883,3,-87.84822277353881,213.48127686741407,5923.096505541442,6302.742042942637,7.484885620348379,6121.768386217299,-0.00034233026231168443,-0.024414992798368593,-8.813173948527323e-05,0.012036411931908764,0.010755506467067804,False,-60.2934402639452
884,3,677.8482227741732,213.48127686729603,1541.2905766643842,1669.5225797879666,52.209126633575046,1611.781698956845,-0.0015230886453612526,-0.004978807996454761,0.0011758332015593125,0.0018251424568654468,0.0013164356598839107,False,-50.6964766086965
885,3,250.40280323179104,200.3524612928746,8959.82915932931,12536.49503026512,-23.9260613171157,11185.665373570939,0.001217374959393891,-0.044747431443322626,0.0002671630053864946,0.022982791408522687,0.010915530021576414,False,-22.17899501840634
886,3,339.59719677184825,200.35246129281305,9276.268977760681,12809.302508985798,1260.4620023740317,11664.954127723962,0.0016082295087599615,-0.0463315117694216,0.026410866680059698,0.027366734700229003,0.012930206640148116,False,-8.059902817141847
887,3,677.6688978795081,220.22911395859276,864.9483623748744,836.1140890974199,10.943846584156049,851.108824283349,-0.0016664213445926643,-0.0017782301196387286,0.00032508938014246284,0.00017188972283030195,0.0004726396699855494,False,-62.309249780975236
888,3,-87.6688978790808,220.2291139586699,5593.4608200276025,6252.677610630526,-1.440014460633521,5950.519324669353,0.009824770924862425,-0.03381320124694514,-0.0043517015816500245,0.021927208679647228,0.020117977148293945,True,50.02297765644863
889,3,708.75,223.86930787933952,402.71857518966453,387.31230090028515,2.2859799648240267,395.2605322729197,-0.0009123873398159838,-0.0006874251842661662,6.622341388855691e-05,0.00011725347753550365,0.00036264046876594247,False,-30.301551394518942
890,3,-118.74999999991506,223.8693078793776,4773.649399751382,4357.627129729522,-24.819916805546768,4580.033487447282,-0.0023707213597453417,-0.016120113612453496,0.00744130657005782,0.00781695002524029,0.014297526461109931,True,283.04093774025034
891,3,610.4099953400604,199.58931192923595,3648.415149507266,3401.699590865268,294.72188503153353,3568.229793162314,-0.00521409040488634,-0.009062391944368045,0.030171142094218353,0.015207787807635698,0.013508927708751672,False,-4.464875777922998
892,3,-20.409139996301985,199.59054348938844,7113.9211923335615,8125.115023346208,-138.20017189526982,7673.4111567896625,-0.001085041860157831,-0.029774006476593718,-0.0036834016960455907,0.014462227861031145,0.010970079563848685,False,-15.180886676458044
893,3,256.3927139638951,203.58174253562584,8744.523379796947,12276.901429757103,35.38758919400012,10947.013433636626,0.0018053937580840066,-0.04437377899743097,0.0014913341501968163,0.02310162371961785,0.011179447716927951,False,-29.74695166101128
894,3,333.60728603951515,203.58174253561796,8906.067867425707,12263.011618007957,1259.1854330388092,11191.109370295395,0.0022077409316681017,-0.04507512688967128,0.02678391813037303,0.027170976518266585,0.01325024665054001,False,-5.2159125354360185
895,3,-127.75584757852664,203.14830391708756,6811.444070907374,7699.829836688888,48.355440231394276,7296.794111303493,0.000408937755628812,-0.029794267418511235,0.0006641948840118493,0.01510525370223178,0.012103311042692853,False,-3.59378460713134
896,3,717.755847578797,203.14830391703762,2524.5073486715573,2946.584028600064,19.466929526709837,2760.064970513225,-0.00032784679090171724,-0.010751113248073324,0.0005762496312969635,0.005219591633326515,0.0037904222479631343,False,-0.8666871889485321
897,3,-15.142814260576712,202.76343669382916,6894.907608127341,7803.8268389939185,-142.14792664282015,7395.499801370639,-0.0017731247505028698,-0.02799181250491769,-0.0038495587602868486,0.013249893303461002,0.010088673932176639,False,-23.56023264213343
898,3,-56.37044427634043,223.79362461557136,4822.0445895909315,4417.533311494985,-3.1625556379839157,4633.055361574412,0.00011823691223357055,-0.018828382161932566,0.004202434225234231,0.009703540948527193,0.014575415987805825,True,259.3719873609194
899,3,646.3704442764941,223.7936246155759,505.24815240994604,393.38799767473273,5.783833182691601,459.75168450115365,-0.0063012732434640315,0.004481535039542551,0.0013620045473372346,0.0054342435272778,0.005063505607398155,True,5.626197435214046
900,3,632.9438546551847,199.6049020958144,3344.8431147695646,3346.2581674348116,278.9938177302108,3380.26970003206,-0.0021843413884584883,-0.011365138708005377,0.013882146073854854,0.00832167379555404,0.006838437206903855,False,-3.671120463892578
901,3,-42.94385465393399,199.6049020958253,7010.789909775979,8006.7946634559585,22.71544083379006,7558.27550961958,-0.00023532625542652214,-0.030175282505368155,-0.00043297324341692184,0.014971543391363614,0.011614406512703254,True,0.7954531969804748
902,3,605.145876189682,202.75863175474652,3637.951475649433,3057.5168883678725,234.8903553082674,3409.622093872606,-0.011964273293160905,-0.001594050143974138,0.03100700137149489,0.016347596629289387,0.014728461962250966,True,22.383974478524863
903,3,-143.86829741400388,199.2661988349173,7035.986404958345,7962.838936241311,-44.60063320245419,7542.642094416164,-0.000123528759903126,-0.030249092556026185,-0.0007261842408118014,0.015067157475664445,0.011934829062583058,False,-5.781623328075852
904,3,733.868297414076,199.26619883491503,2930.6901305791075,3426.1469108104648,4.7759390421589965,3207.2606360077375,-0.00015504325937483593,-0.01271755174943905,0.00015929186746270544,0.006281759177610504,0.004609367628060304,True,0.009732600257393642
905,3,621.278140734858,224.2242777684232,563.9903581496693,342.0747114469328,10.695903623436633,492.45974489023945,-0.01877584896771792,0.0169410672017848,0.003299058984671595,0.017934477207627402,0.01722271970305321,True,50.01828602259578
906,3,-31.277726709533965,224.2247946527913,4986.056528593806,4529.138370806427,-12.70817050357523,4774.0756841898265,0.015922833124623646,-0.03519110279590912,0.0009228245233536996,0.025561132850429536,0.02882462839716113,True,239.21892984176222
907,3,311.95862798459694,202.71065818956984,8852.6135850966,12448.588271089344,907.828163969282,11207.409670040077,0.0027660060077749375,-0.04590093976655148,0.01950364397613829,0.026214803734479795,0.012724981227761991,False,-5.0874980471039635
908,3,322.66043666164273,202.76138222155146,8887.570379920871,12364.263056386257,1088.2260730289051,11203.943860718695,0.0027297409828201035,-0.045764703691342036,0.02370146343413239,0.026988286964787556,0.013301579544457051,False,-0.9174428406990955
909,3,267.3395633418456,202.75635952680466,8808.952067172555,12523.181384704709,150.70769924367625,11143.596475169976,0.0020113369534072805,-0.04520890719345874,0.0037992945430481645,0.023686420668362233,0.011110001393318506,False,-12.386288987556554
910,3,278.04137201889597,202.68570904127333,8812.193527595315,12613.654997802492,307.1961697529725,11219.990494673239,0.002505733270207256,-0.04589307653413783,0.00690281971297373,0.024444292332091496,0.011453165480840596,False,-1.0288078616847542
911,3,300.8399261622038,210.04960402480825,8207.839134661208,11769.297711530076,724.8917452296065,10529.049988761286,0.00593996668117161,-0.04639366879470898,0.016840566411891193,0.027488243301435546,0.014581432002928066,False,-0.8734739614658338
912,3,317.3845246091759,199.5321009787466,9143.480479117801,12757.598686137533,983.6069003033726,11515.778417649508,0.0015751540049573575,-0.04592483931459941,0.020545105719334232,0.02587639239913747,0.012111065188717662,False,-2.2535029304895033
913,3,272.61547539454153,199.52707828405343,9069.680236882725,12926.114019896806,220.83365395837725,11500.178472392718,0.0013783667375052064,-0.04591985010748377,0.0050947324828929386,0.023785907675490565,0.010686383840994363,False,-4.219896823360841
914,3,737.6235716756519,202.59953216824837,2577.913214456313,3013.428847169987,1.609716101614362,2820.999767075343,-0.00023314951335555773,-0.0110893181614377,5.5145917864588284e-05,0.005428154354563317,0.003958270778205216,True,0.030975508414599062
915,3,-147.62357167562786,202.59953216825065,6749.310747170042,7445.998858833263,-26.191506843789174,7123.397534278451,-0.0006035666048290629,-0.028141935347327635,-0.0004162777017135804,0.01377075742400147,0.011417942678909712,False,-46.942209182672855
916,3,260.625,224.01247754906717,7109.7082539545145,10020.791684879543,-0.4966588401844246,8928.567233042662,0.007202575332959298,-0.041891837709098274,0.0005410507735110945,0.024548697154246645,0.014725671904431156,False,-58.90061494101633
917,3,329.375,224.0124775491055,7001.172199028538,10091.375550953098,1247.6156437058155,9212.515893977787,0.017521640167788233,-0.05213404936150105,0.042921339814273145,0.040908912522985286,0.027673885304830753,True,40.6199743057075
918,3,288.7722253860347,209.94978894857272,8209.08826101688,11843.124083261811,491.7280555670886,10542.905514369631,0.005516436110397139,-0.0461221661075615,0.01137882245054153,0.026438716115696273,0.013761214895934631,False,-1.4564680082003179
919,3,-138.5228791698384,202.16233984326064,6826.014729777905,7682.546431420837,-24.60262743288361,7292.231313310793,0.00041805678658223325,-0.02979789313800969,-0.000491500334638999,0.015109973547498328,0.012217543733690018,False,-7.836276971387576
920,3,728.522879169965,202.16233984324995,2625.0900858309415,3067.839206647425,8.707112126634243,2872.213173091813,-0.00024723665426823184,-0.011280945163000463,0.00027936641004928003,0.00551862231554973,0.004023412223684095,False,-0.08483289319116238
921,3,294.6121515464801,213.4172396459018,7928.7132156719845,11462.038401762453,606.0569549510675,10220.837408118214,0.007084425200124386,-0.046350697225429144,0.014457066714270111,0.027678146102181188,0.015123789357666709,False,-4.0976384883881565
922,3,294.61215154584403,220.17227428646584,7365.923742596934,10763.484863177744,604.2985344474863,9587.594089814824,0.0102238433149223,-0.04693589574161605,0.015599134738946762,0.029625026470939106,0.017515245343376784,False,-3.3237661985003797
923,3,734.5993295866341,216.45535922225852,1121.4983916212311,1301.9294387389925,2.864309222393974,1221.7576466370442,-0.0005444456357482765,-0.004362995720731176,6.97523308189806e-05,0.0019095935522499016,0.0013004270703991811,False,-4.739143049139031
924,3,-144.59932958660275,216.45535922226574,6111.777019574162,5770.96405891031,-52.89314384697189,5949.402662804979,0.00013487130323692586,-0.024197421987168004,0.012312881351489615,0.013635134248937059,0.015795915341895977,False,-56.51412187290444
925,3,-139.49670431539107,207.2638596761706,6413.9299781638065,7106.561242461264,41.429764164083174,6787.184507513973,0.0005781649764171708,-0.027957159698182955,0.00042888361938151246,0.014269273767818533,0.011930413389244892,False,-8.55992613305699
926,3,729.4967043154871,207.26385967615678,2086.001211461209,2436.2275587961744,7.141086470514138,2281.3998156306434,-0.0003719854045778838,-0.008785527855193322,0.0002198604610455187,0.0042082073140067375,0.0030254083877143292,False,-0.5660441749655547
927,3,-147.38077870267406,221.3538393893558,5197.212162707759,5572.52464851063,398.5443602217983,5438.6547200039795,0.014012260390215475,-0.0358209774329327,0.06658194398708192,0.04158276943950872,0.04181454956605309,True,306.0652164186108
928,3,737.380778702688,221.35383938935172,627.3943884098672,696.344458725992,0.6604947877062363,664.5585201934335,-0.0006217374526573509,-0.0020588337127927674,1.6678466421270373e-05,0.0007185965196369529,0.0004858685950963962,False,-20.21773254072523
929,3,734.8421225595981,207.70105200115518,2038.8636708600316,2382.3467660763017,3.0747696046935395,2230.5356468946125,-0.00036301212770034174,-0.008589939007095738,9.918299984395287e-05,0.004113762363894411,0.0029543670320937364,False,-0.14496778720783254
930,3,-144.84212255955651,207.70105200116055,6422.853981562507,6947.757522966753,-90.99343780174553,6702.5961547944635,-0.00047331663774980413,-0.026602171658921956,-0.001292530224997065,0.01308040231701575,0.01129447485431752,False,-63.08771300499063
931,4,737.479421303382,191.99999999999991,3500.895630307934,4346.523514264645,3.1222788772641166,3991.4710248379665,-6.457270735522748e-05,-0.004016085247822514,1.466652632777094e-05,0.0019757698793422753,0.0014261037558259326,False,-7.08531275006078
932,4,737.479421303382,186.99999999999991,3951.908601345897,4988.2910776110375,3.7009915223102916,4559.320140629769,-3.432911665960074e-05,-0.004614574716398005,1.670351579737219e-05,0.0022901380286656854,0.001616480120559357,False,-4.254618835711199
933,4,-147.47942130336241,191.99999999999991,7492.004582309869,8871.25077804797,-13.97278515858067,8268.395083968151,-8.612579565690608e-05,-0.008422766991729171,-3.905020901510832e-05,0.004168366327198023,0.0032718108777239335,False,-53.13393533601845
934,4,-147.47942130336241,186.99999999999991,7918.435523386664,9530.42063178724,-10.396022215839073,8835.43103108729,-4.548581796431245e-05,-0.009027919382726119,-2.8301087966746198e-05,0.004491239074491013,0.0034434265494893753,False,-28.363602542779176
935,4,733.7241470418058,194.49999999999991,3275.854801412999,4027.036880749591,6.55137013145995,3708.960956782778,-7.938479151230528e-05,-0.0037181188832122406,3.247061592846349e-05,0.001819439483123726,0.0013311242371947605,False,-8.309827958279811
936,4,733.7241470418058,184.49999999999991,4177.293463554009,5310.447084945608,9.861073857452196,4844.339454301122,-1.76669136736499e-05,-0.004915958171546152,4.3799702709057974e-05,0.0024492435393865786,0.0017126232224378875,False,-2.2509009337057932
937,4,-143.72414704173843,194.49999999999991,7262.431053787106,8557.126758195167,-43.60976377566851,7989.210568098176,-7.430602510941977e-05,-0.00815186403712136,-0.00012098681570394383,0.004039232020043924,0.00319722930982034,False,-48.184075864163106
938,4,-143.72414704173843,184.49999999999991,8130.544940333976,9865.87335930855,-23.419568603970745,9122.934663461287,-2.0738658712311625e-05,-0.009337398857101803,-6.270827112561237e-05,0.004658435616693722,0.0035303667520319693,False,-13.188121494864049
939,4,486.5189873435993,194.49999999999997,7311.83499599675,8841.930586454999,1761.4174275988182,8734.97018156914,0.00011229039289587248,-0.008512248495770786,0.011028240285341263,0.0070000849072234025,0.0046268648716121215,False,-15.265933442665528
940,4,486.5189873435993,184.49999999999997,8474.698720427195,10199.366743580802,2011.0087072733877,10076.87988135557,-1.1824268132219479e-05,-0.00969868977315194,0.012363426587585174,0.00785317897890639,0.0051559147480382764,True,1.3100543367577302
941,4,492.15189873597336,191.99999999999991,7460.346499093168,8907.3559641411,1773.2515544495354,8830.575377701505,5.151757950185514e-05,-0.008562722860383672,0.011262190872592526,0.007089465452466526,0.0047327971567851556,False,-10.163451574594092
942,4,492.15189873597336,186.99999999999991,8037.41176678112,9596.428329547873,1898.5197913793902,9506.529903847068,-3.137143079290877e-05,-0.00913822541929817,0.011816722091537741,0.00745938520517258,0.004936446734748682,True,0.22559947787340207
943,4,480.8860759512118,191.9999999999999,7738.513401327539,9424.609339103938,1877.9055144711954,9292.737623981566,-3.706438845865338e-05,-0.00888775943656572,0.010968861739099627,0.007047175510196809,0.004510700924165493,False,-5.365127269821642
944,4,480.8860759512118,186.99999999999986,8320.444712938253,10106.01660567955,2000.670246671786,9964.078669274624,-3.0202457484778758e-05,-0.009551557428196477,0.011891050232051614,0.007616647492490891,0.004914038387441652,True,0.8152252654526819
945,4,571.0126582290787,191.99999999999991,5727.3809385482045,5514.87408220373,908.2062941296366,5839.988003325918,-0.0011325047312882826,-0.0047134678795027266,0.00977141762195234,0.005203457970702526,0.0041877847107308136,False,-101.7729445135177
946,4,571.0126582290787,186.99999999999991,6052.290253183334,6185.191108289811,1009.4343124275591,6364.676534544782,-0.00043799525551718103,-0.0059254950524488545,0.01119636544764379,0.006234405610371307,0.0050434905883182815,False,-77.75744787331985
947,4,661.1392405069035,191.99999999999991,3705.6464038400195,4422.350219080537,254.76844870408522,4134.737166012186,-0.0003279381886857169,-0.0038986200552329716,0.000997571805754406,0.001853706995436812,0.0013301242313598317,False,-27.83445027940411
948,4,627.341772152719,191.99999999999991,4250.838679828823,4311.945909875233,451.3962764637763,4352.516093917099,-0.0009867853419856137,-0.0034658626446604952,0.00196381681255078,0.001581328614322057,0.0012634963565497492,False,-82.0356776619862
949,4,661.1392405069035,186.99999999999991,4132.508533506886,5086.921464447968,283.53569061017635,4708.909413803528,-0.00018564848174945476,-0.004608455117187069,0.0011392555639258893,0.002283589377187101,0.0016037341637276318,False,-4.702303094089416
950,4,627.341772152719,186.99999999999991,4725.019651162226,4983.584109777868,591.792722722676,4966.391477842035,-0.0006505363540739616,-0.0043979376016148874,0.0030733702677725066,0.0024232530260426444,0.001877071687710942,False,-31.728797302314888
951,4,503.41772152070916,191.99999999999991,7186.287510658702,8398.294213744544,1664.7549037390374,8374.708576181274,0.0001641613874418785,-0.008268143884131569,0.011784614342791168,0.007245358986988233,0.005065594017520493,False,-16.613210023713464
952,4,503.41772152070916,186.99999999999991,7747.901655057248,9094.799439481074,1789.0893919207338,9048.88213140744,3.7449866117408405e-07,-0.008758579067821102,0.011865839286965996,0.007374235715718244,0.005028966566382006,False,-1.7774402581874256
953,4,717.4683544305432,191.9999999999999,3516.579951509393,4353.631799447336,30.505917283643807,4001.667393886521,-8.208717863411778e-05,-0.004010422931863382,0.00014029991832770203,0.001965420174999616,0.001420415635386753,False,-13.348916926845902
954,4,694.9367088610876,191.99999999999997,3566.216077493995,4377.321564397742,84.69194421523144,4036.072946125556,-0.0001398034748698619,-0.003990836098913843,0.00035916682460874116,0.0019338726095163687,0.0014000317553362618,False,-28.833336960844917
955,4,694.9367088610876,186.99999999999991,4002.395114269211,5029.246261746938,98.48171626938233,4605.708402717984,-7.435169382888797e-05,-0.00462210182169951,0.00040927799069401526,0.0022830648095933342,0.0016082579275419045,False,-11.96760433642612
956,4,717.4683544305432,186.99999999999991,3963.6866225346125,4997.639443206238,36.70524523044509,4569.702054373456,-4.3534352331551935e-05,-0.004616355201853691,0.00016184517890755528,0.002287842017259933,0.0016146872130809323,False,-6.92471622548203
957,4,525.9493670901667,191.99999999999991,6637.436020832505,7406.567431399858,1431.8463903270374,7476.8130137845055,0.000228663507536495,-0.007531545302697324,0.012746102769663675,0.007461299762662981,0.0056382882568350905,False,-33.55270753595801
958,4,537.2151898748947,191.99999999999991,6376.193463098884,6917.141301400826,1309.1829862658901,7038.432779225146,6.78130433489698e-05,-0.006980347120888821,0.01275749147510884,0.007287491859999283,0.005652319770648937,False,-45.72558139889793
959,4,593.544303798535,191.99999999999991,5219.018479008195,4762.7315843717515,610.0874638936017,5116.796069847761,-0.0015414090178031566,-0.0036491010151544143,0.005659883163342232,0.0030197948182940928,0.0024592540245517,False,-137.38019808814613
960,4,525.9493670901667,186.99999999999991,7177.417896856573,8109.072882387775,1554.4770423194088,8143.671313991237,9.249822823385776e-05,-0.00804147343344092,0.01244476831177337,0.007433601975601178,0.0054446200074818665,False,-15.47831171988787
961,4,537.2151898748947,186.99999999999991,6888.708090738907,7614.8098517966655,1431.9114960061506,7689.898412859882,8.462092489221219e-05,-0.007626450255010711,0.012752049150569158,0.007451096836709027,0.005643079314532018,False,-21.061315186628008
962,4,678.0379746839955,194.49999999999997,3421.522964845966,4073.097571240594,146.5867864163556,3798.0533702953617,-0.00026774966101199374,-0.0036294530177530164,0.0005856415797117894,0.0017061671605246643,0.0012614959081215986,False,-53.75327890267954
963,4,632.9746835450832,194.49999999999997,3835.564745725169,3992.6186634271385,350.2568087546033,3963.161972196933,-0.0008716500063135381,-0.0031990053664456624,0.0015059264847331942,0.0013860372965541553,0.0011027093975446505,False,-95.75383119951397
964,4,576.6455696214429,194.49999999999997,5470.827763111411,4898.805791302854,779.753953220656,5380.685880821523,-0.0017750332864012626,-0.003617176161894158,0.009148839840174203,0.004666228691215423,0.0038054619484749956,False,-80.69498712247128
965,4,723.1012658229074,194.49999999999991,3284.9393597249414,4029.3544884351013,18.906234524766514,3713.678954124751,-9.084296945768699e-05,-0.0037125898315855345,9.15108554137304e-05,0.0018114513911496122,0.0013271761772536176,False,-12.825970380298486
966,4,520.3164556978027,194.49999999999997,6505.668708922637,7331.668594716765,1433.6162054899976,7385.48908645204,0.0003305902778673617,-0.0075260056757598505,0.012704822049889436,0.007468912291925584,0.005626692339924932,False,-37.45074682618997
967,4,593.544303798535,186.99999999999991,5494.7252750109665,5442.876724249191,752.9320424186076,5622.32341289782,-0.0007453752217306775,-0.0049421778178846045,0.007850327690207937,0.004450864996681258,0.0036372491730539366,False,-100.7628977945127
968,4,711.8354430381796,194.49999999999997,3302.500531661223,4034.47392884437,36.34706914813268,3723.385647159409,-0.00011327767383587183,-0.0037019490456270364,0.00016814347056947907,0.0017963041530743497,0.0013190717200795097,False,-20.765749822032376
969,4,666.7721518992676,194.49999999999997,3476.8561070269866,4083.678962389166,209.1656276430118,3833.7773666023168,-0.0003505899882144963,-0.0035808882478819025,0.0008123144020842203,0.001665433992555973,0.0012281003153879933,False,-51.10982681891056
970,4,644.2405063298112,194.49999999999997,3642.51969791279,4037.6616067695995,320.49908233292393,3895.0684268223345,-0.0006215553992679037,-0.0033721388791669413,0.0012851649345419567,0.0015180051374147035,0.001141131430889132,False,-55.67126043886151
971,4,621.7088607603552,194.49999999999997,4203.1191148899725,3994.266061321135,405.9872714456273,4162.507972846151,-0.001249269115525063,-0.0030133711761047154,0.001866602761612605,0.0012841594478297058,0.0010960087697572877,False,-100.99040882037622
972,4,565.3797468367148,194.49999999999997,5662.666611209384,5342.198169366365,934.3093697209556,5742.176348859134,-0.0012541014648837139,-0.0044684282210156745,0.010832148162789296,0.005649498436051764,0.004586286375422078,False,-77.14471355806381
973,4,542.8481012672587,194.49999999999997,6055.815229931592,6332.76472212471,1200.4970580262589,6538.373928740346,-0.00020582247294371531,-0.006236239102125561,0.012570949365721088,0.006971274859683779,0.0055120287561410825,False,-64.13863875058405
974,4,531.5822784825308,194.49999999999997,6270.6929440520535,6834.609174543574,1318.362496653024,6956.290394953273,0.00014589571622175245,-0.00696065281789148,0.01283326910350726,0.00733477722822481,0.005681820252314299,False,-51.75324456896942
975,4,509.0506329130745,194.49999999999997,6766.49181252555,7830.4981494607955,1546.2028681053137,7828.750923957959,0.0003489338925531884,-0.007939368672786084,0.012246722493607138,0.007393885501717493,0.005371055371394626,False,-28.156617891489077
976,4,689.3037974687237,194.49999999999997,3370.5437824149594,4056.9718119443746,96.06465813045564,3764.7137755121125,-0.00020003139060262155,-0.0036622767184642325,0.0004023073764836645,0.001742770347426241,0.0012872162980602823,False,-44.97329132771847
977,4,610.4430379756271,194.49999999999991,4598.13267003708,4061.9777980079075,456.65803520772624,4426.125229604942,-0.0016049847596198287,-0.0028982726837635665,0.0026436341199717094,0.001471512403533743,0.0012395059349546843,False,-73.82045542857634
978,4,599.1772151908991,194.49999999999991,4928.352834164736,4259.458785001502,490.92144105941355,4707.711398116029,-0.0019124569561601431,-0.002865205085806301,0.004433958016276834,0.002267582010019144,0.001840817971384871,False,-104.49181507970127
979,4,587.9113924061709,194.49999999999997,5229.752609938184,4534.160299515867,621.5581274209425,5035.41347258385,-0.002020963158020195,-0.003056271554895914,0.006837695958278209,0.003457815404793015,0.002808531857135825,False,-90.13421059368898
980,4,610.4430379756271,184.49999999999991,5300.692952381901,5365.341086322573,693.8444340921493,5467.034421034779,-0.0003959077913049493,-0.005150429908821378,0.006503753767434325,0.004028160052473371,0.0033146835105570156,False,-58.227729334168885
981,4,497.7848101283451,194.49999999999997,7035.318538398031,8333.715462808364,1656.263631679764,8279.239404403243,0.000255909886362803,-0.008247807566990131,0.011623780734634027,0.007201136873669818,0.00500078474530106,False,-19.79235600965103
982,4,700.5696202534517,194.49999999999997,3330.3097841416325,4043.4299858712584,60.652519280428095,3739.7126961624745,-0.00014882665043177985,-0.0036855180299749228,0.00026737997165079546,0.0017733920860440564,0.0013059763259143532,False,-31.968158391543113
983,4,655.5063291145394,194.49999999999997,3537.2248577916776,4074.2494779352455,270.99872864958064,3862.674320419303,-0.0004564769048839974,-0.003501489749694003,0.001052537621422983,0.0016108956103336332,0.0011863113448635344,False,-43.0392625137527
984,4,554.1139240519869,194.49999999999991,5857.410456540812,5827.998161808001,1073.8254281240681,6131.651132200346,-0.0006945267516594661,-0.0053818857298819165,0.011918130944031992,0.006403381516624937,0.005142680111999182,False,-73.1187511911794
985,4,548.4810126596227,191.9999999999999,6139.80577392428,6426.31892224192,1184.885623774427,6614.4010788808855,-0.00025211032191189064,-0.006282274520094532,0.012271340715774143,0.006836458937557879,0.005398136493394167,False,-59.185562664159534
986,4,548.4810126596227,186.99999999999991,6596.817550459541,7114.37650733634,1296.5470237385014,7227.946709288352,-6.813215473951142e-06,-0.007123007694579908,0.012777084809392008,0.00731255974489874,0.0057019850826102,False,-33.426236720823454
987,4,689.3037974687237,184.49999999999997,4236.131701511965,5368.49958279113,127.65494499814152,4906.405572892987,-4.327449161359018e-05,-0.00495113377622402,0.0005220041095941078,0.0024677708082381728,0.001720531464042842,False,-4.3947902263616925
988,4,599.1772151908991,184.49999999999991,5560.17071954392,5602.749263548358,765.9302558104722,5737.072668777611,-0.00039951677297991953,-0.005405201618228065,0.008304919134416744,0.0048484163032671895,0.004011996296217193,False,-75.6549491321814
989,4,587.911392406171,184.49999999999997,5852.915183058661,5932.490441216122,868.4674117322005,6082.05578190282,-0.00035505665428351514,-0.005773354270339373,0.010001008089119133,0.0056872249791700465,0.00469612945677314,False,-85.551348663039
990,4,723.1012658229074,184.49999999999991,4182.098060917255,5315.6363837478175,28.051716413991855,4849.513629088982,-1.9909650177484106e-05,-0.004918912261048355,0.00012315575988014,0.0024502751846737164,0.0017128892218973102,False,-2.7261481268167245
991,4,711.8354430381796,184.49999999999997,4192.270945415791,5326.226816500679,51.91682830461764,4860.3423665686105,-2.482845498771212e-05,-0.004924790381208854,0.00022300612347525068,0.0024525170034845967,0.0017134800585542067,False,-3.4968530405451475
992,4,700.5696202534517,184.49999999999997,4209.273005012465,5343.719981988522,84.1478254015337,4878.66670102186,-3.2578411852277514e-05,-0.004934977941388236,0.00035178024870503687,0.0024575023138632733,0.0017151067513151291,False,-4.059997108312132
993,4,678.0379746839955,184.49999999999997,4275.804471154935,5397.807654770713,185.52726903470042,4943.897485932866,-5.850810161047565e-05,-0.0049717702038708615,0.0007495245755447657,0.002485051889541429,0.0017325115067024326,False,-3.8948469092691766
994,4,666.7721518992676,184.49999999999997,4331.832245615901,5421.121431524728,259.0535069512793,4987.109956017356,-8.24071002457113e-05,-0.004989128811867417,0.0010512979606341322,0.002509040920218985,0.0017555747899227739,False,-2.946352198104364
995,4,655.5063291145395,184.49999999999997,4422.902391648701,5418.818162167644,356.65743830186284,5033.921494840495,-0.00012712095716826957,-0.00499057373081623,0.0014845600358126,0.0025424934307405767,0.0018062464296278548,False,-5.931682071172872
996,4,644.2405063298112,184.49999999999997,4601.807927521989,5384.179083693823,486.87733816731435,5108.836584175758,-0.00021644356476740756,-0.004976269681064816,0.0021825691429658268,0.00261818413796726,0.0019282662219817389,False,-16.4599662431591
997,4,632.9746835450832,184.49999999999997,4877.88290038702,5335.741699189093,611.0853048643118,5230.395169053698,-0.00033405297623283556,-0.0049770318155467445,0.0033085008886575996,0.002850589001968052,0.002205240179253887,False,-26.740372026231967
998,4,621.7088607603552,184.49999999999997,5095.113382542902,5309.590454235286,660.3659541156834,5329.841965156505,-0.0003611090794662257,-0.0050493369156584325,0.004814734578830497,0.003360102279270437,0.0026989564413105495,False,-40.51236271684775
999,4,576.6455696214429,184.49999999999997,6147.379649879201,6327.587557954236,1000.3687933893025,6475.551794641981,-0.0002501802349605782,-0.00623680271311281,0.011430158537650704,0.00645151480064463,0.0052693545762643726,False,-75.96922820897134
1000,4,565.3797468367148,184.49999999999997,6436.297400408813,6766.552634987022,1145.5450767294399,6899.089376339449,-0.00011538277617207941,-0.0067500992422337555,0.012365965717879455,0.007016704545596883,0.005627366706207227,False,-55.18020770061071
1001,4,554.1139240519869,184.49999999999991,6721.735676462551,7233.636088929278,1292.6806719039103,7341.505415126274,-6.418598492762465e-06,-0.007250374719510989,0.012755084257864435,0.007334287196252587,0.005735413185492903,False,-30.974697824188524
1002,4,542.8481012672587,184.49999999999997,7012.853228576106,7717.766415161491,1434.9929469423575,7797.312357210424,4.223467802271292e-05,-0.0077021568927662645,0.012733114561410904,0.007451640880298141,0.005650570862941576,False,-10.908579688868258
1003,4,531.5822784825308,184.49999999999997,7309.823626825678,8202.778525647092,1561.8028883532863,8250.813142347157,3.925079914126375e-05,-0.008105803918427105,0.01253964763498682,0.007476374107176106,0.0054933133056028335,False,-4.417439973561386
1004,4,683.6708860763596,191.99999999999991,3605.4124753913834,4397.395539864265,129.0443458266191,4065.909399216658,-0.00018658636493197356,-0.003974873803000963,0.0005259651400109283,0.0019123128040371706,0.0013826517179994474,False,-35.08990074455335
1005,4,497.7848101283451,184.49999999999997,8189.8427076272565,9691.007315805293,1906.6473161419742,9619.107689396706,-1.6696831447852002e-05,-0.009281345180737076,0.012293405174372971,0.007696777244686371,0.005179374172302422,True,0.8443082427047557
1006,4,509.0506329130746,184.49999999999997,7898.891403781858,9189.452757343875,1796.849693902682,9161.770814923571,-7.371606419999293e-06,-0.008878567357365384,0.012272325850527711,0.007571461150813662,0.005232521749922379,True,0.4276855603295644
1007,4,520.3164556978027,184.49999999999997,7604.750709714196,8693.171711209427,1682.2087745250012,8705.374380246369,1.5539401313895518e-05,-0.00849045906019418,0.012355869167068533,0.007500325204631006,0.005338761996021517,False,-0.7054224492260346
1008,4,604.810126583263,191.99999999999986,4880.194109151866,4482.316609914779,533.5232684881468,4784.017438671566,-0.001432211955104653,-0.003436293618810003,0.0038507120926326447,0.0021705026454226727,0.0017667798843390868,False,-106.48330178692072
1009,4,683.6708860763596,186.99999999999991,4034.1205252145796,5055.408028329071,146.50359945201242,4636.975670455032,-9.965478362986941e-05,-0.004626900064212829,0.0005935815033798741,0.002282996322364285,0.0016033325423711962,False,-11.674748476221339
1010,4,638.6075949374471,191.99999999999991,3956.094026319526,4345.230545769268,385.14184565502836,4217.41278033015,-0.000671542913683852,-0.003645145863802321,0.0015827617126827826,0.0016842987520098533,0.001267786111188912,False,-58.39280044666742
1011,4,604.810126583263,186.99999999999986,5212.758031177477,5141.654035311051,667.2206809417028,5304.979213489989,-0.0007750729981475454,-0.0046092212764264895,0.006124528883793789,0.003612843307848189,0.0029463074119261113,False,-80.26922993437984
1012,4,616.0759493679909,191.9999999999999,4577.483252953607,4367.479095689688,510.24898540639634,4562.589861639704,-0.0012484623573715133,-0.0034029180639230023,0.002571973506449825,0.0016775523173192008,0.001366454290214027,False,-81.15921567264195
1013,4,649.8734177221753,191.99999999999991,3791.8871018681116,4394.951213631206,321.39423359513415,4163.979815437269,-0.00045871263104772575,-0.0037984432930119197,0.001275142373291422,0.0017874415351716454,0.0012967070812548085,False,-32.895322181839845
1014,4,638.6075949374471,186.99999999999991,4444.947771462169,5023.179496779926,488.4340160059825,4835.062130108106,-0.0004696307830917658,-0.004453795396394125,0.002117369833735733,0.002255926787304102,0.0016719685929699347,False,-29.475007553713226
1015,4,672.4050632916316,191.99999999999991,3651.552969313498,4417.447231495074,187.30664500056176,4101.5104429439525,-0.00024657320038676213,-0.0039493069040336965,0.0007414601869743684,0.0018881207647414272,0.001359525616476142,False,-34.339791081987414
1016,4,649.8734177221753,186.99999999999991,4239.1003042959555,5065.805511018006,378.05842131706413,4752.544969999564,-0.0002915807017864642,-0.0045469703221767965,0.0015432015295682737,0.00226328366440155,0.0016149578975426049,False,-10.95895429058055
1017,4,616.075949367991,186.9999999999999,4972.350001788837,4998.192711946149,625.3202127403612,5101.618124795271,-0.0007328815177467138,-0.004451800693395479,0.004475715551468589,0.0029095699653327576,0.0023341647240663708,False,-55.861748197341285
1018,4,582.2784810138068,191.99999999999991,5501.718951282052,5108.988368346579,750.5450662534295,5472.879418388174,-0.001458548399716158,-0.004059019406490732,0.007798387913051471,0.004110270778777915,0.0033294775839079922,False,-126.81912421690288
1019,4,582.2784810138068,186.99999999999991,5780.36525120314,5785.873469032927,870.6048757768893,5976.4831496373545,-0.0006412807435866212,-0.005373163390936133,0.009627582902308546,0.005363792173665737,0.0043750019688906395,False,-97.3657397066413
1020,4,672.4050632916316,186.99999999999991,4074.8224445246815,5078.927581539355,207.59368420693627,4672.605337787379,-0.00013174579317291315,-0.004628204220380386,0.0008325672077397446,0.0022864441029144277,0.0016022903535563365,False,-8.30994843790586
1021,4,475.2531645588202,194.49999999999991,7600.358672002055,9359.455145217122,1868.610654865028,9203.518556436347,-2.0020347830540644e-05,-0.008799082837123436,0.010648748517947912,0.0069005033002928024,0.004349848569294331,False,-10.458757507803512
1022,4,559.7468354443508,191.99999999999991,5928.991623256181,5953.1989454668765,1053.197650853241,6214.879608567458,-0.0006835277698426333,-0.005495211325893356,0.011270646640219678,0.006127392886298872,0.004894746144078438,False,-77.25156917551158
1023,4,475.2531645588202,184.49999999999991,8749.818506186348,10710.90537843757,2107.821221158247,10530.577891069186,-1.602937467634153e-07,-0.010119416126257674,0.012417021908478881,0.008009085023887724,0.005133788557231595,True,1.737386712783973
1024,4,559.7468354443508,186.99999999999991,6319.514923773764,6629.35271260514,1153.7340567773274,6781.120827633129,-0.000198359774895518,-0.006535051396021513,0.012285919548274217,0.006911900604173843,0.005511096738143051,False,-53.76927059752779
1025,4,514.6835443054387,191.99999999999991,6910.313896163152,7900.433627122071,1550.8988579982852,7924.056736550517,0.00024517492743717076,-0.007946763639545492,0.012352053105363324,0.007410821030812539,0.005406737724159419,False,-23.976728531707522
1026,4,706.2025316458156,191.99999999999991,3536.4203984212086,4362.53306468919,53.02671357591751,4014.8036755463177,-0.00010528720058123909,-0.0040021686002361685,0.00023455096390918593,0.0019519668796913084,0.0014123007768173607,False,-20.41272542811572
1027,4,514.6835443054385,186.99999999999991,7462.024948811293,8601.713386111505,1673.3523250572164,8595.662489600618,5.214731264193166e-05,-0.008405291246801786,0.01209522542007329,0.007379409613057682,0.005211901037999737,False,-8.431903699927034
1028,4,706.2025316458156,186.99999999999991,3979.215544038337,5009.723763224544,62.78079043157576,4583.507624376042,-5.6069428830700714e-05,-0.0046181790109459985,0.0002690184743803186,0.002285017219781184,0.0016120990901786019,False,-9.786658870340034
1029,4,227.4050632931952,194.49999999999997,8571.0613997631,12888.126957453838,-203.3792090274029,11367.764591935933,0.000688650414782216,-0.011847428360535024,-0.0010128106457416935,0.0062884627784754975,0.003470614075909885,False,-92.68806356700816
1030,4,227.4050632931952,184.49999999999997,9344.925343655384,14067.302093930373,-206.44435903575095,12405.103298485557,0.00013082108483597956,-0.012305179352380574,-0.0009487989192520299,0.006236071003917935,0.003155325643297528,False,-31.064948592165365
1031,4,233.0379746856089,191.99999999999991,8783.76862186694,13239.542728135997,-159.67400461325425,11671.481921016417,0.0005199145498653047,-0.011972036451866834,-0.0007083943958670577,0.006256010359042183,0.0033530659197582914,False,-94.25947825953745
1032,4,233.03797468560887,186.99999999999991,9161.906795273857,13827.73080143951,-158.99888759217984,12187.458159444264,0.00024275321495394788,-0.0121973647652449,-0.0006869237579595917,0.006229534485226724,0.0031903452417424206,False,-57.73365014565479
1033,4,469.62025316642007,191.9999999999999,8006.776025629922,9933.508838228723,1974.5907224894627,9743.957374264419,-6.037078710082114e-05,-0.009268577342105674,0.010940748103682158,0.007150018129834691,0.004434421347958959,False,-0.5586009443854891
1034,4,469.62025316642007,186.9999999999999,8594.797270677615,10614.69588638146,2095.8756337929117,10415.816514707192,-1.2214589734616932e-05,-0.009976721851936102,0.011990289708348964,0.007795166006388274,0.004915334583405539,True,1.5582135837084934
1035,4,458.35443038162026,191.99999999999991,8278.24431977303,10445.525575021793,2065.38026820388,10196.328150598061,-3.971453107720354e-05,-0.009696645814216103,0.011056262805012968,0.007339912619043567,0.004447345123108637,True,0.8565740504718633
1036,4,458.3544303816202,186.99999999999991,8847.397902737388,11120.063910490026,2177.264551914608,10852.192575228346,3.159887915807106e-05,-0.010414679022036327,0.012063622970080224,0.00797896799644587,0.004927566089406833,True,2.1427849143956337
1037,4,424.55696202722044,191.99999999999991,8920.5801316461,11880.004826691911,2227.211002161763,11384.908260102313,0.0003616714020633464,-0.011177975580399112,0.011449329614746952,0.008127893348017315,0.004774799099342294,True,2.088696048462225
1038,4,368.2278481032204,191.99999999999991,8928.518232632137,13656.06595437401,1640.2768696913574,12343.000686572757,0.0009858080651481966,-0.012729791842391397,0.006922867589414982,0.007681858116436942,0.004011971308083929,False,-2.045499310260766
1039,4,289.36708860962045,191.99999999999991,8669.831198636464,13745.065132313059,509.701520006425,12070.823539073504,0.0005740488182444895,-0.01222979491033824,0.0018779749132703954,0.0064704173744983455,0.0031153476309234915,False,-0.3919400060890439
1040,4,424.5569620272204,186.9999999999999,9381.00416239837,12523.839780820626,2277.796926231815,11955.278555891766,0.00026775650776793123,-0.011658275358241809,0.011538340074323004,0.008297040552808693,0.004822414690995965,True,0.7603855138563631
1041,4,266.83544304002027,191.99999999999991,8721.80794223673,13723.246657667609,150.8003381116475,12032.212312881351,0.00042569589567096575,-0.012097124287621224,0.0006514327587419978,0.006269876194595721,0.0030132901689299725,False,-13.96147799967639
1042,4,390.7594936728203,191.9999999999999,9054.11817625066,13134.689564040504,2009.2996998554725,12152.610839797184,0.0010008133388945647,-0.012538993363845972,0.009662740757535529,0.00831707467344913,0.004678216494833356,False,-0.16610734874348054
1043,4,356.96202531842044,191.99999999999991,8859.888787757644,13784.94617301164,1441.290835277825,12353.996847244252,0.0008792756493798093,-0.012654589828979839,0.005699698000737843,0.007342548469127561,0.003697131905904552,False,-3.942442589728671
1044,4,368.2278481032204,186.99999999999991,9302.068442935053,14199.88213638574,1613.2541277284251,12801.742894306322,0.00046771163674945296,-0.012688725937996269,0.006468936637391041,0.007330398878587051,0.0035804831742838193,False,-4.2374974037415996
1045,4,323.16455696402045,191.9999999999999,8660.354501960575,13522.620500988167,1068.274439731183,12007.328962558075,0.00046758995550408734,-0.012002736957037437,0.003844515297809757,0.006524748102048667,0.003120727027358966,False,-1.1268874768766182
1046,4,311.8987341792204,191.99999999999991,8648.626214474338,13613.903312128377,877.1570877883172,12029.287235453814,0.0005187433679313184,-0.012095258721764732,0.0031771229137310944,0.006503982601602873,0.003112085061202769,False,-1.520623281434382
1047,4,402.02531645762036,191.9999999999999,9076.765511724478,12755.981659179488,2141.217901842119,11961.359795668364,0.0008253022635130833,-0.012178330792383145,0.010669057106948222,0.00841016129755725,0.0048379916055751,True,0.5821054194975659
1048,4,390.7594936728204,186.99999999999991,9403.007718845301,13708.2023575879,1974.9263783680772,12614.833968676421,0.0005154324668910748,-0.01253326170663634,0.008858825056791104,0.007885860780870377,0.004165963743456228,False,-1.0258457068312055
1049,4,289.36708860962045,186.99999999999991,9086.064613906867,14293.552356046757,519.6546770998056,12561.85463234366,0.00027516566466506855,-0.012432566489040954,0.001856709785253482,0.006421328283871452,0.002979779818484857,False,-1.0625798043170107
1050,4,418.9240506348204,194.49999999999991,8749.64741448371,11828.314891620308,2192.873447310947,11287.066054192632,0.0005138429317966137,-0.0112143833309707,0.011245171677181155,0.008124118064749278,0.004754679170143389,True,2.279008543040618
1051,4,396.3924050652204,194.49999999999991,8869.567576480875,12691.693940796511,2069.396229722231,11833.245086596911,0.001170179842355395,-0.012382035831339637,0.010555807251499339,0.00858905722994601,0.005012122369968507,True,0.4729517320733976
1052,4,362.5949367108204,194.49999999999997,8719.10783040483,13452.533288214916,1559.8802579210244,12124.317884064913,0.0011845706622986179,-0.012713824043980885,0.006523875360043365,0.0076766907767103505,0.00406512126286705,False,-8.297807482625558
1053,4,266.83544304002027,186.99999999999991,9135.523721802927,14290.267233281644,162.7585167073623,12537.939502723795,0.00021661374213526957,-0.012398025038779249,0.0006891731921834516,0.006316725244574455,0.002959747585243323,False,-7.4804183933883905
1054,4,463.98734177402025,194.49999999999997,7850.531317635095,9871.700713406774,1959.874806049743,9649.173493180138,-4.7125289162120274e-05,-0.009168435366979652,0.010548811588023281,0.00697272764876325,0.004240033111080428,False,-0.9692569051999271
1055,4,317.53164557162046,194.49999999999997,8456.12777939715,13304.739364999723,975.5848564325012,11784.350125753805,0.000562755478530484,-0.011878406393616862,0.003526868249018418,0.006465703913243072,0.0031087552322956423,False,-2.799505817595218
1056,4,295.0000000020205,194.49999999999997,8455.752551595551,13443.904737513083,606.9064801700107,11817.994772571388,0.0007045944946183797,-0.012092416284954876,0.002238748635009651,0.006495680879308799,0.003173525581675748,False,-0.6068799344998297
1057,4,272.46835443242037,194.49999999999997,8499.746551768914,13477.320073845161,225.17058625558573,11810.256067129534,0.0005821579698323885,-0.012010232615151707,0.0009030981166589412,0.006312366569938508,0.0030649184541005716,False,-8.033041471046545
1058,4,323.16455696402045,186.9999999999999,9065.612770553527,14079.921142318679,1059.1531380325266,12496.07208176863,0.0001656171288851244,-0.012201294763578672,0.0036650098549064597,0.006449279165002163,0.0029594640455970524,False,-1.7739130466429742
1059,4,311.8987341792204,186.99999999999991,9066.577715839105,14183.343071850888,879.9880542456252,12533.906289208948,0.0002508233475382062,-0.012340782157137005,0.0030894912802875273,0.00648254358944735,0.002996877654507797,False,-0.9093019679012286
1060,4,283.73417721722046,194.49999999999997,8474.145754038314,13493.424549738227,406.46041821993276,11833.597770724755,0.0006718416944374638,-0.012094978252401271,0.0015296276574927935,0.006429063935083518,0.0031298722234336528,False,-0.5540988206648763
1061,4,328.79746835642055,194.49999999999991,8479.081790949445,13227.549090406277,1137.4220388160395,11772.280960311724,0.0004318351287704954,-0.011719283187075467,0.004017817579600713,0.006399072870905514,0.0030358826693615754,False,-10.354814868615904
1062,4,340.06329114122053,194.49999999999991,8552.45780513877,13473.345429882726,1182.7018684398756,11985.06171979615,0.0006894179050501008,-0.01214283558726128,0.004365891585972174,0.006777310289329394,0.003281813890531396,False,-13.274898866692183
1063,4,356.96202531842044,186.99999999999991,9241.0905696405,14329.519011175862,1415.4797236119778,12818.862490492573,0.0004195419892630301,-0.01267625897128754,0.005399897203374591,0.0070827059201510325,0.003352819994238431,False,-5.073121885311593
1064,4,221.77215190076788,191.9999999999999,8768.136393142871,13179.957211656607,-267.9266086028262,11629.410106495325,0.000575957179836836,-0.011988965854332572,-0.0013268518116488508,0.006317393184389366,0.0034294214221140657,False,-57.62499525914791
1065,4,261.20253164762033,194.49999999999997,8532.397771988546,13377.663990014053,76.07298146099009,11731.90165496931,0.00048415171034698,-0.011877383826588329,0.0004028025148491277,0.006184048243199662,0.0030330919633942844,False,-32.52358231764538
1066,4,430.1898734196204,194.49999999999997,8575.931288762531,11350.534453765578,2170.639028132788,10916.723302384742,0.0002650051818660184,-0.010626767367980638,0.011127621199492479,0.007785477872889171,0.004559196319216215,True,2.601445515130763
1067,4,407.6582278500204,194.49999999999997,8839.322278828893,12281.20491896051,2156.3050355500473,11591.075816268543,0.0008614806951552145,-0.0118441548380057,0.01112652304607589,0.008444416637583368,0.004955721140994208,True,1.4015430613135322
1068,4,385.12658228042045,194.49999999999997,8831.605691473655,13022.46901393334,1922.9703343536432,11986.079074010955,0.001381063367512114,-0.012745182214323754,0.009480867615663897,0.008506433814826308,0.004884373923012761,False,-0.4207022116238477
1069,4,373.8607594956204,194.49999999999997,8773.551580707664,13278.526113704176,1746.0188332095574,12080.578405650609,0.0013525154107791753,-0.012819595811873327,0.007984763127711791,0.008133344618189044,0.0045017050140895585,False,-2.2721441250514545
1070,4,306.2658227868205,194.49999999999997,8447.778355065127,13372.213988614123,795.3391422354285,11794.62840681282,0.0006714612468395508,-0.012017857265552762,0.0029176871380412594,0.006510217019125277,0.0031724298067533833,False,-2.2815407463263
1071,4,238.67088607801853,194.49999999999997,8590.988901411056,13006.86130331397,-115.43392832001155,11457.82287977403,0.0005726280901719853,-0.011803510196629,-0.00043398805922458596,0.00619187258689911,0.003318581139212839,False,-111.36174032645977
1072,4,249.93670886281993,194.49999999999997,8560.104269258858,13205.759451420687,-36.90833063475515,11602.968439372293,0.0004847721734949224,-0.011803021308248285,-2.2122154060629667e-06,0.0061438968404398655,0.0031246259857985966,False,-68.02059378051945
1073,4,452.7215189892204,194.49999999999997,8128.350981765754,10379.069038992826,2052.131338950326,10102.681667901155,-4.232040978010188e-05,-0.009581538001014364,0.010644803021250763,0.007146826281891539,0.004240587252549821,True,0.7065545672326152
1074,4,441.45569620442035,194.49999999999997,8367.905230184982,10870.579173402757,2122.183492029287,10523.228663667958,7.810851878610809e-05,-0.010082120408651734,0.010904336923089784,0.0074520939270483555,0.004379605271532292,True,2.1282225513537014
1075,4,447.0886075968203,191.99999999999991,8523.530196008418,10942.142079452848,2140.2538764664337,10623.437383124075,5.52124844547773e-05,-0.010177362067694637,0.011273992755819659,0.007612629220965151,0.004550950268329895,True,2.2208065431022987
1076,4,402.02531645762036,186.9999999999999,9444.631896204812,13357.16991913688,2126.9490005328025,12451.234597211607,0.000467988786463078,-0.012324925730440759,0.010005445749533784,0.008120461909332384,0.004456514012077164,False,-0.40227159374171606
1077,4,345.69620253362046,191.99999999999991,8787.223856828192,13804.942587389092,1251.8101018768907,12295.759744666195,0.0006767776358611986,-0.012424704186854187,0.00469679949524236,0.006958964568264638,0.0033674603749179834,False,-7.656058467262483
1078,4,244.3037974704183,191.99999999999991,8776.703112064502,13403.587311407517,-73.31441871647887,11792.51834321083,0.0004006048056580447,-0.011934355825863493,-0.00019988558144800678,0.006168290039120587,0.0031600816043097376,False,-79.13446131617593
1079,4,351.32911392602045,194.49999999999997,8646.648536851048,13533.191501919735,1365.9476337078365,12103.40825811299,0.0009677566021289614,-0.012501273422289771,0.005302458019361669,0.0072375899104222905,0.0036647338477172665,False,-10.594996558992534
1080,4,418.9240506348204,184.49999999999991,9628.397249111147,13053.53040990755,2272.537847850021,12365.653976594287,0.0001774092195384767,-0.0119720116022282,0.011031827540265547,0.008205328225953839,0.00462342611629168,True,0.07269491068745992
1081,4,396.3924050652204,184.49999999999991,9613.144432666435,13820.315393471248,2050.9298452174685,12774.032846595193,0.00024313608631638926,-0.012428535195907984,0.00909146859581389,0.007797853139060456,0.004062600889899576,False,-1.058530825183425
1082,4,413.29113924242034,191.9999999999999,9031.090676159745,12330.407810409617,2210.3760759196393,11700.419298178425,0.0006007862424570698,-0.011708765455473141,0.011255330022886891,0.008339776929392589,0.004865102389586054,True,1.4144242865631895
1083,4,255.56962025521997,191.99999999999991,8749.036510540916,13600.340103748118,23.329906554830867,11938.452643896142,0.00035655100944265915,-0.011978226848872954,0.00021333108162946069,0.006168311255205558,0.0030150358168874805,False,-37.531304064986216
1084,4,345.69620253362046,186.99999999999991,9174.330917216033,14366.692697914687,1222.430367577654,12776.870581993415,0.0003281984809115525,-0.012569530760779527,0.004479515155095722,0.006826739258546231,0.0031420849299657484,False,-5.831276607229029
1085,4,295.00000000202056,184.49999999999997,9285.984323362609,14543.173564326658,618.9609320465256,12799.806965411108,0.00013858499979172069,-0.01252974710139014,0.0021601291087785498,0.0064255893891616515,0.0029300017162771867,False,-1.868680883415891
1086,4,447.0886075968203,186.99999999999991,9069.905311024319,11610.506188862695,2239.410746531093,11260.804857627028,9.178875684092918e-05,-0.010845602736782175,0.012039713451565872,0.008132976587335587,0.004923020455395802,True,2.027684418867011
1087,4,407.6582278500204,184.49999999999997,9644.580282837893,13458.399015413774,2186.901393306525,12597.358303220137,0.0002175770750942009,-0.012231126310185069,0.010153115088509575,0.008032060164976113,0.00436132038999051,False,-0.4061857928509198
1088,4,340.06329114122053,184.49999999999991,9352.420589812873,14638.770464415124,1144.3263639163404,12991.608129061997,0.00011425075454758328,-0.012589670102746146,0.004062638440482707,0.006668857403005226,0.0029661635470273583,False,-4.331332102934084
1089,4,221.77215190076788,186.99999999999986,9173.720480202044,13754.745698279445,-267.5556665039696,12140.129425379837,0.0002738529255809821,-0.012196655338391357,-0.0012766346646718538,0.006267841981672085,0.003270657858390999,False,-44.67423108305775
1090,4,283.73417721722046,184.49999999999997,9308.504216823574,14592.54059483007,429.27517580594287,12818.291525586808,0.00013593506227441203,-0.012564478364334311,0.0015403372086438987,0.0063967401839357995,0.0029233124681119003,False,-2.009531367115869
1091,4,452.7215189892203,184.49999999999997,9231.594643778722,11703.836056111031,2258.034943051076,11377.750799706802,4.646631490602818e-05,-0.010932890278848702,0.012317980438855921,0.008250438068746146,0.005046569511045966,True,1.715627775377925
1092,4,441.45569620442046,184.49999999999997,9419.75795846303,12174.794977189871,2300.2045271805077,11753.58130333816,7.899833580962519e-05,-0.011308165862349137,0.01207861898874365,0.008300008210102376,0.004952814629796115,True,1.1093592568499844
1093,4,373.8607594956204,184.49999999999997,9516.888089984841,14383.386636614101,1696.5386474108661,13007.7907127406,0.000234766871388085,-0.012662909729219537,0.006825003166878207,0.007296073086286879,0.003500592623931329,False,-3.7490507576981145
1094,4,362.5949367108204,184.49999999999997,9458.95680146142,14549.203317644637,1500.0136611228106,13049.176917471092,0.0002272527641814521,-0.012711496026116601,0.005763296720034272,0.007082139672118821,0.0032954226963839797,False,-4.100589193492397
1095,4,249.93670886281993,184.49999999999997,9354.602492127071,14393.147087710366,-21.487460375398246,12650.315663681626,8.920717547750641e-05,-0.012438036956992972,3.085334985168863e-05,0.00626364106338544,0.002988931180446172,False,-17.64141259573853
1096,4,430.1898734196204,184.49999999999997,9555.617796887596,12624.878730679062,2308.83110366623,12085.155429612514,0.00012420258639114947,-0.011658060780725813,0.011667608693931797,0.008290880874292236,0.004817124674004533,True,0.5370974241914155
1097,4,385.12658228042045,184.49999999999997,9565.68431496919,14130.72281015829,1882.486212302473,12908.945465273047,0.0002385558911350183,-0.01256068759620131,0.007942142117491151,0.007531571138589681,0.003755735325834617,False,-2.4916911728660125
1098,4,306.26582278682054,184.49999999999997,9274.600890718924,14485.604618721802,798.7634583770017,12783.45925561522,0.00013263737786044742,-0.012487944242769625,0.0027675383886042832,0.006460231210556321,0.0029435180480185644,False,-1.4842868437890502
1099,4,261.20253164762033,184.49999999999997,9352.64937790225,14535.464050273154,95.8003633417682,12760.650448323553,9.69780219039144e-05,-0.012518797004555127,0.00046746546514193693,0.0063122163991605985,0.002941106031406049,False,-8.067198021517015
1100,4,463.98734177402025,184.49999999999997,9005.608742637925,11213.46244836375,2192.178791436482,10967.024072508717,1.9535669667590896e-05,-0.010533452688988464,0.012420032018988508,0.008148968625700893,0.00510371035388725,True,1.9546375353793337
1101,4,317.53164557162046,184.49999999999997,9265.100887106562,14399.860913720337,971.5645406218367,12752.009160387755,0.00014770242597912005,-0.012453482562409109,0.0033827145811581552,0.0065236611854303265,0.0029938773157542273,False,-0.6071782117187468
1102,4,238.67088607801858,184.49999999999997,9340.347757775948,14200.540415491972,-112.52679961418647,12501.89766959633,0.0001109945762118266,-0.012352256426311147,-0.00041748707848505577,0.006235120708787278,0.003073240597801921,False,-27.99240974011491
1103,4,328.79746835642055,184.49999999999991,9303.273272760765,14480.881992001736,1070.8788248234175,12843.970524106559,3.0217953675315576e-05,-0.012397978691351818,0.0036796705114424634,0.006480741603401631,0.002883638469543789,False,-5.20468579833414
1104,4,351.32911392602045,184.49999999999997,9396.507826872823,14630.368142192086,1300.7238818170465,13036.230682547783,0.00019812514449976616,-0.01269210064841352,0.004798637887660203,0.006877224123314125,0.0031246508351670415,False,-5.153323852584435
1105,4,272.46835443242037,184.49999999999997,9335.267569223575,14598.130364924213,247.86655583610607,12812.474049216687,0.00011723999533698531,-0.012562606921093837,0.0009610597717482825,0.00635810808552735,0.002923368574088021,False,-4.333013714005574
1106,4,244.3037974704183,186.99999999999991,9158.741818890388,13999.47498914926,-66.18230311514851,12315.170114253915,0.00020035632692273644,-0.012242629067103352,-0.00018530319086166027,0.006222182550931989,0.003075102191070779,False,-42.87554068139525
1107,4,255.56962025521997,186.99999999999991,9152.398532420973,14182.085438762202,30.63887883002387,12453.94172761798,0.0001911417222037641,-0.012325073387219021,0.000234742783689725,0.006259208113648196,0.002989851671145051,False,-19.988531853698987
1108,4,300.63291139442055,191.99999999999991,8654.200243545194,13682.939174127658,703.253089844596,12049.348757930165,0.0005649868219746151,-0.012180299319164499,0.002555236117574651,0.00649945286997434,0.003125224308130826,False,-0.45872742132632993
1109,4,413.2911392424203,186.9999999999999,9441.607732101596,12957.814332540496,2228.2930646446994,12231.19694862495,0.0003801172668119312,-0.01202781674042582,0.010916144255394585,0.008263156656698323,0.004681757596794667,True,0.17039515627357105
1110,4,334.4303797488205,191.9999999999999,8729.35137306173,13688.416853043183,1134.574900749538,12163.268948030789,0.00028459794036452614,-0.011941837417939081,0.003955343864932941,0.0064251549915282065,0.0029332863967149957,False,-13.637197775603909
1111,4,300.6329113944205,186.99999999999991,9072.193344645117,14236.805045849034,708.4720805244473,12543.446897755895,0.00026760323314451985,-0.012388282396201482,0.0024925735297795914,0.006449503156531604,0.0029887479547329276,False,-2.4215393334529836
1112,4,278.10126582482036,191.99999999999991,8692.786568791915,13772.523020125236,318.5708233596461,12076.000482411993,0.0005026517210203416,-0.01218461270725726,0.0012128273716477138,0.006372551076814844,0.0030479052412399105,False,-1.0202033528530592
1113,4,334.4303797488205,186.99999999999986,9127.957548040396,14289.24967769858,1101.9063904593177,12677.270762236614,0.0001646562741672386,-0.012341604031551509,0.0038694746927898454,0.006545597398873105,0.002941566393897486,False,-8.420740556625333
1114,4,379.4936708880204,191.99999999999991,8992.991940739928,13440.297570149216,1831.3653278547074,12276.347664638659,0.001053775430826348,-0.012719085976488702,0.008320930862368627,0.00804564481196857,0.004374896757655785,False,-0.7712037751957723
1115,4,278.10126582482036,186.99999999999991,9113.163445243326,14328.314778319138,329.6333519571372,12573.78432838609,0.00025022509858738996,-0.012439793774839872,0.0012316811509258305,0.0063748258302773675,0.0029611179580100555,False,-2.2469771316946208
1116,4,435.8227848120204,191.99999999999991,8741.599195412013,11419.00693057239,2196.815589260594,11021.201848103841,0.00018866486917558348,-0.010672180054687475,0.011428855650085397,0.007883157583270343,0.004667844797456715,True,2.532366849727623
1117,4,435.8227848120204,186.99999999999991,9254.064160845872,12077.792159054485,2277.167212188166,11631.791560456759,0.0001669688862598451,-0.011259534172608034,0.011882171127533852,0.008242435363081654,0.004891229303149148,True,1.3895575871929395
1118,4,379.4936708880204,186.99999999999991,9354.86053771138,13992.072880789152,1801.2136364511418,12733.056995100646,0.000499388602231927,-0.012639793979852206,0.007634346018303839,0.007598048401605092,0.003850016894413473,False,-2.2951633362140456
1119,4,216.1392405083383,194.49999999999991,8553.35848018602,12906.015115418088,-348.97755358824503,11388.623692783309,0.0007488203736448404,-0.011907694643358977,-0.001733396590821469,0.0063873319178807874,0.003523509070222011,False,-24.292457554684006
1120,4,216.1392405083383,184.49999999999991,9384.741027831888,14044.755174084074,-323.4797973049578,12403.065729453538,0.00013942552065964099,-0.012322763545655943,-0.001550432666789724,0.006279132061416696,0.0032217784325571843,False,-19.962402544694214
1121,4,210.50632911590233,191.99999999999986,8791.386493043357,13210.384359036581,-432.771888575286,11671.632759996399,0.0005617457934970442,-0.012002666636578615,-0.002043238069659442,0.006364732545880176,0.0034407108317470233,False,-7.358276533015669
1122,4,210.50632911590233,186.99999999999986,9209.404397955035,13764.736922102637,-405.67001636544063,12165.927323438887,0.0002789898743221856,-0.012225543360752177,-0.0019152512936666335,0.006325178632753605,0.0033194022089894225,False,-14.76381339035288
1123,4,24.620253165515294,194.49999999999991,7720.506202054546,9382.952356127491,-575.8516832468546,8729.243068992364,-0.00035571753426904645,-0.008538080915985612,-0.0022290130999428875,0.004240270330715164,0.00303299507025457,False,-18.365939118642927
1124,4,-110.56962025294814,194.49999999999991,7302.149121783896,8735.124993167541,55.01654143138919,8114.658686906791,-1.835886096037431e-05,-0.008321023678814373,0.00015046725592282652,0.004152014073697714,0.003219900241073078,False,-25.189201234236293
1125,4,80.949367089875,194.49999999999991,8182.45797861829,10596.437608836879,-745.3950460286093,9705.619219627384,-0.000166231531975817,-0.009598794173500869,-0.0029615558966149874,0.004943279562068816,0.003188545944753483,False,-7.193666572472921
1126,4,47.151898735259174,194.49999999999991,7904.284392099967,9881.001122568976,-657.37195190811,9127.215656125736,-0.00015243493147731107,-0.009095913536150538,-0.0026511188613152015,0.004664071203601768,0.0032215886496127014,False,-0.6107250463835499
1127,4,-54.240506328588424,194.49999999999991,7228.153707935523,8704.999664769713,5.384143825173535,8068.595698863241,2.995196076099701e-05,-0.00831519171456772,4.2818270984969174e-05,0.004172626761591822,0.0032126550421418976,False,-3.677520639087902
1128,4,-88.03797468320425,194.49999999999991,7269.480955032105,8698.564119598565,14.729235259877035,8079.41679491216,-1.4319366822366768e-05,-0.00828906407198558,4.8540494077746644e-05,0.004137443537838068,0.0032084724823730586,False,-21.019933572174864
1129,4,86.58227848231098,191.9999999999999,8459.452777027413,11026.570999387268,-791.1236819122769,10086.946151817996,-0.00015736621572670208,-0.00997536614800894,-0.003152548506224318,0.005155862797689422,0.0032863709931503,False,-4.2257383228945855
1130,4,-48.60759493615242,191.99999999999986,7459.600105722387,8994.264892851821,8.508923137209948,8333.608615707033,-7.608177748117427e-05,-0.008479928021777416,4.624352466910106e-05,0.004201986737287074,0.003204414340144387,False,-18.999289101972295
1131,4,41.51898734282317,191.99999999999986,8095.501273482507,10102.269317811431,-655.5980077959842,9332.71012914382,-0.00013636763269212097,-0.00932647307478073,-0.002680756855216303,0.004786556574237264,0.0033266819501033707,False,-3.0123039744319158
1132,4,30.25316455795128,191.99999999999986,7999.055366741435,9849.643231295706,-619.4651622472591,9130.373938450384,-0.00018817575348384967,-0.009093147517495468,-0.0025334390926880722,0.004629169357298465,0.0032822361870241293,False,-7.437733594562815
1133,4,-93.67088607564023,191.99999999999986,7501.6313820856485,9022.741575065498,18.402975923717072,8366.604662568681,-3.488452235910594e-05,-0.008557789415359491,5.8533474783158233e-05,0.004261552944139028,0.003272735237788574,False,-21.779511245217577
1134,4,-104.93670886051213,191.99999999999986,7521.271219137769,9037.009683665972,43.42570297807231,8382.894566241062,-3.336068862964338e-05,-0.008576945380828305,0.00012191686865454024,0.004272227262085722,0.0032865654588150623,False,-27.340781289122106
1135,4,52.784810127695174,191.99999999999986,8185.883783557944,10344.35958470218,-686.9560564023612,9526.409031220246,-6.554674521243283e-05,-0.009570179806282832,-0.0028596836810321417,0.004962757307715993,0.0033920605268706037,False,-0.5122092639974198
1136,4,-82.40506329076824,191.9999999999999,7487.387082585085,9011.4659364744,13.84157434188343,8354.383566028511,-3.425234360958056e-05,-0.008545151226301352,4.8880548889520505e-05,0.0042555196245424535,0.0032648046123080633,False,-18.797281103333944
1137,4,75.31645569743898,191.99999999999986,8369.192167881547,10822.610596636809,-744.2763641426786,9912.497755188895,-0.00011645752491231067,-0.009863279912637232,-0.0030150263007353378,0.005101248137759562,0.003322866517811381,False,-3.6135344552244533
1138,4,-59.873417721024396,191.9999999999999,7464.285022521154,9039.792801606367,-20.336272149323484,8364.153003716381,4.252511499987228e-06,-0.008586372980046298,-3.191621757802523e-05,0.004295342389756297,0.003271249486980491,False,-2.8544028174707137
1139,4,199.2405063310304,191.9999999999999,8884.122201689022,13193.273541511538,-625.1873426035065,11702.650011542177,0.000609308095009398,-0.012089553881473692,-0.002848363458697752,0.0065071935173816025,0.003600856037606593,False,-0.5296523059218998
1140,4,131.64556962179878,191.99999999999991,8839.07048630703,12017.546504366233,-957.8445263999043,10912.334710418574,-9.047696145187382e-05,-0.010754963873698226,-0.003833584206882846,0.005666296166208031,0.003334572746665649,True,0.13541573313023036
1141,4,-116.20253164538413,191.99999999999986,7525.368639462774,9080.526979192104,69.10277280634732,8412.321677174867,3.385105692599571e-05,-0.008668916778626534,0.00018937039803044547,0.004352413960872112,0.003340534879368008,False,-13.05106486361774
1142,4,18.987341773079283,191.99999999999986,7904.475090278617,9624.519504986494,-561.4386036911121,8943.207891398817,-0.00037073944330099804,-0.008744337746236862,-0.0021444587962678547,0.004321916590698534,0.003087963129612631,False,-19.91308343096648
1143,4,109.11392405205488,191.99999999999991,8650.891811674852,11502.317843762483,-884.679116674798,10487.321349362519,-0.0001435835168414514,-0.010336085503985959,-0.0035193524624370157,0.005391496511007084,0.003299644302677769,True,0.02594252580365719
1144,4,58.417721520131174,194.49999999999991,7999.898331852318,10158.034628892985,-676.2715670249648,9343.063001836319,-0.00012166662564729613,-0.009320458513940259,-0.0027372740877160094,0.0047987092440417226,0.0032338802047570197,False,-0.7891542613888305
1145,4,-76.77215189833225,194.49999999999997,7267.8844027316745,8679.094527892186,4.851497457855039,8066.6126953969815,-3.591494666026129e-05,-0.00825651409726415,2.4428167129342962e-05,0.004110317722824437,0.0031930185737177163,False,-29.69987745424328
1146,4,64.05063291256711,191.99999999999986,8277.954147680293,10603.305940716198,-709.179476092064,9730.865734372286,-9.141581488539377e-05,-0.009726839431080787,-0.0029038129047711894,0.005031737216147411,0.003348456984601574,False,-0.7757867564409935
1147,4,-71.13924050589628,191.99999999999991,7483.504765418688,9016.184284835714,-9.2399185648811,8355.957198250051,-2.9031767401652576e-05,-0.008550806538730638,-8.04103075913999e-06,0.004260889282515882,0.003264655524881387,False,-18.838389062446595
1148,4,69.68354430500305,194.49999999999991,8093.783297841753,10389.520979660329,-706.3858328925626,9531.940291263209,-0.00013282615590375627,-0.009478492068397324,-0.002841734047898841,0.004884079333583039,0.0032200813268446447,False,-4.680141901005072
1149,4,35.88607595038724,194.49999999999991,7810.544001787427,9647.492919340973,-613.6141435181902,8936.224942923223,-0.00021244508522855527,-0.008865734113758208,-0.002467781009922105,0.0044991486451384285,0.0031629148087156563,False,-6.2753729744672455
1150,4,-65.50632911346035,194.49999999999997,7262.405718558195,8707.988292105501,-21.006073301056382,8082.819849038764,-3.371885189289895e-05,-0.008270886033652221,-3.762548851487754e-05,0.004118626556803822,0.0031789663369112173,False,-21.291450530579255
1151,4,-99.30379746807618,194.49999999999991,7288.170419516125,8699.292628546946,24.58544671383864,8086.717902058962,-3.695122459341295e-05,-0.008276529560399386,7.230628970676605e-05,0.004119947795525275,0.003202562511309358,False,-30.435032194777136
1152,4,176.7088607612865,191.99999999999991,9017.742898986486,12956.245497806538,-907.9842990726692,11611.25316313318,0.00027318692738177535,-0.011699660893714155,-0.003796225223501342,0.0062801355657077455,0.0035007716771601207,False,-0.2088786260278539
1153,4,165.44303797641456,191.99999999999991,9013.29560505188,12745.872578475051,-964.6781405889109,11471.97715746678,0.00013691765240452625,-0.011451685107838533,-0.003958912080388206,0.006123085390449751,0.0034453527191332517,False,-0.21289835008474256
1154,4,-20.443037973972537,194.49999999999991,7450.329914706381,8808.40735134714,-173.0410074169165,8219.47350414353,-0.00044854242857366816,-0.008006000949774165,-0.00046258925063602714,0.0037858013720502427,0.0028960285819610225,False,-125.27362909114095
1155,4,-31.708860758844477,194.49999999999991,7356.978846639245,8731.532338213343,-56.67845698271384,8132.4494068293125,-0.0002897014239129821,-0.00807632439221036,-0.00011376659201018227,0.0038937270091736623,0.002999911885662379,False,-95.51956087986127
1156,4,-26.075949366408505,191.9999999999998,7609.185597877328,9097.213435308922,-121.60678367099547,8454.64232994185,-0.0003130158964310927,-0.00837431160082576,-0.000329497037534936,0.004034013408859601,0.0030634631497185737,False,-95.44231763977916
1157,4,-42.974683543716424,194.49999999999991,7275.651590628074,8649.267664884175,7.265551362485003,8050.840796335937,-0.00016101974354708755,-0.008119938269319277,5.346792532390638e-05,0.003979549061103475,0.0030866602590850136,False,-59.42840009868189
1158,4,-37.341772151280445,191.99999999999986,7526.551328694688,9012.59794210247,-46.793570133878006,8369.50921308775,-0.00018560820499635128,-0.008414749415818174,-9.893535385875832e-05,0.004114867958753027,0.0031486679534286147,False,-64.8948051272223
1159,4,204.87341772346642,194.49999999999991,8622.522290096129,12918.097348261681,-532.6092707139925,11431.95369642055,0.0008502325419155409,-0.012051354753861598,-0.002562803939561186,0.006576832801265142,0.0037059119970177285,False,-0.9933891904042866
1160,4,193.60759493859447,194.49999999999997,8734.777572150311,12882.307575066443,-732.9278038292309,11460.263779957237,0.0006774596419872425,-0.011918343918539959,-0.003284179585447205,0.006508458014093237,0.0036674181822969956,False,-0.5048854141364245
1161,4,182.34177215372253,194.49999999999997,8793.138803867056,12746.791151496785,-863.0177663465382,11399.564455715972,0.00044693326469211783,-0.011647696841481318,-0.003693184401247448,0.006322967824265246,0.0035521606054257984,False,-0.3340063657533392
1162,4,171.0759493688506,194.49999999999997,8802.58094886812,12548.850014899008,-935.805474209808,11274.927744475195,0.00024393623437931223,-0.01134668033553822,-0.0038830463470012912,0.006111882717375371,0.0034375543527313053,False,-0.2995977312502873
1163,4,159.81012658397864,194.49999999999997,8773.92264069431,12316.709971392533,-966.5006787584944,11109.436224829054,0.00010550217953354147,-0.0110726311378187,-0.003945085770588614,0.005926937788559135,0.003363370753606404,False,-0.2883756690418977
1164,4,148.54430379910673,194.49999999999997,8722.090342781816,12073.248757731222,-971.1440943529834,10925.364601416572,-1.4265589434973556e-05,-0.010799310742831808,-0.0039002230856110373,0.005734303337772205,0.0032870022922702907,False,-0.10886514384014845
1165,4,154.17721519154267,191.99999999999991,8977.882709490905,12513.132950925456,-986.2967412668144,11302.998629423,3.813760579326289e-05,-0.011213465749209771,-0.00400338830126187,0.005971300024889805,0.0034047818758417424,False,-0.1514377452303961
1166,4,137.27848101423479,194.49999999999997,8648.146747493991,11821.165600618397,-952.8976164282403,10724.889980090362,-9.40096391694071e-05,-0.010550032781849034,-0.003787592299744781,0.005560446820835037,0.0032326185841552997,True,0.07553870487959102
1167,4,126.01265822936283,194.49999999999997,8560.268771940784,11564.599159813099,-921.3214584894791,10515.159428980298,-0.00013979845314201543,-0.010325132871370003,-0.0036419451124995905,0.005408437884768561,0.0032011293639385608,True,0.13320090443062327
1168,4,114.74683544449088,194.49999999999997,8465.052665744337,11305.126733790123,-883.9551870778529,10300.905019692167,-0.00017597016443381816,-0.010104523123324107,-0.003470729497858771,0.005258852705315012,0.003172878334624004,False,-0.017507331860542763
1169,4,103.48101265961894,194.49999999999997,8365.1170799523,11046.544360089181,-842.6257154502605,10085.918076640779,-0.00019355805743159527,-0.009900505891389973,-0.0032966409430322512,0.005125735990042449,0.0031593267119667313,False,-0.2307475133936805
1170,4,92.215189874747,194.49999999999997,8268.34235149817,10803.936952999871,-796.9606214335228,9882.576999493433,-0.0001914407099745025,-0.00972614452836448,-0.0031259204126921044,0.005017019915520208,0.0031634235953332487,False,-2.207697111544121
1171,4,13.354430380643294,194.49999999999991,7629.0266074605715,9200.995938800696,-495.9640740572041,8567.594265555957,-0.0004993153286253162,-0.008252296395430543,-0.0018071010463565874,0.0039803997793558185,0.0028665001201769367,False,-35.79104605152099
1172,4,2.08860759577135,194.49999999999991,7576.588218584874,9069.354173580921,-389.09123236253237,8449.691600255375,-0.000564702522312662,-0.008091187521613552,-0.0013438120311826459,0.003822754478770921,0.0027979810070990646,False,-77.55547692334221
1173,4,-9.177215189100592,194.49999999999991,7515.590543691306,8963.973690023135,-276.167868245207,8348.423546488697,-0.0005366988077739905,-0.008032674593757514,-0.0008621408568744402,0.0037726959803681334,0.0028075681085269733,False,-102.58558004286249
1174,4,-121.83544303782013,194.49999999999991,7283.810958575377,8762.2170739639,46.48482188145916,8124.930762952307,0.0001289451874782208,-0.008472879764398646,0.00013271917255020272,0.0043014243827334065,0.003339954511804208,False,-2.990388533117539
1175,4,-133.10126582269208,194.49999999999991,7244.28058612609,8674.003360388568,-28.950124729569026,8055.031700003777,0.00011773282303857859,-0.008395240475226197,-8.380867796013662e-05,0.004256692914442809,0.003327172384931554,False,-1.6878923624393565
1176,4,7.721518988207322,191.99999999999986,7814.209206848519,9467.349805354139,-463.07570771647323,8795.228432798816,-0.00046220593827706334,-0.008524204748068323,-0.0016808169252661232,0.004117674414804331,0.002966119108581765,False,-40.67428110666674
1177,4,-14.81012658153656,191.99999999999986,7669.200973658826,9237.416411140572,-242.8561978969719,8572.038263525092,-0.0004060329081987509,-0.008385408131896935,-0.0007410100135676202,0.00400685427738444,0.002970920779817325,False,-75.66305115676357
1178,4,-127.46835443025607,191.99999999999986,7483.171953516234,9025.171934326461,8.114039416910527,8361.511522944842,0.00012808182016485917,-0.008712420641843062,2.453875412146402e-05,0.004420268259145082,0.0034179520564821355,False,-1.7954778322040283
1179,4,-3.54430379666462,191.99999999999986,7742.447665027849,9361.782151069996,-346.1003642988919,8687.042587684267,-0.0004657407927040355,-0.008428458711666845,-0.0011830733854967669,0.004025063331565175,0.002932294516110063,False,-63.403804189588186
1180,4,142.91139240667073,191.99999999999991,8917.938192064319,12268.976557538228,-981.4850489656841,11114.556736591861,-4.046342110349196e-05,-0.010976732248689832,-0.003947742495071057,0.005813489629229301,0.0033631799892163104,True,0.0014412472760341188
1181,4,187.97468354615845,191.99999999999991,8976.949997114309,13116.460969090323,-799.0942214387327,11696.02582375507,0.00044825493576087307,-0.011936828638187284,-0.003452836841057323,0.00642869305116995,0.00356875813670226,False,-0.30025917721513906
1182,4,97.84810126718297,191.99999999999991,8552.310854126894,11250.525894906496,-841.9836041327476,10277.410583450428,-0.00016122809444910378,-0.01013624701504826,-0.003338387520894176,0.0052594161678358635,0.0032843489980182955,False,-0.7793450371830204
1183,4,120.37974683692683,191.99999999999991,8748.608680721847,11760.87128973101,-924.2337331583407,10701.757363365663,-0.00011983002939864905,-0.010545099555236838,-0.0036897242759505373,0.005529473526451436,0.0033176564778067265,True,0.1394706064688762
1184,4,-59.873417721024396,186.9999999999999,7905.3347046660565,9658.105585464198,-3.527325369039643,8911.94705733522,1.7139595002445673e-05,-0.00915012854587018,1.3530228980163294e-05,0.004583639062845004,0.0034443517333050643,False,-0.8274386280361341
1185,4,80.949367089875,184.49999999999991,9115.656770788462,11908.869711422065,-827.0107678907052,10881.684050720583,-3.864461595797312e-05,-0.010894109154791502,-0.0034436607342060717,0.005694293406696412,0.0036696007311214063,False,-0.7109831082123037
1186,4,47.151898735259174,184.49999999999991,8841.3602379379,11186.907033288771,-736.3986186007578,10297.374110676918,-2.9021347795957126e-05,-0.010385677633241911,-0.0031188901817264057,0.0054080450576094626,0.003703023019168457,False,-0.23741728196091572
1187,4,24.620253165515294,184.49999999999991,8644.75344586323,10711.13293386672,-660.8574525638363,9908.34119544803,-6.761639088934396e-05,-0.009997444526570231,-0.0027692196935606415,0.005154368645027338,0.00365973306602988,False,-2.3599760241741023
1188,4,-54.240506328588424,184.49999999999991,8123.0913761422735,9962.94920725308,0.8014059367839268,9182.321359647307,-1.1375502260586625e-05,-0.009393365601105,2.5070102066762342e-05,0.004691011797172126,0.003495106400175391,False,-1.653663602592701
1189,4,-88.03797468320425,184.49999999999991,8153.137472079037,9975.954532285346,24.97912875382777,9201.079427030909,-9.877892811216519e-06,-0.009417249949458265,8.199302227712123e-05,0.0047038646841689085,0.003518865306810857,False,-5.01795333129985
1190,4,-110.56962025294814,184.49999999999991,8182.31136699014,10025.192871054018,60.42710656883026,9243.182143003534,-2.443557196846958e-06,-0.009465458646586116,0.0001680257893285005,0.004732253354584062,0.0035336388057879814,False,-3.2295624718632325
1191,4,-104.93670886051213,186.99999999999986,7957.980118089705,9681.596091881125,49.635467819828285,8945.624197040193,-1.604744408993982e-05,-0.009156532185094893,0.0001404420101938319,0.004570781805631605,0.0034498967084397353,False,-13.893736716916578
1192,4,199.2405063310304,186.9999999999999,9270.693382450489,13735.14353969779,-570.76455532681,12175.505577177548,0.00032588188667098103,-0.012288917086188088,-0.00261132103491896,0.006441120839439679,0.0034519096911243157,False,-0.6628787471336182
1193,4,52.784810127695174,186.99999999999986,8652.458593968322,10981.08250647688,-730.7970442545029,10101.38822092395,-4.3149714609014835e-05,-0.010166291657622492,-0.003069143782233809,0.00528908419186212,0.0035958143730696938,False,-0.2905801929377958
1194,4,-82.40506329076824,186.9999999999999,7929.082583194653,9650.373206814986,15.969619650333826,8915.27972711477,-1.5425235397985906e-05,-0.009125891775407026,5.844876454593245e-05,0.004555327014460687,0.003436404842756395,False,-10.713864829526187
1195,4,75.31645569743898,186.99999999999986,8834.90278629387,11474.825547592445,-783.9737091938135,10497.237956643843,-6.234401462425097e-05,-0.010498714718996634,-0.0032450404379741403,0.00546461620160029,0.0035538406830483292,False,-1.2616110497119735
1196,4,41.51898734282317,186.99999999999986,8560.185431256088,10750.615793556242,-696.9025317857327,9913.741437093577,-6.456007180275201e-05,-0.00997705656509966,-0.002924191692866216,0.005167409500568232,0.0035759993207684243,False,-0.4805989845631302
1197,4,-93.67088607564021,186.99999999999986,7939.6668588852945,9662.254443924305,28.83341508963157,8926.638979826095,-1.3054519693765937e-05,-0.009139944557767225,8.906076893568172e-05,0.0045636622790158335,0.0034437703403380777,False,-10.718590320261796
1198,4,30.25316455795128,186.99999999999986,8460.28303693382,10493.139275415035,-662.7313309742079,9706.959933649381,-9.163480241438011e-05,-0.009764144800007027,-0.002776448461365235,0.005031553331530609,0.0035541816691642973,False,-2.926791012625017
1199,4,18.987341773079283,186.99999999999986,8362.900289898942,10290.450895476133,-603.7521130083395,9532.41920794062,-0.000174024685267851,-0.009525717931127189,-0.002447969303612514,0.0048333921906896895,0.0034511032064605137,False,-8.958587616718432
1200,4,-116.20253164538416,186.99999999999986,7952.412996770604,9700.631340245163,50.1150286133231,8955.848852665255,5.006934102356392e-05,-0.009229652396271763,0.00014176033506653235,0.0046404022324101814,0.003503523758855056,False,-2.0681889995707934
1201,4,58.417721520131174,184.49999999999991,8933.86179614623,11446.608332975002,-758.2811720123613,10502.441765953512,-8.612322400776792e-06,-0.010589232144742264,-0.0032219976049276287,0.00553016239343577,0.0037100921402445503,False,-0.1895415077690359
1202,4,-76.77215189833225,184.49999999999997,8147.363668478153,9972.621458258458,7.255613096871443,9196.86346965195,-1.128792770870089e-05,-0.009411104338194337,3.942448164130447e-05,0.004699949543361816,0.0035135057357503587,False,-6.092043245680884
1203,4,86.58227848231098,186.9999999999999,8927.770484869003,11685.842989882725,-832.0230331910897,10677.653069007372,-8.486285907077e-05,-0.010634216147800128,-0.003402192513164079,0.005542196511922296,0.0035366236169298393,False,-1.3729282247174979
1204,4,-48.60759493615242,186.99999999999986,7916.030378853674,9636.453766095461,-7.137634951388772,8901.823983077691,-5.35780177528119e-05,-0.00907371373762074,6.208087366745707e-07,0.004510067870615718,0.003391806325136868,False,-20.259393687509714
1205,4,154.17721519154264,186.99999999999991,9421.210762836628,13141.511980818193,-1002.6834261323614,11860.257898767108,3.8774597021864405e-05,-0.011771390423722373,-0.00411515468339527,0.006253289052280423,0.0035674962519574344,False,-0.1394258199734395
1206,4,131.64556962179878,186.99999999999991,9304.119175656839,12664.648267073948,-994.4302790074761,11493.181774787747,-3.806296796140927e-05,-0.011385696102258602,-0.004050480652973492,0.006024432987234402,0.0035655272419490946,True,0.08258229555644903
1207,4,109.11392405205491,186.99999999999991,9124.181060849218,12154.77230088341,-929.372635912789,11076.011329895682,-6.918271647596577e-05,-0.010995873031625001,-0.0037851640364784623,0.005781868816097041,0.0035598846921214033,True,0.11317142562938898
1208,4,7.721518988207322,186.99999999999986,8257.878586968107,10156.575873406591,-506.53617116973084,9393.963938910982,-0.00025062243100735637,-0.009324893888387488,-0.0019395124200472873,0.0046396150408665755,0.0033177642924187654,False,-13.027452626037075
1209,4,-65.50632911346035,184.49999999999997,8140.825275046081,9991.105551884275,-7.590866832134438,9206.495238095056,-3.352348749741735e-06,-0.009425251681254045,4.0644925256014685e-06,0.004710950104595264,0.003508287703083913,False,-0.38257553654796084
1210,4,-99.30379746807618,184.49999999999991,8168.96726421666,9992.74993610233,41.53187227389872,9217.472811516029,-1.265389797160683e-05,-0.009431439046194269,0.000121889626426644,0.004709786904664855,0.003523940728967972,False,-7.251395531954586
1211,4,69.68354430500305,184.49999999999991,9024.32634056361,11689.299582196792,-785.6901879780072,10697.75975218332,-2.5836155328364897e-05,-0.010745249324507045,-0.00330338785284079,0.005608435387830045,0.0036818387905457176,False,-0.5698518656147371
1212,4,35.88607595038724,184.49999999999991,8746.852213021777,10953.375195890034,-702.0438178108535,10107.170440461254,-2.999425346736823e-05,-0.010214123999166776,-0.002988166572042921,0.005306732472518146,0.003703761726782887,False,-0.4201749453809498
1213,4,-71.13924050589628,186.99999999999991,7923.322945405438,9656.663004636182,-3.3383113060387326,8917.25073969454,-1.2648740144978775e-05,-0.009128943953876666,1.1481652202375945e-05,0.0045581512220483796,0.0034314914345645055,False,-9.045181498180455
1214,4,64.05063291256711,186.99999999999986,8746.852360752155,11254.045884600355,-749.5889357062738,10315.480982356365,-4.5990686534050324e-05,-0.010354476401049256,-0.0031319506603949138,0.005386882044966091,0.0035738678294924297,False,-0.4160313849877184
1215,4,204.87341772346642,184.49999999999991,9445.062858387812,14036.98081949488,-470.8326895745583,12422.999919840897,0.00013205205004820662,-0.012342714762547207,-0.0021874860505955193,0.006332552847197209,0.003288168337838796,False,-8.294053967860236
1216,4,193.60759493859447,184.49999999999997,9521.08432490104,13992.882934045183,-651.5198697254517,12429.715828859386,0.000146167423417816,-0.012373430398069854,-0.002879806092134142,0.006423270443086056,0.003405184928621303,False,-0.4380689552531294
1217,4,182.34177215372253,184.49999999999997,9609.674106537785,13912.214691389667,-822.6641187585075,12419.099545684365,0.0001071416595974591,-0.012338523834519737,-0.0034845584888414305,0.006462134659955956,0.0034916388861565566,False,-0.2721125703360485
1218,4,171.0759493688506,184.49999999999997,9654.060170629971,13761.078188008816,-934.8754992936942,12342.603065496118,6.597599821133204e-05,-0.012241847944703501,-0.00388285103335597,0.006452888158743749,0.0035592081708250858,False,-0.16366976658900967
1219,4,159.81012658397864,184.49999999999997,9655.023660660218,13563.372235445326,-995.1804302156679,12214.786969065157,3.1264086216440465e-05,-0.012104829952191325,-0.004099030604468745,0.00640481909200892,0.0036076758024533554,False,-0.12590580820869945
1220,4,148.54430379910673,184.49999999999997,9624.874105766337,13342.539996382717,-1020.0726851576447,12056.655931044992,9.165917198075644e-06,-0.011952221250315585,-0.004190763751404672,0.006337138230132901,0.0036462860815983556,False,-0.08881516918427224
1221,4,137.27848101423479,184.49999999999997,9570.702022537613,13108.678590189666,-1019.4719142363753,11878.320750044137,-1.0022414109299018e-05,-0.011783255504508887,-0.0041829322507868265,0.006247118127896102,0.003667843632423885,False,-0.00723626265630628
1222,4,126.01265822936283,184.49999999999997,9495.708048981223,12862.473329195831,-999.6950109471778,11682.104704146754,-2.227651064882514e-05,-0.011603977806003245,-0.004104037242310717,0.006143674116135384,0.00368019383303844,True,0.09342517481263712
1223,4,114.74683544449088,184.49999999999997,9407.50180294039,12608.9639261916,-968.8240594045002,11475.368001494026,-2.8855437739914877e-05,-0.01141970674140872,-0.003984490538562496,0.006033814263676571,0.003688013277754239,True,0.15346977443869037
1224,4,103.48101265961894,184.49999999999997,9311.211906079645,12355.320744495219,-930.1266303196227,11265.212598303935,-3.6938385196634956e-05,-0.011229658593102296,-0.00383097557620421,0.00591509424096381,0.0036860097429381455,True,0.11027004222023606
1225,4,92.215189874747,184.49999999999997,9212.385608706203,12121.391725909938,-881.1563811861173,11066.09962848279,-4.6120984840386745e-05,-0.01104744322916001,-0.0036371367064655332,0.005793484584964404,0.0036720422349497115,False,-0.2780070765943492
1226,4,13.354430380643294,184.49999999999991,8547.638964315222,10558.619975151778,-583.0859583665842,9762.954667490902,-0.00010723240914036336,-0.009828022239382476,-0.0023674368388290254,0.005002462196498422,0.003578764827713169,False,-6.794818474715839
1227,4,2.08860759577135,184.49999999999991,8438.981385810135,10448.406413038516,-468.66104722973523,9636.940681701557,-0.0001368175854895353,-0.009684624069911765,-0.001800418822398735,0.004858037582193628,0.0034801125744310705,False,-7.670627177551751
1228,4,-9.177215189100592,184.49999999999991,8332.715569095402,10329.460115395992,-346.6274871941934,9508.937572185812,-0.00012311054754638327,-0.009581220808389143,-0.001235359391850055,0.004769223273586886,0.0034353442455929786,False,-6.204345165140921
1229,4,-121.83544303782013,184.49999999999991,8156.366759281024,9973.245653155203,16.29247394560569,9200.396435842662,3.7571463643704955e-05,-0.009464969918110544,5.014733237887038e-05,0.00475133685047947,0.0035703015885719704,False,-0.7828092371673847
1230,4,-133.10126582269208,184.49999999999991,8129.305114080929,9906.378440271787,-35.980087645293096,9148.434085858762,1.0653561773121754e-05,-0.009389209010036535,-9.292276422183718e-05,0.004700160928335823,0.00354483370685861,False,-0.2744350407753018
1231,4,-14.81012658153656,186.9999999999998,8070.213744501906,9918.923640280553,-270.1929886078546,9147.927356756034,-0.00022031868874670697,-0.009134032751340171,-0.0008903997250018561,0.004479037565704263,0.0032566057515328642,False,-24.43691531517095
1232,4,187.97468354615845,186.99999999999991,9370.45709159956,13680.057202039612,-759.904862406829,12185.787144619475,0.0002659667760090138,-0.012252234208701385,-0.0032929012879830987,0.006472027402329295,0.0035200474715487463,False,-0.46807784407565123
1233,4,176.7088607612865,186.99999999999991,9430.988608246715,13549.646367597934,-892.9714746910298,12130.214196010193,0.00017138214212793286,-0.012121312329567152,-0.0037478362214609733,0.006425663656723283,0.003541752211124322,False,-0.2673291792521013
1234,4,165.44303797641456,186.99999999999991,9444.646790287516,13360.91864851713,-969.2869795153944,12014.362007303818,9.088930325158125e-05,-0.011949783331429997,-0.004002514817755969,0.006344247834888032,0.003552931629498933,False,-0.17905864720796671
1235,4,97.84810126718294,186.99999999999991,9024.93004616707,11905.52278873595,-885.6937462699485,10867.275882965125,-8.411733738318895e-05,-0.010799718136766381,-0.0036042527826845895,0.005652759030182326,0.003545662286182054,False,-0.2175315526903887
1236,4,-3.54430379666462,186.99999999999986,8150.406452785593,10045.824472738273,-382.14286219281985,9268.67097149821,-0.00024583787190839786,-0.009216202209364015,-0.0013830075599918685,0.00453817546646475,0.0032590887191977862,False,-14.923586606807248
1237,4,-20.443037973972537,184.49999999999991,8245.893348110862,10187.238373334096,-226.3511298192362,9376.854811031557,-0.0001024698561816332,-0.009482758638969746,-0.000730664575567829,0.004704351399781117,0.0034290513818300943,False,-13.050074813032552
1238,4,-31.708860758844477,184.49999999999991,8181.048800712924,10066.18502194147,-119.89853640848703,9270.858452764513,-6.71542387213036e-05,-0.009421407349058983,-0.0003460736033882661,0.004680326329200356,0.0034518407211526075,False,-15.60394087499617
1239,4,-26.075949366408505,186.9999999999998,8004.977305133671,9783.633346802339,-154.41761439324887,9030.665236646239,-0.00016652350696766055,-0.009083554032039066,-0.0004623324091742856,0.004464504021770731,0.0033025451605688187,False,-37.58016817931832
1240,4,-42.974683543716424,184.49999999999991,8144.122676604396,9977.80797066647,-41.545226528753595,9199.351712588794,-4.12846532763379e-05,-0.009382119283304513,-9.746289217803379e-05,0.0046706715416759215,0.003478526991078925,False,-16.695087095628423
1241,4,-37.341772151280445,186.99999999999986,7951.0775341386425,9679.771283933951,-69.33228573943755,8942.450165888906,-0.00010543247036966316,-0.009062608915028088,-0.0001801539534615459,0.004479493981123637,0.0033549397300215687,False,-35.0246755159028
1242,4,142.91139240667073,186.99999999999991,9374.041572869091,12908.867806026521,-1009.8588715485117,11686.004654813281,-6.792688148610578e-06,-0.01158032018887711,-0.004123337669045231,0.006143054051998205,0.0035685846963954978,False,-0.030034086916202796
1243,4,120.37974683692686,186.99999999999991,9218.445616761745,12411.401097577751,-965.4181867679399,11287.377355893503,-5.477237450193915e-05,-0.0111927479169546,-0.003933077583829077,0.005906005385721647,0.0035652908450172897,True,0.1513700652189982
1244,4,-127.4683544302561,186.99999999999986,7920.104621849851,9629.48328939403,-11.714079088322856,8898.814651084565,7.057139537397428e-05,-0.009196357109220793,-2.7890758636291756e-05,0.0046334852380170675,0.0035223686527163975,False,-0.8169027874599806
1245,4,728.0912356494415,191.99999999999986,3505.1595436759053,4348.679244188711,14.559261004911463,3994.3680296824964,-6.910585731769968e-05,-0.004014890312371899,6.900940180920425e-05,0.0019731939377114855,0.0014246919447012997,False,-8.782490096699803
1246,4,728.0912356494415,186.9999999999999,3955.0880544307497,4990.92611303314,17.850403268269066,4562.178059276463,-3.688914973452259e-05,-0.004615038217346701,8.023204644729593e-05,0.002289426023403867,0.0016158709885525284,False,-4.995229008578235
1247,4,-138.09123564930243,191.99999999999986,7463.092489277683,8930.694064315596,-42.38345829345224,8295.169633653974,-1.2024003995568474e-05,-0.008512745003872934,-0.00011546440975530094,0.004250752567124913,0.003296420687596051,False,-14.248151197098082
1248,4,-138.09123564930243,186.99999999999986,7915.639750792555,9566.172162363282,-40.546072494172954,8857.288627167885,-1.6942729901557602e-05,-0.009073599464939477,-0.00010774906664384325,0.0045286488348532375,0.0034554825350268524,False,-15.014966363191661
